timestamp,open,high,low,close,volume,prev_close,avg_daily_vol,vwap,ema9,ema20,ema200,macd,macd_signal,tr,atr14,pdi,mdi,dx,adx14,mom5,mom15
2025-04-23 13:30:00+00:00,3.0,3.039099931716919,2.970000028610229,3.005000114440918,77888.0,2.869999885559082,642086.6666666666,3.004700024922689,3.005000114440918,3.005000114440918,3.005000114440918,0.0,0.0,0.0690999031066899,,,,,,,
2025-04-23 13:31:00+00:00,3.0,3.059999942779541,3.0,3.0199999809265137,6625.0,2.869999885559082,642086.6666666666,3.0064219947151636,3.0080000877380373,3.006428673153832,3.0051493668437597,0.001196570545859199,0.00023931410917183983,0.059999942779541016,,,,,,,
2025-04-23 13:32:00+00:00,3.015000104904175,3.079900026321411,3.015000104904175,3.0299999713897705,7995.0,2.869999885559082,642086.6666666666,3.009465136126957,3.012400064468384,3.008673558700112,3.005396636540735,0.0029181384971388447,0.0007750789867652408,0.06489992141723633,,,,,,,
2025-04-23 13:33:00+00:00,3.0299999713897705,3.119999885559082,3.0299999713897705,3.0999999046325684,8416.0,2.869999885559082,642086.6666666666,3.015624960141515,3.029920032501221,3.0173713059317744,3.0063379625914,0.009817730415690562,0.002583609272550305,0.08999991416931152,,,,,,,
2025-04-23 13:34:00+00:00,3.0799999237060547,3.150000095367432,3.0799999237060547,3.150000095367432,15446.0,2.869999885559082,642086.6666666666,3.0303637312011147,3.0539360450744635,3.030002619211361,3.0077674365493707,0.019100129835961877,0.00588691338523262,0.0700001716613774,,,,,,,
2025-04-23 13:35:00+00:00,3.150000095367432,3.180000066757202,3.115000009536743,3.115000009536743,9200.0,2.869999885559082,642086.6666666666,3.0381521143300243,3.0661488379669195,3.0380976087661593,3.0088344273253647,0.023362970058102395,0.009382124719806576,0.06500005722045898,,,,,,0.036605620933991556,
2025-04-23 13:36:00+00:00,3.101099967956543,3.130000114440918,3.0999999046325684,3.0999999046325684,4874.0,2.869999885559082,642086.6666666666,3.0408366875630075,3.0729190513000497,3.043993065515341,3.009741546502551,0.02523996790294447,0.012553693356434154,0.03000020980834961,,,,,,0.02649004112957365,
2025-04-23 13:37:00+00:00,3.119999885559082,3.139899969100952,3.030100107192993,3.1092000007629395,17253.0,2.869999885559082,642086.6666666666,3.0469378559863984,3.0801752411926278,3.0502032498246363,3.010731182863351,0.02715682610057968,0.01547431990526326,0.10979986190795898,,,,,,0.026138623802310468,
2025-04-23 13:38:00+00:00,3.130000114440918,3.190000057220459,3.109999895095825,3.140000104904175,20264.0,2.869999885559082,642086.6666666666,3.0589698455919025,3.0921402139349374,3.058755331260783,3.0120174407941054,0.03080614694360495,0.0185406853129316,0.08080005645751953,,,,,,0.012903290807148471,
2025-04-23 13:39:00+00:00,3.190000057220459,3.25,3.150000095367432,3.248199939727783,16744.0,2.869999885559082,642086.6666666666,3.07321109173009,3.1233521590935065,3.0767976749243067,3.014367515410361,0.04194556010348727,0.023221660271042735,0.1099998950958252,,,,,,0.031174552821369605,
2025-04-23 13:40:00+00:00,3.25,3.25,3.1809000968933105,3.25,6392.0,2.869999885559082,642086.6666666666,3.078354060177747,3.148681727274805,3.093293134455325,3.0167121172470743,0.05033860302706472,0.028645048822247134,0.06909990310668945,,,,,,0.04333868059388335,
2025-04-23 13:41:00+00:00,3.25,3.400000095367432,3.190000057220459,3.36899995803833,71224.0,2.869999885559082,642086.6666666666,3.143873983138474,3.19274537342751,3.119550927177516,3.020217468896739,0.06583356375911231,0.03608275180962017,0.2100000381469731,,,,,,0.08677421344554692,
2025-04-23 13:42:00+00:00,3.3399999141693115,3.400000095367432,3.3011999130249023,3.352499961853028,16446.0,2.869999885559082,642086.6666666666,3.1561072521774554,3.224696291112614,3.1417365495275646,3.0235237623589906,0.0759070112038085,0.04404760368845784,0.09880018234252974,,,,,,0.07825162775967676,
2025-04-23 13:43:00+00:00,3.3580000400543213,3.359999895095825,3.299999952316284,3.3399999141693115,11375.0,2.869999885559082,642086.6666666666,3.1630553871222213,3.2477570157239537,3.1606187747315406,3.0266727787949144,0.08193712136714781,0.05162550722419583,0.059999942779541016,0.0848214285714287,34.602115028782876,42.29049682617185,9.998856342520709,,0.06369420464437847,
2025-04-23 13:44:00+00:00,3.3199000358581543,3.340100049972534,3.2811999320983887,3.319999933242798,6049.0,2.869999885559082,642086.6666666666,3.166133307650558,3.262205599227723,3.1757979326849934,3.0295914569486246,0.08413237020904862,0.05812687982116639,0.05890011787414551,0.08409287248338981,34.901897647912946,44.25376496950659,11.81452723956556,,0.022104548626102005,
2025-04-23 13:45:00+00:00,3.319999933242798,3.3896000385284424,3.2948999404907227,3.341200113296509,10705.0,2.869999885559082,642086.6666666666,3.1722643187129824,3.2780045020414805,3.1915505213146615,3.0326920405938775,0.08658470352013259,0.06381844456095963,0.09470009803771973,0.08657145500183115,36.26237287788841,41.641877305744934,6.905277202689369,,0.028061573322002653,0.11188019502559676
2025-04-23 13:46:00+00:00,3.312700033187866,3.38129997253418,3.312700033187866,3.38129997253418,9775.0,2.869999885559082,642086.6666666666,3.178010983380936,3.2986635961400204,3.2096218976212825,3.0361607762350746,0.090718176184299,0.06919839088562751,0.06859993934631392,0.08683574199676526,34.51508398579568,41.74545799710017,9.481146898911577,,0.0036509393437369475,0.11963575956607198
2025-04-23 13:47:00+00:00,3.312700033187866,3.38129997253418,3.312700033187866,3.38129997253418,0.0,2.869999885559082,642086.6666666666,3.178010983380936,3.3151908714188525,3.22597219047013,3.039594997093772,0.09292282654871098,0.07394327801824421,0.06859993934631392,0.08530717236655115,31.77593731927215,41.237516367191155,12.958678942307289,,0.008590607310621223,0.1159405955318471
2025-04-23 13:48:00+00:00,3.312700033187866,3.38129997253418,3.312700033187866,3.38129997253418,0.0,2.869999885559082,642086.6666666666,3.178010983380936,3.328412691641918,3.240765312571468,3.042995046600642,0.09359116712996007,0.0778728558405874,0.06859993934631392,0.08520715577261805,29.2983391647176,37.094459631937184,11.742418769085532,,0.012365287253350177,0.09074196017917391
2025-04-23 13:49:00+00:00,3.3598999977111816,3.359999895095825,3.3299999237060547,3.358799934387207,56446.0,2.869999885559082,642086.6666666666,3.20396935297613,3.334490140190976,3.252006705125348,3.046137383792548,0.09125335494536868,0.08054895566154366,0.051300048828125444,0.08422858374459422,27.09463388438639,36.02439099347252,14.147489012015045,,0.01168674756764565,0.06628566117405765
2025-04-23 13:50:00+00:00,3.359999895095825,3.359999895095825,3.3011999130249023,3.3011999130249023,4249.0,2.869999885559082,642086.6666666666,3.205284821312582,3.3278320947577615,3.256691772544353,3.0486753194068004,0.08378693794055758,0.08119655211734644,0.05879998207092285,0.08628571033477803,26.448674181457445,36.30791445114671,15.710287134006288,,-0.011971806211912628,0.059775249732936686
2025-04-23 13:51:00+00:00,3.299999952316284,3.305000066757202,3.2988998889923096,3.2988998889923096,7877.0,2.869999885559082,642086.6666666666,3.2072405295838062,3.3220456536046714,3.260711593158444,3.051165116119094,0.07679886642774303,0.08031701497942577,0.006100177764892578,0.0788785900388447,28.035863603792126,33.59591827834313,9.021408281175548,,-0.024369350312363536,0.06416128725117365
2025-04-23 13:52:00+00:00,3.309999942779541,3.309999942779541,3.251199960708618,3.2799999713897705,8067.0,2.869999885559082,642086.6666666666,3.208741068882055,3.3136365171616915,3.2625485815614272,3.0534420798531308,0.06894099513256924,0.07804181101005446,0.05879998207092285,0.0773071561540878,24.4386821796957,31.30369538821042,12.315608892268129,,-0.029958892132391446,0.054933735554136165
2025-04-23 13:53:00+00:00,3.264899969100952,3.2850000858306885,3.259999990463257,3.2799999713897705,6943.0,2.869999885559082,642086.6666666666,3.2098904315829166,3.3069092080073075,3.264210618687936,3.0556963872316047,0.06199889089694821,0.07483322698743322,0.02500009536743164,0.07123574188777397,20.505352522519214,30.843243132110683,20.132762109258078,,-0.029958892132391446,0.04458594325106491
2025-04-23 13:54:00+00:00,3.2799999713897705,3.3399999141693115,3.25,3.331199884414673,27585.0,2.869999885559082,642086.6666666666,3.2161558979341174,3.3117673432887806,3.2705905487571485,3.0584377155617846,0.059937703820918564,0.0718541223541303,0.08999991416931152,0.0727285998208184,25.48612129042891,28.157499504758228,4.979861863778207,,-0.008217235474481943,0.025552597200603877
2025-04-23 13:55:00+00:00,3.3499999046325684,3.389400005340576,3.349900007247925,3.389400005340576,20476.0,2.869999885559082,642086.6666666666,3.223467170144234,3.32729387569914,3.2819057350984275,3.0617308726740116,0.06228250759508791,0.06993979940232183,0.05820012092590332,0.061885748590741994,18.340223454001897,43.57105373303452,40.75320591886561,,0.026717585920101428,0.042892309335561984
2025-04-23 13:56:00+00:00,3.370500087738037,3.370500087738037,3.352400064468384,3.352400064468384,2646.0,2.869999885559082,642086.6666666666,3.2242590821960913,3.3323151134529887,3.2886194807527094,3.064623103438135,0.060458270168007644,0.068043493555459,0.03699994087219238,0.05747144562857504,19.748910878414815,33.40789714638581,25.695647980966637,14.689798327672397,0.01621758079249158,-0.0049272465944498745
2025-04-23 13:57:00+00:00,3.368799924850464,3.369999885559082,3.309999942779541,3.3299999237060547,10255.0,2.869999885559082,642086.6666666666,3.2267584348432337,3.331852075503602,3.2925604753196946,3.0672636688139354,0.056553135368964114,0.06574542191816002,0.059999942779541016,0.05747144562857504,19.748910878414815,38.52847243252653,32.22444194845297,16.27734015666756,0.015243888034272901,-0.006711420851004735
2025-04-23 13:58:00+00:00,3.2732999324798584,3.3299999237060547,3.2732999324798584,3.3299999237060547,4116.0,2.869999885559082,642086.6666666666,3.2275044620372033,3.331481645144093,3.2961261370707766,3.0698779599073895,0.05284907664756,0.06316615286404002,0.05669999122619629,0.0573142937251501,19.8030610516682,40.864920918374835,34.716598744139326,17.91320240699426,0.015243888034272901,-0.002994009197675007
2025-04-23 13:59:00+00:00,3.299999952316284,3.3399999141693115,3.299999952316284,3.3399999141693115,1949.0,2.869999885559082,642086.6666666666,3.2279180620079306,3.333185298949137,3.300304592032542,3.072565740546812,0.050142487695977955,0.06056141983042761,0.039999961853027344,0.05340714114052921,15.968943404204126,45.59317823742425,48.12088024787661,20.85717405307906,0.0026416997058058556,0.006024090761646228
2025-04-23 14:00:00+00:00,3.309999942779541,3.3499999046325684,3.309999942779541,3.3499999046325684,1486.0,2.869999885559082,642086.6666666666,3.2282627975555225,3.3365482200858234,3.3050374789468298,3.075326279492939,0.04824823647233778,0.05809878315880965,0.039999961853027344,0.051364285605294456,17.994684568671545,46.32180241926385,44.043322602346045,23.325900889038667,-0.01162450600281062,0.0026337217280223424
2025-04-23 14:01:00+00:00,3.3399999141693115,3.3522000312805176,3.3299999237060547,3.3299999237060547,827.0,2.869999885559082,642086.6666666666,3.2284549989575475,3.33523856080987,3.3074148546381847,3.0778603456045124,0.04461885898421025,0.055402798323889765,0.02220010757446289,0.0480500119073051,19.562936003393904,52.48996193171803,45.69840613208499,25.664452831165644,-0.0066818220771873715,-0.015171694095415522
2025-04-23 14:02:00+00:00,3.3350000381469727,3.358799934387207,3.310100078582764,3.3350000381469727,6619.0,2.869999885559082,642086.6666666666,3.229930800718138,3.3351908562772907,3.310042014972355,3.0804189495104075,0.041665722115759696,0.05265538308226375,0.048699855804442915,0.04662857736860003,21.17031075491172,57.13845879646836,45.931187844749836,28.106507765141664,0.0015015359025454256,-0.01369293903625679
2025-04-23 14:03:00+00:00,3.310100078582764,3.3499999046325684,3.310100078582764,3.3499999046325684,5582.0,2.869999885559082,642086.6666666666,3.2311678137604627,3.3381526659483463,3.3138475282733277,3.0831013470738124,0.04007375839584393,0.050139058144979785,0.03989982604980424,0.045814275741577086,21.546591252928224,55.456827790676336,44.03731283483118,30.241495181057104,0.006006000415836432,-0.00925681488062513
2025-04-23 14:04:00+00:00,3.3350000381469727,3.3499999046325684,3.316999912261963,3.3320000171661377,4830.0,2.869999885559082,642086.6666666666,3.232178551398505,3.3369221361919044,3.3155763367393094,3.0855779507563232,0.03693392390689798,0.04749803129736342,0.03299999237060547,0.04397141933441156,22.44961586173272,54.22350700790424,41.44071606447398,32.0793829618048,-0.0023951788050160516,-0.007979015643859388
2025-04-23 14:05:00+00:00,3.3299999237060547,3.330300092697144,3.289999961853028,3.317199945449829,2619.0,2.869999885559082,642086.6666666666,3.232608525611498,3.3329776980434893,3.315730966140311,3.0878826472209355,0.03287240770135824,0.04457290657816239,0.04200005531310991,0.04653569630214137,21.212564792057975,55.02684634493006,44.35275804021376,34.603050801736096,-0.009791032870592464,0.0048467323538323726
2025-04-23 14:06:00+00:00,3.2699999809265137,3.302999973297119,3.261199951171875,3.299999952316284,3903.0,2.869999885559082,642086.6666666666,3.233047448292075,3.3263821488980483,3.3142327743475466,3.0899932671721335,0.02794361455301564,0.041247048173133044,0.0559999942779541,0.04633569717407217,20.533371262740573,52.35085142698366,43.654825406718594,36.841566267053985,-0.009009000623754537,0.0003334636881966446
2025-04-23 14:07:00+00:00,3.309999942779541,3.309999942779541,3.2780001163482666,3.2950000762939453,7735.0,2.869999885559082,642086.6666666666,3.233993874029838,3.320105734377228,3.312401088818632,3.092033135919614,0.023364728220731656,0.03767058418265277,0.031999826431274414,0.04683567796434666,21.38173073042249,53.01208674414214,42.51745250811214,38.440472724115,-0.011993991422936445,0.004573202754577732
2025-04-23 14:08:00+00:00,3.289999961853028,3.289999961853028,3.289999961853028,3.289999961853028,2388.0,2.869999885559082,642086.6666666666,3.2342596216473587,3.3140845798723877,3.310267648155241,3.094002955083131,0.019112147426981085,0.03395889683151843,0.005000114440917525,0.0407642636980328,14.92905508153114,61.25810882621305,60.80952665567422,42.428305923536136,-0.017910431190332088,0.0030487776068546246
2025-04-23 14:09:00+00:00,3.303999900817871,3.303999900817871,3.277400016784668,3.277400016784668,1194.0,2.869999885559082,642086.6666666666,3.23438271568129,3.306747667254844,3.30713739754852,3.095827801468221,0.01455742728480569,0.030078602922175884,0.026599884033203125,0.038507103919982785,9.237612592193202,48.65517367955306,68.08717221232973,44.380732087355,-0.01638655465191352,-0.016150297039127737
2025-04-23 14:10:00+00:00,3.2950000762939453,3.319200038909912,3.2606000900268555,3.319200038909912,4380.0,2.869999885559082,642086.6666666666,3.2349446649473155,3.309238141585858,3.308286220535319,3.098050410795999,0.014157492445117548,0.02689438082676422,0.05859994888305664,0.04004996163504452,11.592673352201558,49.33117720296102,61.94372730362751,46.9698806104022,0.0006029463080230446,-0.020711620440211242
2025-04-23 14:11:00+00:00,3.276099920272827,3.276099920272827,3.276099920272827,3.276099920272827,1615.0,2.869999885559082,642086.6666666666,3.235074872990584,3.302610497323252,3.305220858605558,3.0998220477062164,0.010244628135905653,0.023564430288592505,0.04310011863708496,0.038842831339154796,11.952942331864985,45.91752851225934,58.69070302171703,48.86032782992107,-0.007242434057213143,-0.022759856439644843
2025-04-23 14:12:00+00:00,3.2699999809265137,3.2699999809265137,3.180000066757202,3.2100000381469727,11329.0,2.869999885559082,642086.6666666666,3.234747569106077,3.2840884054879966,3.2961522090380737,3.1009183461185628,0.0017893207367585262,0.019209408378225712,0.096099853515625,0.041657107216971134,11.145424010962643,53.00059359408973,65.24983334246836,51.041273158373144,-0.025796672588419667,-0.03603600249501826
2025-04-23 14:13:00+00:00,3.20770001411438,3.259999990463257,3.150000095367432,3.220000028610229,28038.0,2.869999885559082,642086.6666666666,3.2334855834323966,3.2712707301124437,3.288899620425898,3.102103238481664,-0.004057878934869308,0.014555950915606708,0.10999989509582475,0.04665710244859952,8.42010324424015,47.825998086663795,70.05977998473719,52.60833742529176,-0.021276575700436395,-0.033033002287100266
2025-04-23 14:14:00+00:00,3.171099901199341,3.220000028610229,3.171099901199341,3.220000028610229,5128.0,2.869999885559082,642086.6666666666,3.233210351939071,3.2610165898120007,3.282337754538691,3.1032763408710027,-0.00859277464415209,0.00992620580365495,0.04890012741088823,0.0472928285598753,6.796572042172815,48.85956197356407,75.5765571491147,54.86071132148952,-0.017513879258093112,-0.03592811037210086
2025-04-23 14:15:00+00:00,3.1900999546051025,3.220000028610229,3.1900999546051025,3.220000028610229,1834.0,2.869999885559082,642086.6666666666,3.233134009199579,3.2528132775716463,3.2764008282597903,3.104437770599751,-0.012047832255194901,0.00553139819188498,0.02990007400512651,0.04784282616206555,6.3899637744482956,48.14858847780434,76.5671675885589,57.06562285409479,-0.02988672244420143,-0.038805934245719875
2025-04-23 14:16:00+00:00,3.200000047683716,3.220000028610229,3.1700000762939453,3.2149999141693115,21228.0,2.869999885559082,642086.6666666666,3.231978349550046,3.24525060489118,3.270553122155935,3.105537891431289,-0.015016358518333828,0.0014218468498412183,0.049999952316283736,0.04793569019862561,5.394138687137499,48.085118779478314,79.8271743376214,59.48676474644276,-0.018650226669041037,-0.03453453818964547
2025-04-23 14:17:00+00:00,3.210400104522705,3.240000009536743,3.210400104522705,3.240000009536743,3213.0,2.869999885559082,642086.6666666666,3.231968150618245,3.2442004858202926,3.2676433019064883,3.1068758229547266,-0.01517669076335304,-0.0018978606727976335,0.029599905014038086,0.04719998155321375,8.504850095342247,54.9484322204364,73.19334860246501,61.56933872984518,0.009345785368615855,-0.02848576537438796
2025-04-23 14:18:00+00:00,3.190500020980835,3.2149999141693115,3.190000057220459,3.2149999141693115,3149.0,2.869999885559082,642086.6666666666,3.2318318097063194,3.2383603714900966,3.262629645931519,3.107951684558852,-0.01712366305570301,-0.004943021149378709,0.04999995231628418,0.04841426440647651,8.29153912662364,55.56203564109603,74.02952252309821,63.897110619746904,-0.0015528305579163293,-0.040298505763111
2025-04-23 14:19:00+00:00,3.2149999141693115,3.220000028610229,3.2149999141693115,3.220000028610229,682.0,2.869999885559082,642086.6666666666,3.2318160745968854,3.2346883029141233,3.25856968237711,3.1090665934548856,-0.01805505771048299,-0.007565428461599566,0.005000114440917525,0.045771411487034196,9.550587507799364,58.4580771207005,71.91361553716767,65.86574329810075,0.0,-0.03361344177037684
2025-04-23 14:20:00+00:00,3.220000028610229,3.220000028610229,3.220000028610229,3.220000028610229,2279.0,2.869999885559082,642086.6666666666,3.2317702257520913,3.231750648053345,3.2548963820183596,3.1101704087300632,-0.018579027223937672,-0.009768148214067187,0.0,0.041771411895751766,10.465144722744494,59.98622814155762,70.29115460134004,67.76833824057373,0.0,-0.02930179622513507
2025-04-23 14:21:00+00:00,3.220000028610229,3.220000028610229,3.220000028610229,3.220000028610229,0.0,2.869999885559082,642086.6666666666,3.2317702257520913,3.2294005241647223,3.251572919789014,3.111263240768672,-0.018777817843038225,-0.011570082139861396,0.0,0.03948571000780359,9.804663222938183,60.419535661652816,72.07611228416711,69.8796710817205,0.0015552455907947849,-0.024242401473340225
2025-04-23 14:22:00+00:00,3.220000028610229,3.220000028610229,3.220000028610229,3.220000028610229,0.0,2.869999885559082,642086.6666666666,3.2317702257520913,3.2275204250538243,3.248565977771987,3.1123451988566475,-0.018719573252953925,-0.012999980362479902,0.0,0.03912855897630948,9.894156566806146,58.78046986493535,71.18540840803742,70.6208054926036,-0.006172833601125083,-0.022761774187293082
2025-04-23 14:23:00+00:00,3.220000028610229,3.220000028610229,3.220000028610229,3.220000028610229,0.0,2.869999885559082,642086.6666666666,3.2317702257520913,3.226016345765106,3.2458454111851527,3.113416391192504,-0.01846061155698564,-0.01409210660138105,0.0,0.037228567259652116,7.71301572547281,59.36289351992684,77.00212844747445,71.25758808082821,0.0015552455907947849,-0.021276575700436395
2025-04-23 14:24:00+00:00,3.2197999954223637,3.2197999954223637,3.2197999954223637,3.2197999954223637,165.0,2.869999885559082,642086.6666666666,3.231766863917336,3.2247730756965574,3.2433648953982206,3.1144749345181744,-0.01806330106308529,-0.014886345493721897,0.00020003318786532276,0.033057144709995594,5.401921773158269,63.26695254914158,84.26675309164337,72.85208992282935,-6.21221074806888e-05,-0.0175749133664842
2025-04-23 14:25:00+00:00,3.2100000381469727,3.2599000930786133,3.200000047683716,3.2599000930786133,14544.0,2.869999885559082,642086.6666666666,3.231964147958029,3.231798479172969,3.2449396761296865,3.1159219510212632,-0.014347300138726204,-0.01477853642272276,0.05990004539489746,0.03425713947841077,13.5738530951666,61.94737689825156,64.05288129880938,73.23510265690739,0.012391324258964387,-0.017865734254080667
2025-04-23 14:26:00+00:00,3.2300000190734863,3.2300000190734863,3.2300000190734863,3.2300000190734863,300.0,2.869999885559082,642086.6666666666,3.231963169720127,3.2314387871530728,3.2435168516481436,3.117057056176012,-0.013657592495962767,-0.014554347637370763,0.029900074005126953,0.029528583799089483,15.747500181668663,55.87799017951169,56.02822374475915,72.576416257071,0.003105587072796734,-0.014071579720163596
2025-04-23 14:27:00+00:00,3.240000009536743,3.255800008773804,3.220000028610229,3.220000028610229,8508.0,2.869999885559082,642086.6666666666,3.231962754464757,3.229151035444504,3.241277154215961,3.118081364359437,-0.013759301217408648,-0.014395338353378341,0.03579998016357511,0.024228589875357365,26.798382522357137,62.20506090845007,39.78124555778417,70.41366379800293,0.0,0.0031152617895384704
2025-04-23 14:28:00+00:00,3.244999885559082,3.2850000858306885,3.2307000160217285,3.2850000858306885,4985.0,2.869999885559082,642086.6666666666,3.232245559220635,3.240320845521741,3.2454412429411734,3.119742247160146,-0.008496996634374643,-0.013215670009577603,0.06500005722045943,0.02537858486175531,33.80247571359451,56.45927459860425,25.101218186711485,66.80828244354555,0.02018635299469662,0.02018635299469662
2025-04-23 14:29:00+00:00,3.288800001144409,3.288800001144409,3.261199951171875,3.261199951171875,1798.0,2.869999885559082,642086.6666666666,3.232356630150012,3.2444966666517683,3.2469420722964784,3.1211497865035462,-0.006175862798405429,-0.011807708567343169,0.02760004997253418,0.025214297430855855,35.099183433631104,60.08489858772524,26.2498882412798,63.21419106159705,0.012857927762087717,0.012795006893036698
2025-04-23 14:30:00+00:00,3.299999952316284,3.319499969482422,3.2901999950408936,3.319499969482422,3298.0,2.869999885559082,642086.6666666666,3.2327676037359354,3.259497327217899,3.2538523482189494,3.1231234201650278,0.0003637832664962204,-0.009373410200575291,0.058300018310546875,0.02580715928758894,42.789937726136095,61.16795334310411,17.6783267031913,58.77498765913776,0.01828273097397992,0.030900602480782524
2025-04-23 14:31:00+00:00,3.305000066757202,3.3199000358581543,3.305000066757202,3.308799982070923,2835.0,2.869999885559082,642086.6666666666,3.233124225674816,3.269357858188504,3.2590854562048515,3.124970948144191,0.0046297316632486485,-0.006572781827810504,0.014899969100952148,0.024757163865225657,38.94983102286686,56.3761782483472,18.28078963832449,54.852662018842004,0.024396273229756904,0.02917576062388405
2025-04-23 14:32:00+00:00,3.3066999912261963,3.3066999912261963,3.259999990463257,3.259999990463257,11581.0,2.869999885559082,642086.6666666666,3.2338978532098306,3.2674862846434545,3.259172554705652,3.1263145207045797,0.004026361627462727,-0.004452953136755858,0.048799991607666016,0.024671452386038645,39.085147240932045,63.694214316973536,23.943588190297152,51.27509528078478,0.012422348291186713,0.006172833601125083
2025-04-23 14:33:00+00:00,3.3066999912261963,3.3066999912261963,3.259999990463257,3.259999990463257,0.0,2.869999885559082,642086.6666666666,3.2338978532098306,3.265989025807415,3.2592513581111384,3.127644724383771,0.0035077513529584436,-0.002860812238812998,0.04670000076293945,0.027650015694754497,33.58306397571825,50.374595963577534,20.000000000000156,47.566979885272815,-0.007610378908440629,0.013996913684388712
2025-04-23 14:34:00+00:00,3.2850000858306885,3.2850000858306885,3.2850000858306885,3.2850000858306885,367.0,2.869999885559082,642086.6666666666,3.2339273544822036,3.26979123781207,3.2617036178939527,3.129210449373293,0.005055767989390336,-0.0012774961931723314,0.02500009536743164,0.029435736792428186,31.545744975047214,52.17180009650136,24.637673147040132,44.30601692425139,0.007297968543836575,0.02018635299469662
2025-04-23 14:35:00+00:00,3.2850000858306885,3.299999952316284,3.2850000858306885,3.2850000858306885,1468.0,2.869999885559082,642086.6666666666,3.234056539014039,3.272833007415794,3.263922329126023,3.130760595009685,0.0062109859468297834,0.0002202002348280917,0.014999866485595703,0.03050715582711359,33.949875738812445,50.339513271273496,19.444484916719343,40.5466149694337,-0.010393096541318148,0.02018635299469662
2025-04-23 14:36:00+00:00,3.2850000858306885,3.299999952316284,3.2799999713897705,3.2799999713897705,10960.0,2.869999885559082,642086.6666666666,3.234946162225784,3.2742664002105895,3.2654535331511414,3.13224556392889,0.006646421246438994,0.001505444437150272,0.019999980926513672,0.03193572589329314,32.431207386227165,49.20603602460232,20.548009630797885,36.929657913916586,-0.008704065170819675,0.01863352243678018
2025-04-23 14:37:00+00:00,3.2799999713897705,3.2799999713897705,3.2799999713897705,3.2799999713897705,200.0,2.869999885559082,642086.6666666666,3.234960060280117,3.275413114446426,3.266838908221487,3.1337157570379537,0.006911831566685844,0.002586721863057387,0.0,0.03193572589329314,32.431207386227165,49.20603602460232,20.548009630797885,32.89722085558255,0.006134963492337775,0.01863352243678018
2025-04-23 14:38:00+00:00,3.2799999713897705,3.2799999713897705,3.25,3.2788000106811523,5830.0,2.869999885559082,642086.6666666666,3.23526877002339,3.2760904936933715,3.2679780608366933,3.135159381452314,0.0069452834526111396,0.003458434180968138,0.029999971389770508,0.03406429290771494,30.40468658137108,52.37998584186901,26.54513041755881,28.774247807433653,0.00576687738432291,0.01826086383493042
2025-04-23 14:39:00+00:00,3.23009991645813,3.23009991645813,3.23009991645813,3.23009991645813,0.0,2.869999885559082,642086.6666666666,3.23526877002339,3.2668923782463235,3.2643706185149255,3.1361040633926702,0.0030074358645042487,0.0033682345176753604,0.04870009422302246,0.03326429639543815,22.52519853703083,53.66121124995396,40.86819788460778,27.118198992133536,-0.016712379889839757,0.0031989319368934677
2025-04-23 14:40:00+00:00,3.227400064468384,3.2400999069213867,3.211199998855591,3.2400999069213867,3650.0,2.869999885559082,642086.6666666666,3.235242124864198,3.2615338839813366,3.262059122172684,3.137138847905394,0.0006856749037740251,0.0028317225948950937,0.0288999080657959,0.03319285597120022,24.725603139511488,51.38805588035054,35.02978714225449,25.618310663383202,-0.013668242842053924,-0.0060738628767385006
2025-04-23 14:41:00+00:00,3.2300000190734863,3.2395999431610107,3.220000028610229,3.2395999431610107,7250.0,2.869999885559082,642086.6666666666,3.2352184098995957,3.2571470958172717,3.2599201527430006,3.138158361291022,-0.0011810656919708507,0.002029164937521905,0.02009987831115767,0.03207142012459897,19.844077394195615,52.917681317642554,45.454651604051925,26.02355395240233,-0.012317081884498315,0.0029721127030450933
2025-04-23 14:42:00+00:00,3.22979998588562,3.2300000190734863,3.2049999237060547,3.2049999237060547,5175.0,2.869999885559082,642086.6666666666,3.235049435392183,3.246717661395029,3.254689654739482,3.1388234514643063,-0.005390267816758776,0.000545278386665769,0.034600019454956055,0.029899988855634448,14.309562661791201,57.787991923610065,60.30499857012157,28.53810969407448,-0.02286586839570537,-0.004658417630713063
2025-04-23 14:43:00+00:00,3.180999994277954,3.2284998893737797,3.180999994277954,3.2284998893737797,4169.0,2.869999885559082,642086.6666666666,3.23491107362967,3.243074106990779,3.2521953913713197,3.1397157543290777,-0.006752007059930953,-0.0009141787026535756,0.04749989509582564,0.03132140636444098,12.79359895954817,53.6831482801496,61.50955186354773,31.05665709566505,-0.015341015354249365,-0.017199450526839577
2025-04-23 14:44:00+00:00,3.180999994277954,3.2284998893737797,3.180999994277954,3.2284998893737797,0.0,2.869999885559082,642086.6666666666,3.23491107362967,3.2401592634673793,3.2499386768953635,3.1405991785583787,-0.007741950830963962,-0.0022797331283156527,0.04749989509582564,0.030549968991960892,5.938730209342521,48.25826605912662,78.08465185072417,35.37139460620311,-0.0004953490993259146,-0.01002700303191928
2025-04-23 14:45:00+00:00,3.2100000381469727,3.2100000381469727,3.2100000381469727,3.2100000381469727,1454.0,2.869999885559082,642086.6666666666,3.2348574828834638,3.2341274184032978,3.2461349970145643,3.141289734375181,-0.0099050920505106,-0.003804804912754642,0.018499851226807085,0.03080710342952196,5.796403650412552,51.14784347825084,79.6418288319247,39.75432597717455,-0.009289796499828862,-0.03298687523486332
2025-04-23 14:46:00+00:00,3.21970009803772,3.21970009803772,3.21970009803772,3.21970009803772,5125.0,2.869999885559082,642086.6666666666,3.234743412990168,3.2312419543301827,3.2436173875881984,3.142069936998689,-0.01071318831897905,-0.005186481593999524,0.009700059890747514,0.02801425116402778,8.84751648020315,47.24645046455777,68.45465934361236,42.93368820241135,-0.006142685971241679,-0.026928156587282315
2025-04-23 14:47:00+00:00,3.220000028610229,3.248800039291382,3.200400114059448,3.20989990234375,6056.0,2.869999885559082,642086.6666666666,3.2346108141967083,3.226973543932896,3.2404061985172983,3.142744862026998,-0.012006006552551352,-0.0065503865857098895,0.04839992523193404,0.028135674340384536,16.196991285210412,51.94227586866416,52.45915619070639,45.25219935889037,0.0015288545255343067,-0.015368125234990426
2025-04-23 14:48:00+00:00,3.220000028610229,3.248800039291382,3.200400114059448,3.20989990234375,0.0,2.869999885559082,642086.6666666666,3.2346108141967083,3.2235588156150667,3.23750083697696,3.143413071383384,-0.012882077743498144,-0.00781672481726754,0.04839992523193404,0.029807090759277566,15.288753799391984,43.038713805790856,47.57614404629677,46.890661565980125,-0.00576118558691896,-0.015368125234990426
2025-04-23 14:49:00+00:00,3.220000028610229,3.220000028610229,3.220000028610229,3.220000028610229,578.0,2.869999885559082,642086.6666666666,3.234598532904525,3.222847058214099,3.2358340933229854,3.144175130659273,-0.012615945923198701,-0.008776569038453773,0.010100126266479048,0.029457109315054946,11.833183117124051,48.302711002706,60.645191061615854,49.833569147758446,-0.0026327585735799186,-0.019786927099584073
2025-04-23 14:50:00+00:00,3.220000028610229,3.220000028610229,3.220000028610229,3.220000028610229,0.0,2.869999885559082,642086.6666666666,3.234598532904525,3.222277652293325,3.2343260871598654,3.1449296072557997,-0.012263666623269831,-0.009473988555416986,0.0,0.0280285392488754,12.436301639949777,49.49038274003026,59.83540289791377,52.63981152398101,0.0031152617895384704,-0.019786927099584073
2025-04-23 14:51:00+00:00,3.234999895095825,3.240000009536743,3.2249999046325684,3.240000009536743,1606.0,2.869999885559082,642086.6666666666,3.2345994683048396,3.225822123742009,3.234866460719568,3.145875581407849,-0.010252467364249451,-0.009629684317183479,0.019999980926514116,0.02945710931505498,16.68284453807502,48.302653190181665,48.65671535567522,54.64757621861511,0.006304907563097206,-0.012195110427418387
2025-04-23 14:52:00+00:00,3.220000028610229,3.25,3.220000028610229,3.220000028610229,8248.0,2.869999885559082,642086.6666666666,3.234545078469803,3.2246577047156535,3.233450610042488,3.14661313809643,-0.01015534428805287,-0.009734816311357357,0.029999971389770952,0.029457109315055012,19.10767524855044,42.240547507730945,37.70748559592454,55.44488730278409,0.003146554900077758,-0.018292665641127637
2025-04-23 14:53:00+00:00,3.2300000190734863,3.2300000190734863,3.2039999961853027,3.2100000381469727,1989.0,2.869999885559082,642086.6666666666,3.2344885532006824,3.221726171401918,3.231217222242915,3.147243853519819,-0.010761240327553878,-0.009940101114596662,0.026000022888183594,0.027835675648280805,20.220701148595417,43.700283508654984,36.73219754977028,55.149458707438555,3.1195927059801676e-05,-0.020983278123110294
2025-04-23 14:54:00+00:00,3.200599908828736,3.200599908828736,3.200599908828736,3.200599908828736,1035.0,2.869999885559082,642086.6666666666,3.234438483042106,3.2175009188872816,3.228301287632041,3.1477747595427936,-0.011863177850240714,-0.010324716461725472,0.00940012931823686,0.026442834309169445,18.584557521268955,41.815254422855,38.46153846153831,55.39458380167311,-0.006024881866186327,-0.009132846782566872
2025-04-23 14:55:00+00:00,3.2100000381469727,3.2100000381469727,3.2100000381469727,3.2100000381469727,705.0,2.869999885559082,642086.6666666666,3.2344139127540905,3.2160007427392197,3.2265583114906056,3.1483939165438306,-0.011841458438353047,-0.010628064857050987,0.00940012931823686,0.025678566523960816,21.752466422433898,43.22672251653331,33.047898018963366,54.50838711702393,-0.003105587072796512,-0.009289796499828862
2025-04-23 14:56:00+00:00,3.2100000381469727,3.2100000381469727,3.200000047683716,3.200000047683716,2108.0,2.869999885559082,642086.6666666666,3.2343207584262865,3.212800603728119,3.2240289530328066,3.148907410386019,-0.012487216446753546,-0.0109998951749915,0.009999990463256836,0.0239214215959823,23.35029102879518,44.90891823856384,31.58347048136377,52.456849396398376,-0.012345667202249944,-0.012223699275243138
2025-04-23 14:57:00+00:00,3.180000066757202,3.180000066757202,3.180000066757202,3.180000066757202,7150.0,2.869999885559082,642086.6666666666,3.233774091836422,3.206240496333936,3.219835725768463,3.149216790051404,-0.014446287821299197,-0.01168917370425304,0.019999980926513672,0.021957142012460018,25.439201320997054,47.62523762360113,30.365026575276726,50.23224044723616,-0.012422348291186491,-0.007800267564419872
2025-04-23 14:58:00+00:00,3.1700000762939453,3.179500102996826,3.150399923324585,3.159899950027466,8099.0,2.869999885559082,642086.6666666666,3.232979407224538,3.196972387072642,3.214127556650273,3.149323090150668,-0.01741997085590752,-0.012835333134583937,0.029600143432617188,0.020678588322230844,27.012102924269303,60.79446441101191,38.4736159400786,47.4028807393329,-0.015607503901597486,-0.0212482396459428
2025-04-23 14:59:00+00:00,3.180000066757202,3.180000066757202,3.150000095367432,3.150000095367432,8219.0,2.869999885559082,642086.6666666666,3.232154114407276,3.1875779287316,3.2080201793852408,3.1493298265209844,-0.020340993310535627,-0.014336465169774274,0.029999971389770064,0.021500025476728198,26.146170217990324,48.97000919613437,30.384717588355265,43.884515650506515,-0.015809477879983103,-0.024314634256213052
2025-04-23 15:00:00+00:00,3.101300001144409,3.125,3.101300001144409,3.106100082397461,2500.0,2.869999885559082,642086.6666666666,3.2317381153281683,3.1712823594647723,3.198313503481643,3.1488996798132876,-0.025899732811788923,-0.016649118698177204,0.048700094223022905,0.024285742214747868,20.294095991416786,54.82344773905823,45.96709374781241,42.27826096509224,-0.03236758707625742,-0.03236758707625742
2025-04-23 15:01:00+00:00,3.1198999881744385,3.1198999881744385,3.1198999881744385,3.1198999881744385,218.0,2.869999885559082,642086.6666666666,3.231704694705697,3.161005885206706,3.1908455496428614,3.1486111256676272,-0.028858869762906192,-0.019091068911123003,0.013799905776977539,0.02181431225367955,13.064838220622011,60.80540727058666,64.62760307957319,43.14743574286843,-0.0250312682236542,-0.03099670988739167
2025-04-23 15:02:00+00:00,3.125,3.14520001411438,3.125,3.14520001411438,2065.0,2.869999885559082,642086.6666666666,3.2314415142453354,3.157844710988241,3.186498355783006,3.1485771842591377,-0.028830170207883477,-0.021038889170475097,0.025300025939941406,0.020164319447108645,23.09599055448488,67.58754246005668,49.06243771781295,43.25359957654816,-0.010943412551028486,-0.020156356957464205
2025-04-23 15:03:00+00:00,3.125,3.14520001411438,3.125,3.14520001411438,0.0,2.869999885559082,642086.6666666666,3.2314415142453354,3.155315771613469,3.182565180385994,3.1485435805761055,-0.02847913585328854,-0.022526938507037787,0.020200014114379883,0.02088574000767299,22.298225072079948,58.54987214778657,44.839208741202924,42.124600839375816,-0.004652025743080324,-0.020156356957464205
2025-04-23 15:04:00+00:00,3.125,3.14520001411438,3.125,3.14520001411438,0.0,2.869999885559082,642086.6666666666,3.2314415142453354,3.1532926201136515,3.179006593122031,3.148510311258079,-0.02787956038056283,-0.023597462881742796,0.020200014114379883,0.022328598158700124,20.857329608333504,54.76642100277531,44.839208741202924,41.05344411389647,-0.0015238352722946047,-0.023229817960012
2025-04-23 15:05:00+00:00,3.119800090789795,3.119999885559082,3.119800090789795,3.119999885559082,887.0,2.869999885559082,642086.6666666666,3.2313064797148567,3.146634073202738,3.1733869066874645,3.1482266254302282,-0.02910235839488351,-0.02469844198437094,0.02539992332458496,0.0227143083299909,14.213856754061615,53.89933947622919,58.26401478502184,41.73967978742122,0.004475001704031589,-0.03105594477100293
2025-04-23 15:06:00+00:00,3.119999885559082,3.119999885559082,3.119999885559082,3.119999885559082,204.0,2.869999885559082,642086.6666666666,3.231275488083996,3.141307235674007,3.1683024284847616,3.147945762346933,-0.029728740219267635,-0.025704501631350282,0.0,0.020571453230721546,12.222248897108317,57.84714903875179,65.11387493782584,43.69727902612846,3.201941889874327e-05,-0.03703707519273092
2025-04-23 15:07:00+00:00,3.125,3.125,3.125,3.125,2257.0,2.869999885559082,642086.6666666666,3.2309491090616675,3.1380457885392055,3.164178387676689,3.1477174463036803,-0.0294818366195031,-0.026459968628980847,0.005000114440917969,0.019071459770202574,15.056242582917175,58.277084797402445,58.937516895059645,45.28337326507771,-0.006422489515366392,-0.02950311421308638
2025-04-23 15:08:00+00:00,3.119999885559082,3.1398000717163086,3.119999885559082,3.1398000717163086,2607.0,2.869999885559082,642086.6666666666,3.230603588802682,3.138396645174626,3.16185664329951,3.14763866645704,-0.027771785780557945,-0.026722332059296267,0.019800186157226562,0.01981432097298755,19.827039403455988,56.66900443660597,48.16192208603521,45.97625780968462,-0.0017168836238835583,-0.02186914816087926
2025-04-23 15:09:00+00:00,3.119999885559082,3.1398000717163086,3.119999885559082,3.1398000717163086,0.0,2.869999885559082,642086.6666666666,3.230603588802682,3.1386773304829623,3.159756017434443,3.147560670489471,-0.026115514772488968,-0.02660096860193481,0.019800186157226562,0.020557182175772532,15.844367144027576,51.35499862068737,52.843700342341215,47.390243689925896,-0.0017168836238835583,-0.018996387816144433
2025-04-23 15:10:00+00:00,3.130000114440918,3.130000114440918,3.119999885559082,3.119999885559082,4607.0,2.869999885559082,642086.6666666666,3.2299376826737807,3.134941841498186,3.1559697191605993,3.147286433823497,-0.026099755872470265,-0.026500726056041903,0.019800186157226562,0.021257196153913225,15.322601319630708,46.303640040120875,50.272478147148604,48.72517280891053,0.0,-0.028037430379547534
2025-04-23 15:11:00+00:00,3.139400005340576,3.139400005340576,3.120500087738037,3.130000114440918,665.0,2.869999885559082,642086.6666666666,3.229848182928028,3.133953496086733,3.1534964234730105,3.1471144306455607,-0.024992236984474392,-0.0261990282417284,0.01940011978149414,0.02121434892926897,18.51848581373544,39.83159831485929,36.52627553055963,49.16526202000216,0.0032052016822570195,-0.02187497881241174
2025-04-23 15:12:00+00:00,3.140000104904175,3.140000104904175,3.140000104904175,3.140000104904175,2024.0,2.869999885559082,642086.6666666666,3.2296040289031063,3.1351628178502216,3.152211059799788,3.1470436413347014,-0.02304199090154624,-0.02556762077369197,0.009999990463256836,0.01981433800288609,20.04326589617732,39.00497033527202,32.11222832257201,48.71087719018026,0.004800033569335893,-0.012578604092237433
2025-04-23 15:13:00+00:00,3.134999990463257,3.190000057220459,3.134999990463257,3.190000057220459,7743.0,2.869999885559082,642086.6666666666,3.229007926580347,3.146130265724269,3.15581001193509,3.1474710683584406,-0.01726283334807821,-0.02390666328856922,0.05500006675720215,0.021600059100559812,34.755247126015334,37.30160419628175,3.5338167343408173,46.792955700607806,0.0159882745262534,0.009525651972851712
2025-04-23 15:14:00+00:00,3.134999990463257,3.190000057220459,3.134999990463257,3.190000057220459,0.0,2.869999885559082,642086.6666666666,3.229007926580347,3.1549042240235075,3.159066206724173,3.1478942423769682,-0.012538275910482621,-0.0216329858129519,0.05500006675720215,0.02205005713871547,34.04596129859397,20.764528473839285,24.231552901456716,45.24041706872525,0.0159882745262534,0.012698400203813742
2025-04-23 15:15:00+00:00,3.134999990463257,3.190000057220459,3.134999990463257,3.190000057220459,0.0,2.869999885559082,642086.6666666666,3.229007926580347,3.161923390662898,3.1620122877238193,3.1483132057087446,-0.008693813235324033,-0.019045151297426326,0.05500006675720215,0.024992925780160085,30.0371152453238,13.003759221745023,39.574837255249626,43.45093379555929,0.02243595327851544,0.027011355911699786
2025-04-23 15:16:00+00:00,3.180000066757202,3.1991000175476074,3.180000066757202,3.1991000175476074,956.0,2.869999885559082,642086.6666666666,3.2289619049716864,3.1693587160398398,3.165544452468942,3.1488185471200767,-0.004856772273015952,-0.01620747549254425,0.019099950790405273,0.024550063269478933,25.86553975968135,24.847286252779924,2.0078816089862936,40.08989407350024,0.022076645552785212,0.025385438531160043
2025-04-23 15:17:00+00:00,3.180000066757202,3.180000066757202,3.180000066757202,3.180000066757202,2630.0,2.869999885559082,642086.6666666666,3.2287916099075673,3.1714869861833126,3.166921177639253,3.149128810997063,-0.0033188385647662244,-0.013629748106988646,0.019099950790405273,0.024471487317766463,25.948591900190124,24.92706886425066,2.007881608986296,37.03051356405619,0.012738840928875783,0.011064495894268722
2025-04-23 15:18:00+00:00,3.184999942779541,3.184999942779541,3.184999942779541,3.184999942779541,200.0,2.869999885559082,642086.6666666666,3.228780030263292,3.1741895775025584,3.168642964795471,3.1494857376814656,-0.0016772327167515755,-0.011239245028941233,0.004999876022338867,0.02338576316833496,28.68044258085752,27.61149358659732,1.898938048747047,33.963351371737915,-0.0015674339659024206,0.01265418049299094
2025-04-23 15:19:00+00:00,3.184999942779541,3.184999942779541,3.184999942779541,3.184999942779541,0.0,2.869999885559082,642086.6666666666,3.228780030263292,3.176351650557955,3.170200772222525,3.1498391128565713,-0.00037196052566601523,-0.00906578812828619,0.0,0.021571482930864607,31.09262538456741,28.211952003776794,4.85742164879972,30.148594719150623,-0.0015674339659024206,0.01265418049299094
2025-04-23 15:20:00+00:00,3.190000057220459,3.2197999954223637,3.190000057220459,3.2188000679016118,2998.0,2.869999885559082,642086.6666666666,3.228704042677881,3.184841334026687,3.1748292765729142,3.150525291513736,0.0033512337708270223,-0.006582383748463548,0.03480005264282271,0.024057200976780515,38.21250207943263,26.72221258702643,17.69514126831348,26.76154231418545,0.00902821635252482,0.03166672627131373
2025-04-23 15:21:00+00:00,3.219899892807007,3.219899892807007,3.2018001079559326,3.2018001079559326,6040.0,2.869999885559082,642086.6666666666,3.228539344671947,3.188233088812536,3.177397927180821,3.1510354886922656,0.004873953480152959,-0.004291116302740246,0.01809978485107422,0.024992891720363102,35.38143172236909,27.66517056205787,12.23898018405538,23.42593254911372,0.0008440156273685773,0.026218020960661947
2025-04-23 15:22:00+00:00,3.2100000381469727,3.2100000381469727,3.2100000381469727,3.2100000381469727,435.0,2.869999885559082,642086.6666666666,3.228528814124869,3.1925864786794236,3.1805028901299783,3.1516222006271386,0.006665549353352507,-0.0020997831715216953,0.008199930191040039,0.02416430200849264,32.219821358851036,29.559655346901227,4.305905704931492,20.29335995046345,0.009433953069178047,0.027200012207031277
2025-04-23 15:23:00+00:00,3.2100000381469727,3.2100000381469727,3.1810998916625977,3.191200017929077,4988.0,2.869999885559082,642086.6666666666,3.2283060232267076,3.1923091865293545,3.1815216642060826,3.1520160097545213,0.006493543944849023,-0.00038111774824755164,0.028900146484375,0.024814299174717527,31.375840538273877,37.10433449408479,8.365185914177424,17.116323205594608,0.0019466484335712853,0.016370451951952303
2025-04-23 15:24:00+00:00,3.194999933242798,3.194999933242798,3.194999933242798,3.194999933242798,1537.0,2.869999885559082,642086.6666666666,3.2282397434375105,3.1928473358720435,3.182805308876246,3.152443710485748,0.006587908519397612,0.0010126875052814811,0.003799915313720703,0.023671422685895678,32.89069289607418,43.090104115707085,13.423669691239787,14.48426545874398,0.003139714487570666,0.01758069312238586
2025-04-23 15:25:00+00:00,3.180000066757202,3.190000057220459,3.180000066757202,3.190000057220459,5371.0,2.869999885559082,642086.6666666666,3.227952638521337,3.192277880141727,3.1834905230042665,3.152817405478133,0.006187914488906099,0.002047732902006405,0.014999866485595703,0.02335711887904579,30.458697402036798,48.104096429112985,22.460248887024523,13.479549269920042,-0.008947436955886512,0.02243595327851544
2025-04-23 15:26:00+00:00,3.180000066757202,3.190000057220459,3.180000066757202,3.190000057220459,0.0,2.869999885559082,642086.6666666666,3.227952638521337,3.1918223155574736,3.184110478643904,3.1531873821123853,0.00580401130844832,0.002798988583294788,0.009999990463256836,0.02335711887904579,30.275180527525304,42.14078230538602,16.385340073760755,12.356200109290668,-0.003685442669001282,0.019169310091305958
2025-04-23 15:27:00+00:00,3.1600000858306885,3.1600000858306885,3.150000095367432,3.1600000858306885,6694.0,2.869999885559082,642086.6666666666,3.2273443058575886,3.185457869612117,3.1818142507569314,3.153255170209085,0.0030439297734821125,0.0028479768213322534,0.0399999618530269,0.022285682814461843,15.705081914473327,52.179584463339516,53.73010503707413,15.94164927377162,-0.01557630894769324,0.0063694204644377805
2025-04-23 15:28:00+00:00,3.1549999713897705,3.1549999713897705,3.1549999713897705,3.1549999713897705,200.0,2.869999885559082,642086.6666666666,3.2273258652298527,3.179366289967648,3.179260509864821,3.153272531414863,0.0004479145439795218,0.002367964365861707,0.005000114440917969,0.018714257649012973,18.702236588024817,64.0458783553822,54.797190000483695,18.124909066559262,-0.011343709681600811,-0.01097181354322141
2025-04-23 15:29:00+00:00,3.1549999713897705,3.1549999713897705,3.1549999713897705,3.1549999713897705,1146.0,2.869999885559082,642086.6666666666,3.2272203814346456,3.174493026252073,3.1769499823910063,3.153289719872325,-0.0015911049611170291,0.0015761505004659598,0.0,0.014785681452069963,23.671446950596565,81.06295761783562,54.7971900004837,19.21221997693312,-0.012519550137338853,-0.01097181354322141
2025-04-23 15:30:00+00:00,3.150000095367432,3.150000095367432,3.140000104904175,3.140000104904175,7724.0,2.869999885559082,642086.6666666666,3.2264038070727974,3.1675944419824935,3.1734309464398796,3.1531574848975175,-0.0043670656609862135,0.00038750726817552523,0.014999866485595703,0.01449281828744071,19.664826526223763,67.91528303616079,55.09293919707595,23.004009804653812,-0.015673965962198277,-0.015673965962198277
2025-04-23 15:31:00+00:00,3.150000095367432,3.150000095367432,3.140000104904175,3.140000104904175,0.0,2.869999885559082,642086.6666666666,3.2264038070727974,3.16207557456683,3.170247056769812,3.1530265656936036,-0.00649219651517452,-0.0009884334884944837,0.00999999046325728,0.013842821121215852,20.588199110787375,71.10428194977142,55.092939197075964,26.795799632374504,-0.015673965962198277,-0.018473918389315558
2025-04-23 15:32:00+00:00,3.1210999488830566,3.1210999488830566,3.1210999488830566,3.1210999488830566,1260.0,2.869999885559082,642086.6666666666,3.2262368576820855,3.1538804494300754,3.165566379828216,3.152708887914394,-0.009590904684497303,-0.0027089277276950477,0.018900156021118164,0.014835698263985802,16.803075453764848,73.03812405585164,62.59383101409667,31.131149129899477,-0.012310169585772579,-0.018522049257127415
2025-04-23 15:33:00+00:00,3.1210999488830566,3.1549999713897705,3.1210999488830566,3.1549999713897705,1213.0,2.869999885559082,642086.6666666666,3.2261110762350156,3.1541043538220146,3.1645600552150306,3.1527316847648956,-0.009205094136456538,-0.004008161009447346,0.03390002250671387,0.01725712844303679,28.47683360915302,62.78979575523738,37.59639463520309,33.46964720035686,0.0,-0.00941914346271211
2025-04-23 15:34:00+00:00,3.150000095367432,3.150000095367432,3.150000095367432,3.150000095367432,800.0,2.869999885559082,642086.6666666666,3.226034655943016,3.1532835021310985,3.163173392372402,3.1527045047708913,-0.009196770066281168,-0.005045882820814111,0.004999876022338423,0.015128544398716486,16.052870934043987,82.90857678037531,67.5573239785881,37.03123167966219,-0.0015847467726397557,-0.010988963278148356
2025-04-23 15:35:00+00:00,3.130000114440918,3.134999990463257,3.0999999046325684,3.0999999046325684,19434.0,2.869999885559082,642086.6666666666,3.2233115002292463,3.142626782631393,3.157156869730513,3.152180080888918,-0.01307406106631781,-0.006651518469914851,0.050000190734863725,0.017407144818987166,13.910553420626286,87.7308854260423,72.62818476701992,41.34474629273109,-0.01273891685835693,-0.03690821447835102
2025-04-23 15:36:00+00:00,3.0899999141693115,3.0899999141693115,3.0710999965667725,3.0710999965667725,2273.0,2.869999885559082,642086.6666666666,3.222906284014271,3.128321425418469,3.148960977048252,3.151373313880738,-0.018268238293062122,-0.008974862434544307,0.0288999080657959,0.01888571466718401,12.82149085551149,88.69143911399185,74.73919655483624,46.37569563915285,-0.02194270892850969,-0.04082082171975465
2025-04-23 15:37:00+00:00,3.0899999141693115,3.0899999141693115,3.0710999965667725,3.0710999965667725,0.0,2.869999885559082,642086.6666666666,3.222906284014271,3.11687713964813,3.1415456455738253,3.150574574404977,-0.022129565313524502,-0.011605803010340346,0.018899917602539062,0.01817141260419573,13.325492254200913,80.81769022426735,71.69100958054267,50.89896875817895,-0.016019977935720298,-0.04327104047649255
2025-04-23 15:38:00+00:00,3.0850000381469727,3.0850000381469727,3.0850000381469727,3.0850000381469727,218.0,2.869999885559082,642086.6666666666,3.2228695623348025,3.1105017193478988,3.1361603496284105,3.1499220914571366,-0.023793797521864946,-0.014043401912645267,0.013900041580200195,0.018892850194658552,12.816648383395243,77.73160638294996,71.69100958054266,55.06092160741486,-0.022186983796377957,-0.03327901077508222
2025-04-23 15:39:00+00:00,3.0899999141693115,3.0999999046325684,3.0799999237060547,3.0799999237060547,6623.0,2.869999885559082,642086.6666666666,3.2217765520412,3.10440136021953,3.1308117376358053,3.1492263484944396,-0.025225398295516843,-0.016279801189219584,0.019999980926513672,0.019250001226152693,18.144670084441753,72.5789457387658,60.000117015176855,57.742340759425744,-0.022222276045109846,-0.035993743956051594
2025-04-23 15:40:00+00:00,3.095000028610229,3.095000028610229,3.095000028610229,3.095000028610229,1736.0,2.869999885559082,642086.6666666666,3.221510443451501,3.10252109389767,3.1274010986809886,3.148686783122457,-0.02486296434182833,-0.017996433819741333,0.01500010490417436,0.019607152257646802,17.814158669442598,76.72141171524929,62.31226278753751,61.02283523898122,-0.001612863282630328,-0.029780572697859498
2025-04-23 15:41:00+00:00,3.095000028610229,3.095000028610229,3.095000028610229,3.095000028610229,0.0,2.869999885559082,642086.6666666666,3.221510443451501,3.1010168808401817,3.1243152824837734,3.1481525865601463,-0.024295667491025963,-0.01925628055399826,0.0,0.016750012125287737,20.85281603147733,77.01504221886708,57.38577219471553,61.283954321669896,0.0077822383088062,-0.029780572697859498
2025-04-23 15:42:00+00:00,3.109999895095825,3.140000104904175,3.109999895095825,3.119999885559082,4810.0,2.869999885559082,642086.6666666666,3.2209427585599393,3.1048134817839617,3.1239042923004696,3.1478724601820263,-0.021580039859964373,-0.019721032415191485,0.04500007629394576,0.019607152257646865,34.20762122645248,69.43544765781022,33.98956322944888,59.79769526659597,0.01592259745595248,-0.01265829088137238
2025-04-23 15:43:00+00:00,3.119999885559082,3.119999885559082,3.119999885559082,3.119999885559082,565.0,2.869999885559082,642086.6666666666,3.220874244282614,3.1078507625389857,3.1235324440393852,3.1475951211310518,-0.019206484993919304,-0.01961812293093705,0.0,0.019607152257646865,34.20762122645248,73.07842968652987,36.230999397680094,58.47153879496715,0.011345169199133087,-0.011093529682433267
2025-04-23 15:44:00+00:00,3.119999885559082,3.119999885559082,3.119999885559082,3.119999885559082,0.0,2.869999885559082,642086.6666666666,3.220874244282614,3.1102805871430053,3.123196009898404,3.147320541672624,-0.017127984913753558,-0.019120095327500357,0.0,0.018535733222961457,36.184920752317915,71.52228499397775,32.808728066808264,56.87980942851946,0.012987000923330161,-0.011093529682433267
2025-04-23 15:45:00+00:00,3.0938000679016118,3.0938000679016118,3.0938000679016118,3.0938000679016118,1133.0,2.869999885559082,642086.6666666666,3.220701519969804,3.1069844832947267,3.1203963963749,3.146787999645052,-0.017394353667909535,-0.018774946995582194,0.02619981765747026,0.019692863736833814,34.05873552582673,76.82272974912902,38.56730619248155,55.699407071048434,-0.0003877094337721987,-0.01471338708887493
2025-04-23 15:46:00+00:00,3.0899999141693115,3.0899999141693115,3.0899999141693115,3.0899999141693115,541.0,2.869999885559082,642086.6666666666,3.2206167459707538,3.103587569469644,3.117501493307701,3.146222944068179,-0.017707967050319073,-0.01856155100652957,0.0038001537323002488,0.01861429214477539,36.03220753936758,75.479764618915,35.37517659857604,53.75521746993981,-0.0016155458464285344,-0.01592362709057593
2025-04-23 15:47:00+00:00,3.0899999141693115,3.0899999141693115,3.075000047683716,3.075000047683716,3801.0,2.869999885559082,642086.6666666666,3.2199788574507564,3.0978700651124584,3.1134537365816075,3.1455142585320153,-0.01894844589236433,-0.018638929983696526,0.014999866485595703,0.017264281000409807,24.824145288395993,87.58802599818732,55.83370554224172,55.057882534728286,-0.014423025489086694,-0.014770402087199597
2025-04-23 15:48:00+00:00,3.061000108718872,3.0710999965667725,3.061000108718872,3.0710999965667725,2821.0,2.869999885559082,642086.6666666666,3.2194680023975577,3.0925160514033214,3.109420047056385,3.1447738181144507,-0.02001550950851083,-0.018914245888659385,0.01399993896484375,0.017907142639160187,23.932965101682285,78.50019781039116,53.271061009361084,54.03743517978349,-0.01567304191857266,-0.026592702245268218
2025-04-23 15:49:00+00:00,3.069999933242798,3.069999933242798,3.069999933242798,3.069999933242798,462.0,2.869999885559082,642086.6666666666,3.219385910181811,3.088012827771217,3.10566575050271,3.144029799359509,-0.020711185375968277,-0.019273633786121167,0.0011000633239746094,0.014414276395525252,29.732399191881225,77.20501884429532,44.39289869178838,52.02062903155268,-0.016025626330215204,-0.025396876096063337
2025-04-23 15:50:00+00:00,3.069999933242798,3.079200029373169,3.069999933242798,3.079200029373169,284.0,2.869999885559082,642086.6666666666,3.219337561374337,3.0862502680916073,3.10314520563323,3.1433847270213366,-0.02028629486427702,-0.019476166001752337,0.009200096130371094,0.013007146971566337,38.00110764444899,69.6868089496624,29.42363665984978,48.78380332476793,-0.004719128000519213,-0.0067096373868645864
2025-04-23 15:51:00+00:00,3.0799999237060547,3.0999999046325684,3.0799999237060547,3.0899999141693115,9459.0,2.869999885559082,642086.6666666666,3.2178998211291536,3.0870001973071486,3.101893273112857,3.142853534853655,-0.018860691318795197,-0.01935307106516091,0.020799875259399414,0.013142858232770647,48.91299277488129,74.4020099721154,20.669842784279457,45.139434267891986,0.0,0.0061541198996020174
2025-04-23 15:52:00+00:00,3.0799999237060547,3.0999999046325684,3.0799999237060547,3.0899999141693115,0.0,2.869999885559082,642086.6666666666,3.2178998211291536,3.0876001406795814,3.1007605722610907,3.142327628180179,-0.01752882881086748,-0.018988222614302226,0.019999980926513672,0.013578568186078752,47.34346957434584,64.70262887587056,15.492872613710535,41.12528162740397,0.004878005285526621,0.0061541198996020174
2025-04-23 15:53:00+00:00,3.0799999237060547,3.0999999046325684,3.0799999237060547,3.0899999141693115,0.0,2.869999885559082,642086.6666666666,3.2178998211291536,3.088080095377528,3.0997357476809215,3.1418069544089264,-0.016285588056099254,-0.01844769570266163,0.019999980926513672,0.013578568186078752,39.45295402069663,62.072373412998516,22.27958280368446,38.43095775515452,0.0061541198996020174,0.0016207053356609435
2025-04-23 15:54:00+00:00,3.0999999046325684,3.0999999046325684,3.0999999046325684,3.0999999046325684,2857.0,2.869999885559082,642086.6666666666,3.217505292730785,3.090464057228536,3.0997609054858404,3.141390963863888,-0.014328228247675323,-0.017623802211664368,0.009999990463256836,0.013221417154584645,40.5186993231278,66.45031653925675,24.242176117138378,35.71166585012601,0.009771977863882952,0.0064935004616650804
2025-04-23 15:55:00+00:00,3.0999999046325684,3.0999999046325684,3.0999999046325684,3.0999999046325684,0.0,2.869999885559082,642086.6666666666,3.217505292730785,3.092371226709343,3.0997836673093384,3.1409791125282536,-0.012631399585831371,-0.016625321686497767,0.0,0.013221417154584645,40.5186993231278,66.45031653925675,24.242176117138378,33.34426613029907,0.006754960723884373,0.001615468812963039
2025-04-23 15:56:00+00:00,3.0999999046325684,3.0999999046325684,3.0999999046325684,3.0999999046325684,0.0,2.869999885559082,642086.6666666666,3.217505292730785,3.093896962293988,3.099804261340122,3.140571359215859,-0.011158027846940755,-0.015531862918586365,0.0,0.010007125990731376,21.413291900731934,77.08761259383174,56.52163396750585,34.95369975444599,0.00323624295826086,0.001615468812963039
2025-04-23 15:57:00+00:00,3.0999999046325684,3.0999999046325684,3.0999999046325684,3.0999999046325684,0.0,2.869999885559082,642086.6666666666,3.217505292730785,3.0951175507617044,3.099822894034641,3.1401676631503537,-0.009876519756961688,-0.014400794286261431,0.0,0.010007125990731376,21.413291900731934,69.9498486269211,53.12487776347675,36.160405352002904,0.00323624295826086,-0.006410250532086104
2025-04-23 15:58:00+00:00,3.109999895095825,3.109999895095825,3.109999895095825,3.109999895095825,973.0,2.869999885559082,642086.6666666666,3.2173829148341566,3.0980940196285287,3.100792132230944,3.1398674863537916,-0.007962216233476926,-0.01311307867570453,0.009999990463256836,0.01072141102382115,26.64891893437363,71.95185874668819,45.94582403685835,37.09876934986362,0.006472485916521498,-0.0032051252660429963
2025-04-23 15:59:00+00:00,3.109999895095825,3.109999895095825,3.109999895095825,3.109999895095825,0.0,2.869999885559082,642086.6666666666,3.2173829148341566,3.100475194721988,3.1016690620275993,3.1395702963910264,-0.0063716682736698615,-0.011764796595297599,0.0,0.008849995476858987,32.284085792246564,66.02081304818033,34.318459867088414,36.79528032662126,0.0032258034744816477,-0.0032051252660429963
2025-04-23 16:00:00+00:00,3.109999895095825,3.109999895095825,3.109999895095825,3.109999895095825,0.0,2.869999885559082,642086.6666666666,3.2173829148341566,3.1023801347967557,3.1024624747007636,3.1392760635423183,-0.005052900860446297,-0.01042241744832734,0.0,0.008578555924551827,33.30560711485205,64.94565595005311,32.20319805385048,36.56871043056943,0.0032258034744816477,0.005236223039196242
2025-04-23 16:01:00+00:00,3.095000028610229,3.095000028610229,3.095000028610229,3.095000028610229,2545.0,2.869999885559082,642086.6666666666,3.2170196049830317,3.1009041135594506,3.101751765549284,3.138835505980805,-0.0051586661582194715,-0.009369667190305768,0.014999866485596147,0.008578555924551859,33.30560711485193,64.94565595005324,32.203198053850734,34.8808170385415,-0.001612863282630328,0.0016181600581894884
2025-04-23 16:02:00+00:00,3.095000028610229,3.095000028610229,3.095000028610229,3.095000028610229,0.0,2.869999885559082,642086.6666666666,3.2170196049830317,3.099723296569606,3.1011087429836595,3.13839933207662,-0.005182742489429515,-0.008532282250130517,0.0,0.007578560284205877,37.700302237003086,60.320213925373466,23.076711462015986,32.72407778515971,-0.001612863282630328,0.006504058737032636
2025-04-23 16:03:00+00:00,3.095000028610229,3.095000028610229,3.095000028610229,3.095000028610229,260.0,2.869999885559082,642086.6666666666,3.216982610252819,3.098778642977731,3.10052696066238,3.137967498211283,-0.005142543119415421,-0.007854334423987499,0.0,0.007499984332493405,38.09528134586417,52.38089831766978,15.789368013693187,30.680968451010052,-0.004823108357414951,0.0077822383088062
2025-04-23 16:04:00+00:00,3.0999999046325684,3.109999895095825,3.0799999237060547,3.0799999237060547,1027.0,2.869999885559082,642086.6666666666,3.2168307191986205,3.0950228991233955,3.0985720047617775,3.1373907064251614,-0.00624903297151036,-0.007533274133492071,0.029999971389770508,0.008985689708164792,36.406881938890606,55.64397830347072,20.898334153456723,30.072018271981978,-0.0096462933767546,0.003257325954627577
2025-04-23 16:05:00+00:00,3.095000028610229,3.095000028610229,3.095000028610229,3.095000028610229,339.0,2.869999885559082,642086.6666666666,3.216782635023311,3.0950183250207624,3.098231816556868,3.136968908635958,-0.005848137359325989,-0.007196246778658854,0.01500010490417436,0.008571420397077287,20.833233992164338,62.500099341169,50.00023841880558,32.167046531590984,-0.004823108357414951,0.0051312026131269395
2025-04-23 16:06:00+00:00,3.095000028610229,3.095000028610229,3.095000028610229,3.095000028610229,0.0,2.869999885559082,642086.6666666666,3.216782635023311,3.0950146657386557,3.0979240272286166,3.136551307839682,-0.005467399915485505,-0.0068504774060241845,0.0,0.00714285033089774,24.999880790597206,75.0001192094028,50.000238418805594,34.63185837481206,0.0,0.0016181600581894884
2025-04-23 16:07:00+00:00,3.095000028610229,3.095000028610229,3.095000028610229,3.095000028610229,0.0,2.869999885559082,642086.6666666666,3.216782635023311,3.0950117383129703,3.0976455511697223,3.13613786227521,-0.005106794796630343,-0.006501740884145417,0.0,0.005714280264718192,31.249850988246507,93.75014901175349,50.00023841880559,36.611905204463575,0.0,0.0016181600581894884
2025-04-23 16:08:00+00:00,3.095000028610229,3.095000028610229,3.0806000232696533,3.0806000232696533,997.0,2.869999885559082,642086.6666666666,3.2166303086881363,3.092129395304307,3.0960221675601916,3.135585246961722,-0.0059147907016576795,-0.00638435084764787,0.014400005340575728,0.006028567041669541,29.62070514323555,82.2276334113932,47.034161569117515,38.239904165319224,-0.004652667272200928,-0.0030420359743553727
2025-04-23 16:09:00+00:00,3.095000028610229,3.095000028610229,3.0806000232696533,3.0806000232696533,0.0,2.869999885559082,642086.6666666666,3.2166303086881363,3.0898235208973763,3.0945533919134736,3.1350381303080694,-0.006480430904152623,-0.006403566858948821,0.014400005340575728,0.007057138851710665,25.303513297635554,70.24302782114708,47.03416156911751,39.86790312617487,0.00019483752547522215,-0.006258026438621611
2025-04-23 16:10:00+00:00,3.095000028610229,3.115000009536743,3.095000028610229,3.0999999046325684,4234.0,2.869999885559082,642086.6666666666,3.216075199906126,3.091858797644415,3.0950721074105303,3.134689491246622,-0.005302176356881461,-0.0061832887585353494,0.034399986267089844,0.009514280727931368,33.783679774326494,62.913004021972604,30.12442940546942,37.98238851460085,0.001615468812963039,0.0
2025-04-23 16:11:00+00:00,3.0999999046325684,3.119999885559082,3.0799999237060547,3.119999885559082,13071.0,2.869999885559082,642086.6666666666,3.2144449679045026,3.097487015227349,3.097446181519916,3.1345433260159,-0.0027231787162276255,-0.005491266750073805,0.039999961853027344,0.012371420860290463,28.868213084673723,57.04402074187796,32.79603660881221,36.530328432124804,0.008077498131745964,0.0064516069489635175
2025-04-23 16:12:00+00:00,3.128900051116944,3.128900051116944,3.128900051116944,3.128900051116944,172.0,2.869999885559082,642086.6666666666,3.2144281981575267,3.1037696224052684,3.1004417881482045,3.1344871740268556,3.8421573416158594e-05,-0.004385329085375813,0.008900165557861772,0.012292861938476531,28.413637371163432,80.01177546270586,47.588601918077735,36.64766970935476,0.010953157413034598,0.009322628184984083
2025-04-23 16:13:00+00:00,3.128900051116944,3.128900051116944,3.128900051116944,3.128900051116944,0.0,2.869999885559082,642086.6666666666,3.2144281981575267,3.1087957081476034,3.103152098907132,3.1344315807640704,0.0022016306713030787,-0.0030679371340400345,0.0,0.012292861938476531,28.413637371163432,80.01177546270586,47.588601918077735,37.59553699871115,0.015678772798302543,0.006077220790560833
2025-04-23 16:14:00+00:00,3.128900051116944,3.128900051116944,3.128900051116944,3.128900051116944,0.0,2.869999885559082,642086.6666666666,3.2144281981575267,3.112816576741472,3.105604284831876,3.1343765406680792,0.0038713628058721916,-0.0016800771460575895,0.0,0.012292861938476531,28.413637371163432,80.01177546270586,47.588601918077735,38.694494417584515,0.015678772798302543,0.006077220790560833
2025-04-23 16:15:00+00:00,3.130000114440918,3.130000114440918,3.130000114440918,3.130000114440918,5701.0,2.869999885559082,642086.6666666666,3.2138831572840694,3.1162532842813615,3.1079276971755943,3.1343329941384557,0.005223193742779131,-0.00029942296829024565,0.0011000633239741653,0.011300018855503533,31.605479699792852,78.25556861681211,42.46281064293132,39.427323888233126,0.009677487332666601,0.006430938913094986
2025-04-23 16:16:00+00:00,3.130000114440918,3.130000114440918,3.130000114440918,3.130000114440918,0.0,2.869999885559082,642086.6666666666,3.2138831572840694,3.119002650313273,3.110029832153244,3.1342898809076343,0.0062227969697827845,0.0010050210193243603,0.0,0.011300018855503533,31.605479699792852,78.25556861681211,42.46281064293132,40.81204525829851,0.0032052016822570195,0.011308589824603477
2025-04-23 16:17:00+00:00,3.130000114440918,3.130000114440918,3.130000114440918,3.130000114440918,0.0,2.869999885559082,642086.6666666666,3.2138831572840694,3.1212021431388024,3.111931763799689,3.1342471966641843,0.006935046826041624,0.002191026180667813,0.0,0.011300018855503533,31.605479699792852,78.25556861681211,42.46281064293132,42.71729116038695,0.00035158148422853586,0.011308589824603477
2025-04-23 16:18:00+00:00,3.130000114440918,3.130000114440918,3.130000114440918,3.130000114440918,0.0,2.869999885559082,642086.6666666666,3.2138831572840694,3.122961737399226,3.1136525590988535,3.134204937139575,0.0074140454675428735,0.0032356300380428256,0.0,0.00915716375623421,27.301096685766776,84.86752177284774,51.3213284411812,44.8903621809387,0.00035158148422853586,0.011308589824603477
2025-04-23 16:19:00+00:00,3.130000114440918,3.130000114440918,3.130000114440918,3.130000114440918,0.0,2.869999885559082,642086.6666666666,3.2138831572840694,3.1243694128075643,3.115209469131431,3.1341630981077473,0.007704838756838139,0.004129471781801889,0.0,0.008085727691650326,30.918752474747684,82.86232402968801,45.65220610556917,44.579788444278954,0.00035158148422853586,0.016233828562794095
2025-04-23 16:20:00+00:00,3.130000114440918,3.130000114440918,3.130000114440918,3.130000114440918,0.0,2.869999885559082,642086.6666666666,3.2138831572840694,3.125495553134235,3.116618102018049,3.1341216753846943,0.007844863826721227,0.004872550190785757,0.0,0.008085727691650326,30.918752474747684,82.86232402968801,45.65220610556917,44.26921470761921,0.0,0.011308589824603477
2025-04-23 16:21:00+00:00,3.130000114440918,3.130000114440918,3.130000114440918,3.130000114440918,0.0,2.869999885559082,642086.6666666666,3.2138831572840694,3.126396465395572,3.1178925793916554,3.1340806648280397,0.007865169920484583,0.005471074136725523,0.0,0.008085727691650326,30.918752474747684,82.86232402968801,45.65220610556917,43.95864097095947,0.0,0.011308589824603477
2025-04-23 16:22:00+00:00,3.101099967956543,3.101099967956543,3.101099967956543,3.101099967956543,436.0,2.869999885559082,642086.6666666666,3.2138275018474403,3.121337165907766,3.116293283064502,3.1337524986900154,0.005486022896383336,0.005474063888657086,0.028900146484375,0.009121452059064561,27.407984107958786,84.80827610928726,51.151492564628235,44.252736042067376,-0.009233273299588118,0.001970901224531918
2025-04-23 16:23:00+00:00,3.101099967956543,3.101099967956543,3.101099967956543,3.101099967956543,0.0,2.869999885559082,642086.6666666666,3.2138275018474403,3.117289726317522,3.1148463006732676,3.1334275978866977,0.0035595000382255826,0.0050911511185707855,0.0,0.008092880249023438,30.89142621460596,95.58705935826998,51.15149256462823,44.54683111317529,-0.009233273299588118,0.006654529809790644
2025-04-23 16:24:00+00:00,3.0799999237060547,3.0799999237060547,3.0799999237060547,3.0799999237060547,2403.0,2.869999885559082,642086.6666666666,3.2134645102687234,3.109831765795229,3.1115275981049617,3.132895979238134,0.0003263575164025312,0.004138192398137135,0.02110004425048828,0.007142884390694755,15.000047683533921,115.00004768353348,76.92302049290059,47.88958761942037,-0.01597450124815547,-0.00019479957120871472
2025-04-23 16:25:00+00:00,3.095000028610229,3.095000028610229,3.095000028610229,3.095000028610229,7344.0,2.869999885559082,642086.6666666666,3.2124905690863854,3.106865418358229,3.109953543867368,3.132518905102533,-0.0010138609629426476,0.0031077817259211786,0.01500010490417436,0.005357180322919541,33.33354525947668,153.33290948104616,64.2854466745916,50.13883119554747,-0.011182135639295598,-0.001612863282630328
2025-04-23 16:26:00+00:00,3.095000028610229,3.095000028610229,3.095000028610229,3.095000028610229,0.0,2.869999885559082,642086.6666666666,3.2124905690863854,3.104492340408629,3.108529399557164,3.1321455829483806,-0.00205233571498864,0.002075758237739215,0.0,0.004721454211643701,24.357157027177113,100.0,60.82709253018051,51.084437667840525,-0.011182135639295598,-0.008012774957000701
2025-04-23 16:27:00+00:00,3.0799999237060547,3.0799999237060547,3.0799999237060547,3.0799999237060547,10213.0,2.869999885559082,642086.6666666666,3.210992908934498,3.099593857068114,3.1058123066189633,3.1316267206673625,-0.0040391566587762995,0.0008527752584361122,0.01500010490417436,0.0057928902762275835,19.852128410159157,100.0,66.87229726580908,52.46184447839276,-0.006804051616688844,-0.015628536102785695
2025-04-23 16:28:00+00:00,3.109999895095825,3.109999895095825,3.109999895095825,3.109999895095825,1902.0,2.869999885559082,642086.6666666666,3.210780749048303,3.1016750646736564,3.1062111245691404,3.1314115283731185,-0.0031565923681582397,5.090173311724183e-05,0.029999971389770508,0.007935745375496905,41.4941125219691,100.0,41.348637363937655,52.01613272452561,0.0028699259073374783,-0.006040511269885918
2025-04-23 16:29:00+00:00,3.109999895095825,3.155600070953369,3.109999895095825,3.155600070953369,1512.0,2.869999885559082,642086.6666666666,3.210663410052604,3.112460065929599,3.110914833748591,3.1316522103888427,0.0012084688096303253,0.00028241514841985854,0.045600175857543945,0.01111432484218046,58.22617814524487,70.69407755624864,9.671016663100934,49.6738617259663,0.02454550296103508,0.008533356579061735
2025-04-23 16:30:00+00:00,3.119999885559082,3.150000095367432,3.119999885559082,3.130000114440918,660.0,2.869999885559082,642086.6666666666,3.2106071742337408,3.115968075631863,3.1127324795288125,3.1316357716231917,0.0025724550384191858,0.000740423126419724,0.03560018539428711,0.013657195227486683,47.38488741249497,62.761455145806195,13.960125571280145,47.63795564941979,0.011308589824603477,0.0
2025-04-23 16:31:00+00:00,3.1210999488830566,3.158099889755249,3.1210999488830566,3.158099889755249,1085.0,2.869999885559082,642086.6666666666,3.2105297496845,3.12439443845654,3.1170531852646635,3.1318990961817197,0.005853367008688437,0.0017630119028734666,0.03699994087219238,0.016300048146928998,43.251426380383904,53.06751446753497,10.1912334175788,45.332842990466034,0.020387677079716893,0.008977563669945843
2025-04-23 16:32:00+00:00,3.1210999488830566,3.158099889755249,3.1210999488830566,3.158099889755249,0.0,2.869999885559082,642086.6666666666,3.2105297496845,3.131135528716282,3.120962395216148,3.1321598005953866,0.008357177047973785,0.0030818449318935305,0.03699994087219238,0.01894290106637131,37.217125822146414,45.6637047212521,10.191233417578802,42.39497906020872,0.02535713246226945,0.008977563669945843
2025-04-23 16:33:00+00:00,3.150000095367432,3.150000095367432,3.150000095367432,3.150000095367432,250.0,2.869999885559082,642086.6666666666,3.2105131005881944,3.1349084420465125,3.1237278904686514,3.132337315966253,0.009577475651257661,0.004380971075766357,0.008099794387816939,0.019521457808358234,36.1141232045571,54.88486921020158,20.627421807145353,40.607494467464164,0.012861801164264719,0.006389770030435393
2025-04-23 16:34:00+00:00,3.140000104904175,3.140000104904175,3.119999885559082,3.119999885559082,2946.0,2.869999885559082,642086.6666666666,3.210242209556808,3.1319267307490266,3.1233728423820257,3.132214555464689,0.008031225903862627,0.005111022041385611,0.030000209808350053,0.021664329937526094,32.541986503004594,59.34731769820044,29.17132894651337,39.430288956103034,-0.011281589743256548,-0.003194961187284906
2025-04-23 16:35:00+00:00,3.130000114440918,3.130000114440918,3.130000114440918,3.130000114440918,1520.0,2.869999885559082,642086.6666666666,3.2101086731825976,3.131541407487405,3.1240040111495393,3.132192521225647,0.007525991785749753,0.005594015990258439,0.010000228881835938,0.022378632000514376,31.503281005175293,60.64490795454476,31.624741927492355,38.42832722909754,0.0,0.0
2025-04-23 16:36:00+00:00,3.130000114440918,3.130000114440918,3.130000114440918,3.130000114440918,0.0,2.869999885559082,642086.6666666666,3.2101086731825976,3.131233148878108,3.124575068605861,3.132170706232764,0.007044386801066338,0.005884090152420019,0.0,0.02031433582305902,34.704572109286445,56.64573383531907,24.0187063405542,36.49027107023512,-0.008897684144027695,0.0
2025-04-23 16:37:00+00:00,3.130000114440918,3.130000114440918,3.130000114440918,3.130000114440918,0.0,2.869999885559082,642086.6666666666,3.2101086731825976,3.13098654199067,3.1250917396377713,3.1321491083044872,0.006586783046102607,0.006024628731156537,0.0,0.02031433582305902,34.704572109286445,56.64573383531907,24.0187063405542,34.55221491137268,-0.008897684144027695,0.009319321138627767
2025-04-23 16:38:00+00:00,3.130000114440918,3.130000114440918,3.130000114440918,3.130000114440918,0.0,2.869999885559082,642086.6666666666,3.2101086731825976,3.13078925648072,3.1255592039047375,3.132127725280969,0.006153198531004378,0.006050342691126106,0.0,0.018807189805166998,37.48568179122242,53.17146626607393,17.302314060153222,30.293593023319307,-0.006349200101907093,0.009319321138627767
2025-04-23 16:39:00+00:00,3.109999895095825,3.115000009536743,3.109999895095825,3.115000009536743,334.0,2.869999885559082,642086.6666666666,3.2100732973842634,3.1276314070919247,3.124553566345881,3.1319573002486885,0.0045467840777475566,0.005749630968450397,0.020000219345092773,0.01916434083666117,31.196310432004577,54.04417351277645,26.804004415991784,27.616347147705028,-0.0016025244249144865,0.011363664512229699
2025-04-23 16:40:00+00:00,3.115000009536743,3.115000009536743,3.115000009536743,3.115000009536743,476.0,2.869999885559082,642086.6666666666,3.2100237940758136,3.1251051275808885,3.12364370379263,3.131788570987873,0.0032363820522305353,0.005246981185206424,0.0,0.01916434083666117,31.196310432004577,55.90779634508861,28.370058344462254,25.29798756301087,-0.004792365608860094,0.006462029318783147
2025-04-23 16:41:00+00:00,3.109999895095825,3.109999895095825,3.109999895095825,3.109999895095825,3233.0,2.869999885559082,642086.6666666666,3.2096713054824635,3.122084081083876,3.122344293440553,3.131571768242679,0.0017739624238211071,0.0045523774329293614,0.005000114440917969,0.018450055803571428,32.404060580103796,54.20078789579429,25.16802199793291,22.31911075816257,-0.006389846202502492,0.004846483472354501
2025-04-23 16:42:00+00:00,3.109999895095825,3.109999895095825,3.109999895095825,3.109999895095825,0.0,2.869999885559082,642086.6666666666,3.2096713054824635,3.119667243886266,3.121168636455341,3.1313571227387307,0.0006079759636836712,0.0037634971390802232,0.0,0.016307200704302107,23.52158552492088,48.18252167220368,34.39264096753406,21.82225387270517,-0.006389846202502492,0.00974025069249751
2025-04-23 16:43:00+00:00,3.0999999046325684,3.0999999046325684,3.0899999141693115,3.0899999141693115,6624.0,2.869999885559082,642086.6666666666,3.2088373300560566,3.1137337779428753,3.1182001867138145,3.1309456082256024,-0.0019079147666150043,0.0026292147579411776,0.019999980926513672,0.014478615352085658,3.995939721567246,64.13452083539214,88.26974105590699,27.436448472191312,-0.012779616232937885,-0.006430862251169733
2025-04-23 16:44:00+00:00,3.0899999141693115,3.0899999141693115,3.0899999141693115,3.0899999141693115,1435.0,2.869999885559082,642086.6666666666,3.2086530652959535,3.1089870051881627,3.115514446471481,3.1305381883842465,-0.0038573116092521786,0.0013319094845025063,0.0,0.011935744966779436,4.847261261003915,71.8137457731111,87.35403708211963,32.67887072296556,-0.008025712773962246,-0.02078848881640394
2025-04-23 16:45:00+00:00,3.0899999141693115,3.0899999141693115,3.0899999141693115,3.0899999141693115,0.0,2.869999885559082,642086.6666666666,3.2086530652959535,3.105189586984393,3.1130844910141313,3.13013482247166,-0.0053406588607853855,-2.6041845550719804e-06,0.0,0.009292892047337123,0.0,91.39167389005733,100.0,39.093782621709934,-0.008025712773962246,-0.012779616232937885
2025-04-23 16:46:00+00:00,3.0899999141693115,3.0899999141693115,3.0899999141693115,3.0899999141693115,1367.0,2.869999885559082,642086.6666666666,3.2084780629141023,3.102151652421377,3.1108859598860534,3.129735470150244,-0.006441963301607512,-0.00129047600796556,0.0,0.00665003912789481,0.0,127.71247554367406,100.0,45.508694520454306,-0.006430862251169733,-0.021563591388243042
2025-04-23 16:47:00+00:00,3.0899999141693115,3.0899999141693115,3.0899999141693115,3.0899999141693115,0.0,2.869999885559082,642086.6666666666,3.2084780629141023,3.099721304770964,3.1088968126749355,3.1293400914837672,-0.007231395974028221,-0.002478660001178092,0.0,0.006071482385907886,0.0,105.88243543822345,100.0,51.1781643913725,-0.006430862251169733,-0.021563591388243042
2025-04-23 16:48:00+00:00,3.0899999141693115,3.0899999141693115,3.0899999141693115,3.0899999141693115,0.0,2.869999885559082,642086.6666666666,3.2084780629141023,3.097777026650634,3.107097108055352,3.1289486469333747,-0.007767488284625035,-0.0035364256578674807,0.0,0.003928610256740025,0.0,109.09102731382944,100.0,56.23735518090725,0.0,-0.019047675994156354
2025-04-23 16:49:00+00:00,3.0899999141693115,3.0899999141693115,3.0899999141693115,3.0899999141693115,1234.0,2.869999885559082,642086.6666666666,3.208320529839566,3.09622160415437,3.105468803875729,3.128561097353633,-0.008098985242675383,-0.004448937574829061,0.0,0.0032143081937517437,0.0,111.11128771623089,100.0,61.121302186086375,0.0,-0.0096153757981291
2025-04-23 16:50:00+00:00,3.0799999237060547,3.0799999237060547,3.039999961853028,3.0450000762939453,9846.0,2.869999885559082,642086.6666666666,3.206711013802984,3.085977298582285,3.099709877439369,3.1277296444077654,-0.011856139610206373,-0.0059303779819045235,0.049999952316283736,0.006785733359200582,0.0,105.26326356472421,100.00000000000001,66.54853744747535,-0.014563054733114367,-0.027156560715383637
2025-04-23 16:51:00+00:00,3.0492000579833984,3.0492000579833984,3.0492000579833984,3.0492000579833984,1353.0,2.869999885559082,642086.6666666666,3.206484122604146,3.078621850462508,3.0948994184435623,3.12694825548812,-0.014329625095463872,-0.007610227404616393,0.004199981689453125,0.0070857320513043765,0.0,110.08085061382977,100.0,71.97577270886434,-0.013203837320131862,-0.025814713579316306
2025-04-23 16:52:00+00:00,3.0450000762939453,3.059999942779541,3.039999961853028,3.059999942779541,4353.0,2.869999885559082,642086.6666666666,3.205777627636764,3.074897468925915,3.0915756588565126,3.1262821031228607,-0.01524271123156673,-0.009136724170006461,0.019999980926513228,0.008514302117483894,9.060288581932294,99.32914901532479,83.28197141201593,76.68860537685454,-0.009708728874782357,-0.022364271278590753
2025-04-23 16:53:00+00:00,3.065000057220459,3.0799999237060547,3.065000057220459,3.0799999237060547,3222.0,2.869999885559082,642086.6666666666,3.2053326074131263,3.0759179598819433,3.0904732078898025,3.1258215839246835,-0.014188945922619656,-0.0101471685205291,0.019999980926513672,0.008514285087585385,25.838815427603546,103.52387486223853,60.052136563161,79.06347195879519,-0.003236242958260749,-0.01597450124815547
2025-04-23 16:54:00+00:00,3.065000057220459,3.0799999237060547,3.065000057220459,3.0799999237060547,0.0,2.869999885559082,642086.6666666666,3.2053326074131263,3.076734352646766,3.0894757522532554,3.125365647007085,-0.013201648932161358,-0.010758064602855553,0.014999866485595703,0.009585704122270793,22.950743948478944,88.22687097490488,58.71337235594582,81.23085153104402,-0.003236242958260749,-0.011235982575773296
2025-04-23 16:55:00+00:00,3.075000047683716,3.075000047683716,3.075000047683716,3.075000047683716,4481.0,2.869999885559082,642086.6666666666,3.2047187068298912,3.076387491654156,3.088097113722823,3.124864496765062,-0.012676530016265897,-0.011141757685537624,0.004999876022338867,0.009585687092372286,22.9507847226912,91.95272831930343,60.05207479722016,83.72256958813598,0.009852207106110678,-0.012841079207244088
2025-04-23 16:56:00+00:00,3.069999933242798,3.069999933242798,3.069999933242798,3.069999933242798,4888.0,2.869999885559082,642086.6666666666,3.204030048562353,3.0751099799718844,3.0863735727247255,3.1243185807101144,-0.012519519709740301,-0.01141731009037816,0.005000114440917969,0.009942838123866427,22.1263826419982,92.24178978703219,61.30674789661708,85.64500579735618,0.006821420327912442,-0.012861724502339578
2025-04-23 16:57:00+00:00,3.069999933242798,3.069999933242798,3.069999933242798,3.069999933242798,524.0,2.869999885559082,642086.6666666666,3.2039566411017737,3.074087970626067,3.0848141784883514,3.1237780966557134,-0.012253833347536602,-0.01158461474180985,0.0,0.008514268057686878,25.83886710936894,90.94007520601566,55.7473863060243,83.32198045807887,0.003267970800735931,-0.012861724502339578
2025-04-23 16:58:00+00:00,3.069999933242798,3.069999933242798,3.069999933242798,3.069999933242798,0.0,2.869999885559082,642086.6666666666,3.2039566411017737,3.073270363149413,3.0834032979887747,3.1232429905521024,-0.011906029692276832,-0.011648897731903246,0.0,0.008514268057686878,25.83886710936894,90.94007520601566,55.7473863060243,81.06436254550063,-0.0032467502308325402,-0.006472485916521498
2025-04-23 16:59:00+00:00,3.069999933242798,3.069999933242798,3.069999933242798,3.069999933242798,182.0,2.869999885559082,642086.6666666666,3.2039311634282455,3.0726162771680903,3.082126787060586,3.1227132088873333,-0.011497852700922184,-0.011618688725707035,0.0,0.008514268057686878,25.83886710936894,90.94007520601566,55.7473863060243,77.9034615673595,-0.0032467502308325402,-0.006472485916521498
2025-04-23 17:00:00+00:00,3.059999942779541,3.059999942779541,3.039999961853028,3.050299882888794,15844.0,2.869999885559082,642086.6666666666,3.2014256229580114,3.068152998312231,3.0790956533299396,3.1219926782803826,-0.012618540240767473,-0.011818659028719123,0.029999971389770064,0.01065712315695617,20.643379797344018,92.76177753204288,63.593578487114094,75.30300288786763,-0.008032573792487452,-0.012847906920149588
2025-04-23 17:01:00+00:00,3.059999942779541,3.059999942779541,3.059999942779541,3.059999942779541,120.0,2.869999885559082,642086.6666666666,3.2014081788802207,3.0665223872056933,3.0772770142299017,3.121375835141071,-0.01257897680929565,-0.01197072258483443,0.00970005989074707,0.011349984577723817,19.383201745304554,99.6856591554951,67.44203043740654,72.97743363339669,-0.003257325954627577,-0.009708728874782357
2025-04-23 17:02:00+00:00,3.059999942779541,3.059999942779541,3.059999942779541,3.059999942779541,0.0,2.869999885559082,642086.6666666666,3.2014081788802207,3.065217898320463,3.075631578853677,3.120765129744439,-0.012404629655757393,-0.012057503999019024,0.0,0.011349984577723817,19.383201745304554,99.6856591554951,67.44203043740654,70.65186437892572,-0.003257325954627577,-0.009708728874782357
2025-04-23 17:03:00+00:00,3.059999942779541,3.059999942779541,3.059999942779541,3.059999942779541,0.0,2.869999885559082,642086.6666666666,3.2014081788802207,3.0641743072122787,3.074142851608521,3.120160501018421,-0.012126669582122052,-0.012071337115639631,0.0,0.011349984577723817,19.383201745304554,99.6856591554951,67.44203043740654,68.32629512445476,-0.003257325954627577,-0.009708728874782357
2025-04-23 17:04:00+00:00,3.055000066757202,3.055000066757202,3.055000066757202,3.055000066757202,4206.0,2.869999885559082,642086.6666666666,3.200777948410807,3.062339459121264,3.0723197292417286,3.1195121384884583,-0.012169549439806637,-0.012090979580473032,0.004999876022338867,0.008135693413870613,27.041215749482134,99.56146777468327,57.28176528845754,65.27499264505887,-0.004885950101553127,-0.011326811774853507
2025-04-23 17:05:00+00:00,3.055000066757202,3.055000066757202,3.055000066757202,3.055000066757202,0.0,2.869999885559082,642086.6666666666,3.200777948410807,3.0608715806484517,3.0706702375765356,3.1188702273269535,-0.012064460445801117,-0.01208567575353865,0.0,0.007835694721766817,28.076520166741513,94.98667721477636,54.37056607638871,62.01574736480092,0.0015408923872615166,0.003284069035370152
2025-04-23 17:06:00+00:00,3.055000066757202,3.055000066757202,3.0350000858306885,3.039999961853028,2048.0,2.869999885559082,642086.6666666666,3.200448632048622,3.0566972568893673,3.0677492589362014,3.118085448566019,-0.013041228600167099,-0.01227678632286434,0.019999980926513672,0.007835694721766848,18.231568698192262,104.83162868332552,70.37039653427635,61.09349201639095,-0.006535941601471529,-0.0030172163044149825
2025-04-23 17:07:00+00:00,3.0450000762939453,3.0450000762939453,3.0450000762939453,3.0450000762939453,253.0,2.869999885559082,642086.6666666666,3.2004084760287586,3.0543578207702833,3.0655826701131295,3.117358230931471,-0.013259015277386599,-0.012473232113768794,0.005000114440917525,0.00676427568708141,0.0,105.59667673716018,100.0,63.946910833308024,-0.004901917243818832,-0.004901917243818832
2025-04-23 17:08:00+00:00,3.0450000762939453,3.049999952316284,3.0450000762939453,3.049999952316284,951.0,2.869999885559082,642086.6666666666,3.200260952695854,3.053486247079484,3.0640986017515255,3.1166879993034597,-0.012879695466846197,-0.012554524784384274,0.004999876022338867,0.006049990653991636,5.90305046768965,118.06382421739774,90.4764067293216,66.21569900283487,-0.00326797080073582,-0.00974025069249762
2025-04-23 17:09:00+00:00,3.049999952316284,3.049999952316284,3.0211000442504883,3.0211000442504883,1938.0,2.869999885559082,642086.6666666666,3.1999264817044,3.0470090065136852,3.0600035010371407,3.1157368753725843,-0.01474113619640871,-0.012991847066789162,0.0288999080657959,0.007757135799952852,4.603941593981171,104.88034054809982,91.58976703522337,68.46839130554937,-0.011096570136149841,-0.019123337959273123
2025-04-23 17:10:00+00:00,3.0199999809265137,3.0292999744415283,3.015000104904175,3.0199999809265137,1239.0,2.869999885559082,642086.6666666666,3.1997016230477997,3.041607201396251,3.056193641978986,3.114784269457698,-0.01611929411354618,-0.013617336476140565,0.014299869537353516,0.00842140402112682,4.240789311374795,97.5403785992918,91.66684879250563,70.63696994096999,-0.011456656322708425,-0.017886200294088384
2025-04-23 17:11:00+00:00,3.015000104904175,3.015000104904175,3.015000104904175,3.015000104904175,200.0,2.869999885559082,642086.6666666666,3.1996640714034004,3.036285782097836,3.052270447971861,3.113791392198459,-0.017414202316919702,-0.014376709644296392,0.004999876022338867,0.008778538022722453,4.068262855058829,93.57217960805306,91.66684879250562,73.20264583286152,-0.008223637257421035,-0.017915253920063656
2025-04-23 17:12:00+00:00,3.015000104904175,3.0199999809265137,2.9600000381469727,2.9600000381469727,61073.0,2.869999885559082,642086.6666666666,3.18682368802799,3.0210286333076635,3.0434827898933,3.112261129969091,-0.02261774880085632,-0.01602491747560838,0.059999942779541016,0.013064248221261097,5.467348683936121,92.9471436616193,88.88913908179492,75.5699138882737,-0.027914625949837624,-0.0358305855009039
2025-04-23 17:13:00+00:00,2.9549999237060547,3.049999952316284,2.9549999237060547,2.990000009536743,31928.0,2.869999885559082,642086.6666666666,3.1812343837767982,3.0148229085534797,3.038389191764104,3.1110446014075754,-0.024043689225259346,-0.017628671825538574,0.09500002861022949,0.019849964550563204,14.393592971829884,62.97238749308281,62.79089882830938,76.07302192557977,-0.0196721126942887,-0.026058607637020947
2025-04-23 17:14:00+00:00,2.990000009536743,3.0,2.990000009536743,3.0,1674.0,2.869999885559082,642086.6666666666,3.1809478780408473,3.011858326842784,3.034733078262761,3.1099396800005352,-0.024089156823090097,-0.01892076882504888,0.009999990463256836,0.018421394484383687,15.509809015178785,69.79464902298118,63.63658038073308,76.0760934894097,-0.0069842255938011855,-0.02280128168239337
2025-04-23 17:15:00+00:00,3.009500026702881,3.009500026702881,3.009500026702881,3.009500026702881,2799.0,2.869999885559082,642086.6666666666,3.180504033054753,3.0113866668148037,3.032329930495153,3.1089402804652355,-0.023092422391268297,-0.019755099538292763,0.00950002670288086,0.0184071063995361,19.20832292505115,69.65481510264891,56.76874944689978,75.31371627580208,-0.0034768060562740954,-0.013375686900421568
2025-04-23 17:16:00+00:00,3.0088999271392822,3.0088999271392822,3.000099897384644,3.000099897384644,555.0,2.869999885559082,642086.6666666666,3.1804129802413996,3.009129312928772,3.0292604035322475,3.1078572915788616,-0.02279821145848926,-0.020363721922332063,0.00940012931823686,0.01907854420798159,18.53231776930588,70.72276369569863,58.47336092215186,74.67309702471245,-0.004942025539333872,-0.019575178599672505
2025-04-23 17:17:00+00:00,3.005000114440918,3.009999990463257,3.005000114440918,3.009999990463257,1376.0,2.869999885559082,642086.6666666666,3.1801943706160993,3.009303448435669,3.027426078478058,3.1068835870901492,-0.021518144625015,-0.02059460646286865,0.009900093078612837,0.019785693713596793,18.267099665094797,69.96413388981608,58.59266853902425,74.04099974625659,0.016891875564834624,-0.0163398540036791
2025-04-23 17:18:00+00:00,3.005000114440918,3.009999990463257,3.005000114440918,3.009999990463257,1830.0,2.869999885559082,642086.6666666666,3.1799044916441113,3.009442756841187,3.025766451048077,3.105919571203315,-0.020270022238389807,-0.02052968961797288,0.004999876022338867,0.019785693713596793,18.267099665094797,68.15912261871667,57.72787660414399,74.07286484023417,0.0066889568102752595,-0.0163398540036791
2025-04-23 17:19:00+00:00,3.000999927520752,3.000999927520752,3.000999927520752,3.000999927520752,2602.0,2.869999885559082,642086.6666666666,3.179476459204571,3.0077541909771,3.023407734521665,3.1048755946492594,-0.019779104908232537,-0.02037957267602481,0.009000062942504883,0.020428555352347142,17.692256391873837,67.4129062914211,58.422601322759455,74.36229592926065,0.0003333091735839844,-0.017675986270524024
2025-04-23 17:20:00+00:00,2.990000009536743,2.9902000427246094,2.9800000190734863,2.9902000427246094,16.0,2.869999885559082,642086.6666666666,3.1794736246152704,3.004243361326602,3.0202450972076598,3.1037345443813527,-0.020030609434915192,-0.02030978002780289,0.020999908447265625,0.02049997874668657,17.630615303331965,67.52644206007157,58.59270893287403,73.5210325291605,-0.006413020038885331,-0.02121113669937702
2025-04-23 17:21:00+00:00,2.9911000728607178,3.0,2.9802000522613525,2.9802000522613525,5416.0,2.869999885559082,642086.6666666666,3.1785188847576706,2.9994346995135523,3.0164312834032496,3.102505345454786,-0.02079710812457103,-0.02040724564715652,0.01979994773864746,0.02155710969652442,20.0132086307975,60.96786400166202,50.57312040893951,69.99054112979903,-0.0066330608326207185,-0.019671023138837285
2025-04-23 17:22:00+00:00,2.9800000190734863,2.9800000190734863,2.9800000190734863,2.9800000190734863,1679.0,2.869999885559082,642086.6666666666,3.1782143968439986,2.995547763425539,3.0129616391813676,3.1012863869833303,-0.021176594268210724,-0.020561115371367362,0.00020003318786621094,0.021214263779776373,18.653182489943518,62.020523285170476,53.75647539499145,67.3676888916326,-0.009966767935156495,-0.02134648787909732
2025-04-23 17:23:00+00:00,2.9749999046325684,2.979399919509888,2.9749999046325684,2.979399919509888,1476.0,2.869999885559082,642086.6666666666,3.1779447105839225,2.992318194642409,3.009765284926941,3.100073586311953,-0.021280454952566252,-0.020704983287607143,0.005000114440917969,0.019507135663713666,20.285578595224358,60.527611518127024,49.79636723467765,64.38244604873647,-0.010166136561568284,-0.02314755210169095
2025-04-23 17:24:00+00:00,2.9749999046325684,2.9749999046325684,2.9749999046325684,2.9749999046325684,538.0,2.869999885559082,642086.6666666666,3.177845151818846,2.988854536640441,3.006454296327477,3.098829072066387,-0.021470313314253975,-0.020858049292936512,0.00440001487731978,0.018800003187996968,21.048588647400575,60.48665644269009,48.36934966187106,61.28976753940543,-0.00866378657651723,-0.015259388614307534
2025-04-23 17:25:00+00:00,2.970200061798096,2.970200061798096,2.9649999141693115,2.9649999141693115,384.0,2.869999885559082,642086.6666666666,3.177771257493107,2.9840836121462155,3.002506259931461,3.097497438654476,-0.02217210684467652,-0.021120860803284514,0.009999990463256836,0.01915715421949111,20.65617518865907,63.08754543684689,50.66812165886074,58.361287029859376,-0.008427572802900518,-0.018211942749856713
2025-04-23 17:26:00+00:00,2.964900016784668,2.96970009803772,2.964900016784668,2.96970009803772,4147.0,2.869999885559082,642086.6666666666,3.176981667821917,2.9812069093245164,2.999381863560629,3.096225823324956,-0.02209432805599265,-0.02131555425382614,0.004800081253052202,0.015214306967599052,23.661947552463207,53.6622385794298,38.798068919593476,54.78335344684498,-0.0035232380509707673,-0.015024877376544676
2025-04-23 17:27:00+00:00,2.964900016784668,2.96970009803772,2.964900016784668,2.96970009803772,0.0,2.869999885559082,642086.6666666666,3.176981667821917,2.978905547067157,2.9965550287489235,3.0949668608842873,-0.021781603044277453,-0.021408764011916406,0.004800081253052202,0.008771453584943531,16.612368996353776,89.00676035117998,68.5428783611883,55.1942091277649,-0.0034563493187387273,0.003277047218154694
2025-04-23 17:28:00+00:00,2.968899965286255,2.968899965286255,2.9600000381469727,2.9600000381469727,1230.0,2.869999885559082,642086.6666666666,3.1767428904571253,2.9751244452831203,2.993073601072547,3.093623907424215,-0.022062161125594226,-0.02153944343465197,0.009700059890747514,0.008750029972621436,16.65304279452853,64.65325299141188,59.03627724383873,54.86561604655816,-0.006511338486612672,-0.010033435215412778
2025-04-23 17:29:00+00:00,2.9549999237060547,2.9549999237060547,2.9549999237060547,2.9549999237060547,2287.0,2.869999885559082,642086.6666666666,3.1762838405852474,2.9710995409677072,2.9894475365614523,3.092244564302641,-0.02242942047660712,-0.021717438843043,0.005000114440917969,0.008428607668195516,9.237265875982393,54.83078415129296,71.16420471030456,55.89386285108708,-0.006722682879878539,-0.015000025431315067
2025-04-23 17:30:00+00:00,2.9549999237060547,2.9549999237060547,2.950000047683716,2.950000047683716,3476.0,2.869999885559082,642086.6666666666,3.1755793061625486,2.966879642310909,2.9856906328588106,3.090829195978075,-0.02286040386192756,-0.02194603184681991,0.004999876022338867,0.00811430386134566,9.595067097050304,53.08117546812527,69.3821240573807,56.67306021788914,-0.005058977038722157,-0.019770718887267003
2025-04-23 17:31:00+00:00,2.9549999237060547,2.9549999237060547,2.9549999237060547,2.9549999237060547,3337.0,2.869999885559082,642086.6666666666,3.1749170975037226,2.964503698589938,2.9827677081775956,3.089477660930592,-0.022538700975573978,-0.022064565672570726,0.004999876022338867,0.007764288357326089,9.01559700035737,55.5657668762781,72.07988045102569,57.63643249731781,-0.004950053489030437,-0.015032823979596599
2025-04-23 17:32:00+00:00,2.9600000381469727,2.970000028610229,2.9600000381469727,2.970000028610229,3451.0,2.869999885559082,642086.6666666666,3.174272545042351,2.9656029645939963,2.9815517386949892,3.0882888287682,-0.02083321369646729,-0.02181829527735004,0.01500010490417436,0.008478590420314338,20.89301316621915,55.09686360760385,45.01106185918602,56.72808858696367,0.00010099692312603992,-0.013289023913542142
2025-04-23 17:33:00+00:00,2.9649999141693115,2.9649999141693115,2.950000047683716,2.9598000049591064,1400.0,2.869999885559082,642086.6666666666,3.174001665545316,2.964442372667018,2.9794801450058577,3.0870103330089056,-0.020073267273935436,-0.02146928967666712,0.019999980926513228,0.009264298847743506,19.121069407832586,55.04998143389141,48.44061344462908,56.015089452811495,-6.757877881358176e-05,-0.016677736100731422
2025-04-23 17:34:00+00:00,2.9549999237060547,2.9549999237060547,2.940000057220459,2.944999933242798,15758.0,2.869999885559082,642086.6666666666,3.170837474373839,2.960553884782174,2.9761963153141378,3.0855972942052627,-0.020429744974119313,-0.021261380736157562,0.01979994773864746,0.009178587368556495,19.299625766973133,47.00381654603479,41.78394033943911,54.814463124709,-0.0033840916147013234,-0.01866044506179576
2025-04-23 17:35:00+00:00,2.9549999237060547,2.9549999237060547,2.940000057220459,2.944999933242798,0.0,2.869999885559082,642086.6666666666,3.170837474373839,2.957443094474299,2.9732252313073433,3.084198315489218,-0.02047621901301966,-0.021104348391529984,0.014999866485595703,0.00883572442190994,12.126182454570941,48.666052471300794,60.10614688090591,55.49539358699233,-0.001694954020371564,-0.015116082147007881
2025-04-23 17:36:00+00:00,2.950900077819824,2.950900077819824,2.950900077819824,2.950900077819824,1512.0,2.869999885559082,642086.6666666666,3.1705441375971666,2.956134491143404,2.971099026213294,3.082871964865642,-0.01980861626797381,-0.02084520196681875,0.005900144577026367,0.00924287523542138,11.592021284435702,54.79120911516257,65.07545289779735,56.303891980049876,-0.0013874267316692501,-0.009831546180698703
2025-04-23 17:37:00+00:00,2.940000057220459,2.940000057220459,2.9189000129699707,2.9189000129699707,2038.0,2.869999885559082,642086.6666666666,3.1701051872716444,2.948687595508718,2.9661276916186914,3.0812404031552374,-0.021612538193433117,-0.020998669212141625,0.032000064849853516,0.011171443121773919,9.590847421454257,62.59577127700082,73.42763078703528,57.99183937664686,-0.017205392305726597,-0.020503357621625917
2025-04-23 17:38:00+00:00,2.9189000129699707,2.9189000129699707,2.914999961853028,2.914999961853028,1151.0,2.869999885559082,642086.6666666666,3.169848223710969,2.9419500687775804,2.9612583840219613,3.079586269410937,-0.023090685794578736,-0.021417072528629046,0.0039000511169429153,0.011135731424604143,9.621604757964704,65.29814510936777,74.3149042141689,59.84509327323956,-0.015136172386991276,-0.021615076658609178
2025-04-23 17:39:00+00:00,2.9189000129699707,2.9189000129699707,2.914999961853028,2.914999961853028,0.0,2.869999885559082,642086.6666666666,3.169848223710969,2.9365600473926703,2.956852820005872,3.0779485947088685,-0.023985636926022735,-0.021930785408107785,0.0039000511169429153,0.010700021471296006,10.013401070812137,61.28156891206212,71.90993677894122,61.362365781816735,-0.01018674773168382,-0.020168048639635505
2025-04-23 17:40:00+00:00,2.9189000129699707,2.9189000129699707,2.914999961853028,2.914999961853028,0.0,2.869999885559082,642086.6666666666,3.169848223710969,2.9322480302847422,2.9528668335151247,3.0763272152774674,-0.024413468873153654,-0.02242732210111696,0.0039000511169429153,0.010635733604431057,10.073927238432349,61.58489623446665,71.88363763119203,63.725620689788066,-0.01018674773168382,-0.01686339081405741
2025-04-23 17:41:00+00:00,2.9189000129699707,2.9189000129699707,2.914999961853028,2.914999961853028,0.0,2.869999885559082,642086.6666666666,3.169848223710969,2.9287984165984,2.949260464785401,3.0747219689747367,-0.02447044867363335,-0.02283594741562024,0.0039000511169429153,0.010571445737566108,10.135189558571792,61.95941091375446,71.88363763119204,63.96424635193119,-0.012165818909503745,-0.01841941420981752
2025-04-23 17:42:00+00:00,2.9189000129699707,2.9189000129699707,2.914999961853028,2.914999961853028,0.0,2.869999885559082,642086.6666666666,3.169848223710969,2.9260387256493257,2.9459975597442223,3.0731326952720335,-0.02423622545550641,-0.023116003023597474,0.0039000511169429153,0.010157159396580065,10.548579802189945,61.040757438833005,70.5303046271386,64.78524830788118,-0.0013361372776091729,-0.01841941420981752
2025-04-23 17:43:00+00:00,2.9230000972747803,2.9230000972747803,2.9100000858306885,2.9100000858306885,11638.0,2.869999885559082,642086.6666666666,3.1672590164373187,2.9228309976855984,2.9425692288953145,3.0715094852278413,-0.02417537144359372,-0.023327876707596725,0.013000011444091797,0.010728580611092482,12.71649324983925,57.789471177886384,63.9278936099805,64.26836894357231,-0.0017152233577255593,-0.016891875564834513
2025-04-23 17:44:00+00:00,2.9230000972747803,2.9230000972747803,2.9100000858306885,2.9100000858306885,0.0,2.869999885559082,642086.6666666666,3.1672590164373187,2.9202648153146167,2.939467405746303,3.0699024265273724,-0.023852190990458322,-0.023432739564169046,0.013000011444091797,0.011300018855503404,12.073424360249527,51.70660397263266,62.140423339934465,63.751104606611875,-0.0017152233577255593,-0.015228371924601913
2025-04-23 17:45:00+00:00,2.9100000858306885,2.9100000858306885,2.900000095367432,2.901099920272827,30411.0,2.869999885559082,642086.6666666666,3.1604602390832515,2.9164318363062587,2.9358133595107336,3.0682227995994666,-0.024037151808253387,-0.023553622012985914,0.009999990463256392,0.011657169886997514,11.70352017203495,53.18621149081478,63.92797482090567,63.16882563303187,-0.004768453434683573,-0.01657631410863336
2025-04-23 17:46:00+00:00,2.900099992752075,2.907500028610229,2.900099992752075,2.907500028610229,1185.0,2.869999885559082,642086.6666666666,3.160203748787558,2.9146454747670525,2.9331168518059236,3.066623568047335,-0.02339758652111179,-0.023522414914611094,0.007400035858153853,0.011114307812281763,2.635010380994031,52.63478054348972,90.46491641484839,66.4155295298649,-0.0025728759317139582,-0.016074414999054598
2025-04-23 17:47:00+00:00,2.900000095367432,2.9100000858306885,2.8949999809265137,2.9049999713897705,18053.0,2.869999885559082,642086.6666666666,3.156333348516605,2.912716374091596,2.930439053671052,3.0650153730557173,-0.02282929820807622,-0.02338379157330412,0.015000104904174805,0.010757173810686162,4.382551483067332,51.128606347678975,84.21019609632447,68.97049971927171,-0.003430528505702024,-0.021885540940844495
2025-04-23 17:48:00+00:00,2.906500101089477,2.9198999404907227,2.8949999809265137,2.914999961853028,13175.0,2.869999885559082,642086.6666666666,3.1536537139492045,2.9131730916438827,2.928968663974097,3.063522682396984,-0.021326175097283073,-0.02297226827809991,0.024899959564208984,0.011121460369654843,10.59726975522785,43.03129139199637,60.479007720771726,70.30586167508118,0.0017181704037345646,-0.015136172386991276
2025-04-23 17:49:00+00:00,2.919100046157837,2.930000066757202,2.914999961853028,2.930000066757202,5291.0,2.869999885559082,642086.6666666666,3.1526593027492686,2.916538486666547,2.929066892810583,3.062194099156787,-0.018708891640947023,-0.022119592950669335,0.01500010490417436,0.011121477399553317,17.08413979811906,55.87637201097708,53.16880494802355,69.81033725130388,0.006872845476499245,-0.005093333387304666
2025-04-23 17:50:00+00:00,2.9289000034332275,2.9289000034332275,2.9289000034332275,2.9289000034332275,319.0,2.869999885559082,642086.6666666666,3.1526006473543333,2.9190107900198834,2.9290509985841684,3.0608677897466023,-0.01653286103130336,-0.02100224656679614,0.0011000633239746094,0.010778614452906763,17.627578710207164,59.641852168432045,54.37373225152036,69.04592863371265,0.009582601056286943,-0.005466869329209922
2025-04-23 17:51:00+00:00,2.924099922180176,2.924099922180176,2.924099922180176,2.924099922180176,541.0,2.869999885559082,642086.6666666666,3.1524991094942867,2.9200286164519422,2.928579467498074,3.059506915442459,-0.015022497536454793,-0.019806296760727874,0.004800081253051758,0.008835758481706637,21.503629263855977,50.767677001299795,40.491931376025114,66.69337867578336,0.005709335651453706,-0.009082027494285327
2025-04-23 17:52:00+00:00,2.9200000762939453,2.950000047683716,2.9200000762939453,2.950000047683716,1081.0,2.869999885559082,642086.6666666666,3.15231059688418,2.926022902698297,2.9306195227538496,3.0584172948677453,-0.011601860883097448,-0.01816540958520179,0.029999971389770508,0.010700038501194322,35.046768389439976,42.05574008966983,9.090458713323018,62.034489711437224,0.015490559978359242,0.010654710533267275
2025-04-23 17:53:00+00:00,2.9549999237060547,2.9749999046325684,2.9549999237060547,2.9749999046325684,5014.0,2.869999885559082,642086.6666666666,3.1515566806954993,2.9358183030851515,2.934846225789918,3.057587271084311,-0.006795369379469562,-0.015891401544055345,0.02499985694885254,0.012207167489187867,45.34812669501553,57.34311000993356,11.680629915269046,57.73239636403207,0.020583171034211478,0.020583171034211478
2025-04-23 17:54:00+00:00,2.9749999046325684,2.9800000190734863,2.970099925994873,2.970099925994873,3128.0,2.869999885559082,642086.6666666666,3.151102389321195,2.942674627667096,2.938203721047533,3.05671675023765,-0.003343041062774166,-0.013381729447799109,0.009900093078613281,0.012635741915021466,46.63653982484645,63.9340462064714,15.64385882582338,53.71526930650573,0.013685958472366755,0.018902217791735065
2025-04-23 17:55:00+00:00,2.9749999046325684,2.9800000190734863,2.970099925994873,2.970099925994873,0.0,2.869999885559082,642086.6666666666,3.151102389321195,2.9481596873326517,2.941241454852041,3.055854891289961,-0.0006001280959866406,-0.010825409177436615,0.009900093078613281,0.013064316340855062,45.10662981985104,61.83669212920754,15.643858825823376,49.6981422489794,0.014066688010294426,0.018902217791735065
2025-04-23 17:56:00+00:00,2.9649999141693115,2.970000028610229,2.9649999141693115,2.970000028610229,2358.0,2.869999885559082,642086.6666666666,3.1507517359641577,2.952527755588167,2.943980366638535,3.0550006140493666,0.0015477478341567874,-0.008350777775117935,0.0051000118255615234,0.013150027820042107,44.81262618610135,64.20387659242186,17.78744493915346,45.93079512840904,0.015697174396089197,0.01886794767648592
2025-04-23 17:57:00+00:00,2.970000028610229,2.970000028610229,2.970000028610229,2.970000028610229,1198.0,2.869999885559082,642086.6666666666,3.150575721799979,2.9560222101925797,2.946458429683458,3.054154837079823,0.0032129184593787663,-0.0060380385282185955,0.0,0.012221455574035549,45.82113490337233,69.08215320345494,20.243997089497125,42.810516805517366,0.006779654441774197,0.01886794767648592
2025-04-23 17:58:00+00:00,2.970000028610229,2.970000028610229,2.970000028610229,2.970000028610229,0.0,2.869999885559082,642086.6666666666,3.150575721799979,2.9588177738761097,2.948700486724103,3.0533174758015185,0.004480924864217695,-0.003934245849731338,0.0,0.011292883328028993,49.58883823615971,74.76252448648114,20.243997089497125,39.81791493048612,-0.001680630649619097,0.02061853642949729
2025-04-23 17:59:00+00:00,2.990000009536743,2.990000009536743,2.990000009536743,2.990000009536743,215.0,2.869999885559082,642086.6666666666,3.1505476641807664,2.9650542210082365,2.952633774611021,3.0526874512615705,0.007018752578793919,-0.0017436461640262866,0.019999980926514116,0.01200716836111883,58.53653001713388,76.26385689809713,13.150798218488092,36.19097374459916,0.0067001394019443605,0.02749138190599676
2025-04-23 18:00:00+00:00,2.9988999366760254,2.9988999366760254,2.9988999366760254,2.9988999366760254,1798.0,2.869999885559082,642086.6666666666,3.1503263934614414,2.971823364141794,2.9570400757600694,3.052152252111466,0.009637059049144803,0.0005324948786079311,0.008899927139282227,0.012114303452628,63.26644221239799,80.77809251358323,12.157108448784953,30.59755888988034,0.009696647048501372,0.033711357447488766
2025-04-23 18:01:00+00:00,2.990000009536743,3.0,2.990000009536743,3.0,13846.0,2.869999885559082,642086.6666666666,3.148619013874196,2.9774586913134353,2.961131497116253,3.05163332422976,0.011666369066869464,0.0027592697162602377,0.009999990463256836,0.011757152421133859,64.337766138506,85.5404898440431,14.146630921569978,25.593018520255022,0.010101000370632773,0.03181426327757775
2025-04-23 18:02:00+00:00,2.990000009536743,3.0,2.990000009536743,3.0,0.0,2.869999885559082,642086.6666666666,3.148619013874196,2.9819669530507484,2.9648332592956574,3.051119559809564,0.013123334248084983,0.004832082622625187,0.009999990463256836,0.01069286891392299,64.12831587799127,94.05451290676044,18.91873932125176,22.62442792028931,0.010101000370632773,0.032702247692202535
2025-04-23 18:03:00+00:00,2.990000009536743,3.0,2.990000009536743,3.0,0.0,2.869999885559082,642086.6666666666,3.148619013874196,2.985573562440599,2.968182472696071,3.0506109074731507,0.014115277518290004,0.00668872160175815,0.009999990463256836,0.010335717882428883,59.36422832813779,83.48288725293065,16.88424636835251,20.032673736027096,0.010101000370632773,0.02915953319359188
2025-04-23 18:04:00+00:00,2.990000009536743,3.0,2.990000009536743,3.0,0.0,2.869999885559082,642086.6666666666,3.148619013874196,2.9884588499524796,2.971212713391683,3.050107316354015,0.014731583185620956,0.00829729391853071,0.009999990463256836,0.010971426963806184,55.924531816312246,69.59619399452052,10.891955961768645,16.926832572473398,0.0033444784051375187,0.023890761654579373
2025-04-23 18:05:00+00:00,2.990000009536743,2.990000009536743,2.990000009536743,2.990000009536743,1035.0,2.869999885559082,642086.6666666666,3.148487376045943,2.9887670818693324,2.9730019796912126,3.049509233699117,0.014248842424374075,0.009487603619699385,0.009999990463256836,0.011342849050249404,54.09328058493681,64.29454024067064,8.61681512894888,14.650038554825096,-0.0029677306102939838,0.020861076182831395
2025-04-23 18:06:00+00:00,2.990000009536743,2.990000009536743,2.990000009536743,2.990000009536743,0.0,2.869999885559082,642086.6666666666,3.148487376045943,2.9890136674028147,2.974620839676501,3.048917102115412,0.013708246757592413,0.010331732247277991,0.0,0.009199993950980081,46.58383713482894,76.08685994380103,24.05058706894045,15.718619151654915,-0.0033333301544189453,0.022536879419439604
2025-04-23 18:07:00+00:00,2.990000009536743,2.990000009536743,2.990000009536743,2.990000009536743,0.0,2.869999885559082,642086.6666666666,3.148487376045943,2.989210935829601,2.9760855225203335,3.0483308623882612,0.013128483807748115,0.010891082559372017,0.0,0.007414289883204901,33.71875351713173,60.693572578662895,28.57128955191868,16.92509483998703,-0.0033333301544189453,0.013559308883548837
2025-04-23 18:08:00+00:00,2.981100082397461,2.990000009536743,2.981100082397461,2.990000009536743,1371.0,2.869999885559082,642086.6666666666,3.1483100819544365,2.9893687505710296,2.9774107117599917,3.0477504558922264,0.012524641225303501,0.011217794292558316,0.008899927139282227,0.007342849458966968,29.182882084727122,55.25286775176587,30.87553046845963,18.01307138588962,-0.0033333301544189453,0.005042052230259664
2025-04-23 18:09:00+00:00,2.981100082397461,2.990000009536743,2.981100082397461,2.990000009536743,0.0,2.869999885559082,642086.6666666666,3.1483100819544365,2.9894950023641726,2.9786096925006347,3.047175824585207,0.011908814230792153,0.011355998280205084,0.008899927139282227,0.007271409034729036,29.469599207455474,55.79571829059484,30.875530468459637,19.10104793179221,-0.0033333301544189453,0.0067001394019443605
2025-04-23 18:10:00+00:00,2.981100082397461,2.990000009536743,2.981100082397461,2.990000009536743,0.0,2.869999885559082,642086.6666666666,3.1483100819544365,2.989596003798687,2.9796944845993116,3.0466069110026353,0.011290615711094798,0.011342921766383027,0.008899927139282227,0.007542831557137657,28.40916018125322,48.95838272181901,26.560521078341996,19.727696227448536,0.0,0.0067001394019443605
2025-04-23 18:11:00+00:00,2.981100082397461,2.990000009536743,2.981100082397461,2.990000009536743,0.0,2.869999885559082,642086.6666666666,3.1483100819544365,2.9896768049462983,2.9806759631647815,3.046043658251731,0.010677604156219545,0.011209858244350331,0.008899927139282227,0.00817854063851496,26.200947014655277,40.785972189253236,21.77294514799385,19.836906803055438,0.0,0.00673400024708859
2025-04-23 18:12:00+00:00,2.981100082397461,2.990000009536743,2.981100082397461,2.990000009536743,0.0,2.869999885559082,642086.6666666666,3.1483100819544365,2.9897414458643876,2.9815639675811587,3.0454860100058108,0.010075642349337777,0.010983015065347821,0.008899927139282227,0.008814249719892262,24.311259237791898,37.84437038110441,21.772945147993852,19.946117378662354,0.0,0.00673400024708859
2025-04-23 18:13:00+00:00,2.981100082397461,2.990000009536743,2.981100082397461,2.990000009536743,0.0,2.869999885559082,642086.6666666666,3.1483100819544365,2.989793158598859,2.982367400148357,3.044933910498656,0.009489197716033182,0.010684251595484893,0.008899927139282227,0.008021388735089983,8.904755232284117,23.77552450224832,45.50380042876632,22.25704610796794,0.0,0.00673400024708859
2025-04-23 18:14:00+00:00,2.9600000381469727,2.9600000381469727,2.9600000381469727,2.9600000381469727,2422.0,2.869999885559082,642086.6666666666,3.147945484257598,2.983834534508482,2.9802371751958443,3.044088797340928,0.006528433431313818,0.009853087962650678,0.029999971389770508,0.009528534752982003,0.8246383494364793,29.160455963883198,94.49967813461126,28.138658228384106,-0.010033435215412778,-0.010033435215412778
2025-04-23 18:15:00+00:00,2.979199886322021,2.979199886322021,2.979199886322021,2.979199886322021,821.0,2.869999885559082,642086.6666666666,3.1478348073621523,2.98290760487119,2.98013838577929,3.0434431365347696,0.0056659600321062875,0.0090156623765418,0.019199848175048384,0.0101856674466814,13.464191070129557,34.5021359125904,43.85982034863715,30.261028901746045,-0.0036120813311955047,-0.006569092257156073
2025-04-23 18:16:00+00:00,2.979199886322021,2.979199886322021,2.979199886322021,2.979199886322021,0.0,2.869999885559082,642086.6666666666,3.1478348073621523,2.9821660611613563,2.9800490048785977,3.042803900214245,0.004925663664840485,0.008197662634201538,0.0,0.009471382413591625,14.479594075107325,37.10411714572352,43.85982034863716,32.04253468941643,-0.0036120813311955047,-0.006933371225993024
2025-04-23 18:17:00+00:00,2.979199886322021,2.979199886322021,2.979199886322021,2.979199886322021,0.0,2.869999885559082,642086.6666666666,3.1478348073621523,2.9815728261934895,2.979968136444638,3.042171024454124,0.004289526469235749,0.00741603540120838,0.0,0.008757097380501852,15.660642644476075,40.13056693743306,43.85982034863714,33.969361402293906,-0.0036120813311955047,-0.006933371225993024
2025-04-23 18:18:00+00:00,2.979199886322021,2.979199886322021,2.979199886322021,2.979199886322021,0.0,2.869999885559082,642086.6666666666,3.1478348073621523,2.981098238219196,2.9798949697662938,3.0415444459652474,0.00374224488898367,0.006681277298763439,0.0,0.008042812347412078,17.051469903191872,43.69457689994811,43.85982034863715,36.3242088584988,-0.0036120813311955047,-0.006933371225993024
2025-04-23 18:19:00+00:00,2.970000028610229,2.970000028610229,2.970000028610229,2.970000028610229,373.0,2.869999885559082,642086.6666666666,3.147781831565408,2.978878596297403,2.978952594418097,3.040832561215446,0.0025369245754358616,0.005852406754097924,0.009199857711791992,0.007985660008021731,17.173505075492294,52.23620233728549,50.51555260602991,39.31697582114744,0.0033783751129667916,-0.009999990463256947
2025-04-23 18:20:00+00:00,2.9600000381469727,2.969899892807007,2.9600000381469727,2.969899892807007,415.0,2.869999885559082,642086.6666666666,3.1477218012075356,2.9770828555993236,2.9780904323598976,3.0401267635198397,0.001555686435783965,0.004993062690435132,0.009999990463256392,0.008699945041111474,15.763521726959816,56.157717431091775,56.1644879551687,41.61082588444946,-0.003121641336558789,-0.006722447045359847
2025-04-23 18:21:00+00:00,2.970000028610229,2.970000028610229,2.970000028610229,2.970000028610229,104.0,2.869999885559082,642086.6666666666,3.147707045978121,2.975666290201505,2.9773199177170717,3.0394289850630276,0.0007771695364762188,0.00414988405964335,0.00010013580322221216,0.00870709759848449,15.832718866067747,64.31506621577444,60.49118799752155,43.890818630563956,-0.003088029693485872,-0.0066889568102753705
2025-04-23 18:22:00+00:00,2.970000028610229,2.970000028610229,2.970000028610229,2.970000028610229,349.0,2.869999885559082,642086.6666666666,3.1476575487346694,2.97453303788325,2.9766227854211817,3.0387381496754373,0.00015836376594746682,0.0033515800009041733,0.0,0.008071388517107187,17.07971659696874,61.50449199711319,56.53142812650279,45.723382748995604,-0.003088029693485872,-0.0066889568102753705
2025-04-23 18:23:00+00:00,2.9600000381469727,2.9600000381469727,2.950000047683716,2.9549999237060547,2006.0,2.869999885559082,642086.6666666666,3.147349603685757,2.970626415047811,2.9745634652578365,3.0379049334966375,-0.0015248498502238306,0.0023762940306785727,0.019999980926513228,0.008864249501909402,15.55202483713071,72.11932120550726,64.52198913527081,48.126701225196406,-0.008122973798123545,-0.011705714287309044
2025-04-23 18:24:00+00:00,2.950000047683716,2.9649999141693115,2.950000047683716,2.9649999141693115,4223.0,2.869999885559082,642086.6666666666,3.146721297539122,2.969501114872111,2.9736526508684533,3.037179510418754,-0.002028509713685178,0.0014953332818058225,0.014999866485595703,0.009299959455217508,18.663568310333286,68.74047786469735,57.293582786868626,50.32191991866258,-0.001683540199579503,-0.008361235882171414
2025-04-23 18:25:00+00:00,2.950000047683716,2.9649999141693115,2.950000047683716,2.9649999141693115,0.0,2.869999885559082,642086.6666666666,3.146721297539122,2.9686008747315515,2.9728285807066306,3.0364613054809486,-0.002399998100001799,0.0007162670054442984,0.014999866485595703,0.009735669408525613,17.828299348762265,65.66406789800561,57.29358278686863,52.85910832143936,-0.001649880068201215,-0.008361235882171414
2025-04-23 18:26:00+00:00,2.9649999141693115,2.970000028610229,2.950000047683716,2.950000047683716,3526.0,2.869999885559082,642086.6666666666,3.146190604200429,2.9648807093219847,2.970654434704448,3.0356009944580906,-0.0038602703946843953,-0.00019904047458144038,0.019999980926513228,0.010528530393327826,19.877943445727418,60.71917287517076,50.67331350520483,54.92342034695444,-0.0067340002470881455,-0.013377913620550408
2025-04-23 18:27:00+00:00,2.9549999237060547,2.9549999237060547,2.940000057220459,2.9474000930786133,3183.0,2.869999885559082,642086.6666666666,3.1456909421216994,2.9613845860733106,2.9684397355019874,3.0347233735488426,-0.005167770475601685,-0.0011927864747854895,0.014999866485595703,0.010964240346635932,19.08801021398679,64.82092127805291,54.50303114443154,55.56622254093052,-0.007609405829599014,-0.014247463652928283
2025-04-23 18:28:00+00:00,2.9600000381469727,2.970000028610229,2.9600000381469727,2.970000028610229,918.0,2.869999885559082,642086.6666666666,3.1455612154329162,2.9631076745806944,2.9685883348456295,3.034079360166369,-0.004330429294588711,-0.001820315038746134,0.022599935531615767,0.010435666356767737,30.32189103845491,67.35119169039713,37.91146917594318,51.52420761531137,0.005076177763606138,-0.0066889568102753705
2025-04-23 18:29:00+00:00,2.9600000381469727,2.970000028610229,2.9600000381469727,2.970000028610229,0.0,2.869999885559082,642086.6666666666,3.1455612154329162,2.9644861453866014,2.9687227818708295,3.033441754877253,-0.0036250431351674273,-0.0021812606580303927,0.009999990463256392,0.00977853366306831,18.33479043814093,57.85251777261517,51.869173832939204,52.09630429276152,0.00168637928690063,0.0033783751129667916
2025-04-23 18:30:00+00:00,2.9600000381469727,2.9600000381469727,2.9600000381469727,2.9600000381469727,1916.0,2.869999885559082,642086.6666666666,3.145280994166205,2.963588923938676,2.967892044373319,3.032710991526703,-0.0038287991653378484,-0.002510768359491884,0.009999990463256392,0.01049281869615805,17.086673342627197,53.914282607390426,51.86917383293919,52.668400970211664,-0.0016862988759106523,-0.006444632420670393
2025-04-23 18:31:00+00:00,2.9600000381469727,2.968899965286255,2.9600000381469727,2.968899965286255,2030.0,2.869999885559082,642086.6666666666,3.1449944998959545,2.964651132208192,2.967988036841218,3.0320760559422215,-0.0032348383440718997,-0.0026555823564078877,0.008899927139282227,0.011128527777535353,21.82303701776627,50.834468299998626,39.92902199896891,52.38762965952107,0.006406751626115703,-0.0034572776009608175
2025-04-23 18:32:00+00:00,2.9600000381469727,2.9600000381469727,2.9600000381469727,2.9600000381469727,2690.0,2.869999885559082,642086.6666666666,3.1446037338395514,2.963720913395948,2.967227275060814,3.0313588816358013,-0.003442585867363679,-0.002812983058599046,0.008899927139282227,0.011764236858912655,20.64377626487547,48.087504469462274,39.92902199896892,52.106858348830485,0.004274935424596116,-0.006444632420670393
2025-04-23 18:33:00+00:00,2.9600000381469727,2.9600000381469727,2.9600000381469727,2.9600000381469727,360.0,2.869999885559082,642086.6666666666,3.1445515632235983,2.962976738346153,2.9665389667833053,3.0306488433921315,-0.00356611927316397,-0.002963610301512031,0.0,0.011107104165213226,21.865129743089252,45.016191054442466,34.6151377324588,50.97111442928969,-0.0033670001235440727,-0.006444632420670393
2025-04-23 18:34:00+00:00,2.9649999141693115,2.970000028610229,2.9649999141693115,2.9649999141693115,4963.0,2.869999885559082,642086.6666666666,3.143861199785222,2.963381373510785,2.9663923903438776,3.029995620215785,-0.003223414660277424,-0.0030155711732651096,0.009999990463256392,0.011107104165213226,28.29601417943801,41.800672174078635,19.26575805100538,48.33549086470659,-0.001683540199579503,-0.001683540199579503
2025-04-23 18:35:00+00:00,2.9800000190734863,2.9800000190734863,2.970000028610229,2.970000028610229,719.0,2.869999885559082,642086.6666666666,3.143765375764416,2.964705104530674,2.966735974940673,3.029398649155033,-0.002519310296942301,-0.002916318998000548,0.015000104904174805,0.012171387672424126,31.631563703727515,35.21135234438731,5.355524343197401,44.39722917511201,0.0033783751129667916,3.371689512654541e-05
2025-04-23 18:36:00+00:00,2.9800000190734863,2.9800000190734863,2.970000028610229,2.970000028610229,0.0,2.869999885559082,642086.6666666666,3.143765375764416,2.965764089346585,2.9670468371949164,3.028807618104836,-0.0019389514903753735,-0.0027208454964755134,0.00999999046325728,0.012885672705513931,29.878147095750883,33.25949910790978,5.355524343197406,40.74180747630449,0.00037052892884115174,0.0
2025-04-23 18:37:00+00:00,2.9600000381469727,2.9600000381469727,2.950000047683716,2.950000047683716,2827.0,2.869999885559082,642086.6666666666,3.14334556123713,2.962611281014011,2.965423333431945,3.0280234631752725,-0.00305759818033291,-0.0027881960332469926,0.019999980926513228,0.012885672705513931,29.878147095750883,33.25949910790978,5.355524343197406,36.51563141972782,-0.0033783751129669026,-0.0067340002470881455
2025-04-23 18:38:00+00:00,2.9600000381469727,2.9600000381469727,2.9600000381469727,2.9600000381469727,10000.0,2.869999885559082,642086.6666666666,3.1419268680522845,2.9620890324406033,2.9649068291190903,3.0273466131749913,-0.0031014663115178642,-0.002850850088901167,0.009999990463256836,0.0125285387039183,27.879278870267992,39.9088461135903,17.74583268999812,33.690792127094205,0.0,0.0016920861489049255
2025-04-23 18:39:00+00:00,2.940000057220459,2.940000057220459,2.940000057220459,2.940000057220459,0.0,2.869999885559082,642086.6666666666,3.1419268680522845,2.957671237396575,2.962534755604935,3.026477493215245,-0.004695931658446728,-0.003219866402810279,0.019999980926513672,0.01288568973541244,27.106552426415718,49.88918272757201,29.589470450008875,31.711926960175653,-0.008431655201533661,-0.008431655201533661
2025-04-23 18:40:00+00:00,2.9326000213623047,2.9326000213623047,2.9326000213623047,2.9326000213623047,362.0,2.869999885559082,642086.6666666666,3.1418682501811634,2.952656994189721,2.9596838285342084,3.0255433890177037,-0.006481958005455368,-0.003872284723339297,0.007400035858154297,0.011985693659101087,26.162150488133765,58.04536212548122,37.86266883768808,30.796880912495887,-0.012592594911665755,-0.010927451515992392
2025-04-23 18:41:00+00:00,2.9326000213623047,2.9326000213623047,2.9326000213623047,2.9326000213623047,0.0,2.869999885559082,642086.6666666666,3.1418682501811634,2.9486455996242382,2.9571044183273605,3.024618579389292,-0.007807397929687543,-0.004659307364608947,0.0,0.010914274624415679,28.73040417295355,57.19898453554368,33.13020235622249,29.270250284766668,-0.012592594911665755,-0.005898313911917863
2025-04-23 18:42:00+00:00,2.9526000022888184,2.9526000022888184,2.9526000022888184,2.9526000022888184,831.0,2.869999885559082,642086.6666666666,3.1417466606352025,2.9494364801571544,2.95667542632369,3.0239019766320734,-0.007161434743085504,-0.005159732840304259,0.019999980926513672,0.010728563581194102,32.55654111850489,58.189096865952074,28.24659820215002,28.57990235806716,0.0008813405298566668,0.001764235952362192
2025-04-23 18:43:00+00:00,2.9526000022888184,2.9526000022888184,2.9526000022888184,2.9526000022888184,0.0,2.869999885559082,642086.6666666666,3.1417466606352025,2.950069184583487,2.956287290701321,3.0231925042505483,-0.006573726437421712,-0.00544253155972775,0.0,0.010014278548104358,34.878690431449726,62.3395307470055,28.246598202150025,26.892575527296504,-0.0025000120820224403,-0.005858594664577388
2025-04-23 18:44:00+00:00,2.9526000022888184,2.9526000022888184,2.9526000022888184,2.9526000022888184,0.0,2.869999885559082,642086.6666666666,3.1417466606352025,2.950575348124554,2.955936120376321,3.022490091295705,-0.006038356950791357,-0.005561696637940472,0.0,0.009299993515014617,37.55754461653416,67.12751191178094,28.246598202150018,25.205248696525846,0.004285695518071453,-0.005858594664577388
2025-04-23 18:45:00+00:00,2.9526000022888184,2.9526000022888184,2.9526000022888184,2.9526000022888184,0.0,2.869999885559082,642086.6666666666,3.1417466606352025,2.950980278957407,2.9556183948441777,3.0217946675244924,-0.005550094738180356,-0.005559376257988449,0.0,0.008664284433637315,32.97606575872363,72.05273906232448,37.20567264397715,25.01072374259786,0.006819880236249576,-0.0025000120820224403
2025-04-23 18:46:00+00:00,2.9526000022888184,2.9526000022888184,2.9526000022888184,2.9526000022888184,0.0,2.869999885559082,642086.6666666666,3.1417466606352025,2.9513042236236893,2.955330928886524,3.021106163392794,-0.005104304175727936,-0.005468361841536346,0.0,0.008028575352260012,35.58713728152059,77.75793314101428,37.205672643977145,24.81619878866988,0.006819880236249576,-0.005490236514541835
2025-04-23 18:47:00+00:00,2.9526000022888184,2.9526000022888184,2.9526000022888184,2.9526000022888184,0.0,2.869999885559082,642086.6666666666,3.1417466606352025,2.951563379356715,2.9550708406391237,3.020424510048476,-0.004696869356989097,-0.005314063344626897,0.0,0.008028575352260012,35.58713728152059,77.75793314101428,37.205672643977145,25.001236996635477,0.0,-0.0025000120820224403
2025-04-23 18:48:00+00:00,2.9526000022888184,2.9526000022888184,2.9526000022888184,2.9526000022888184,0.0,2.869999885559082,642086.6666666666,3.1417466606352025,2.951770703943136,2.9548355227009995,3.0197496393244996,-0.004324128466444588,-0.005116076368990436,0.0,0.00731429031917027,29.296828615799846,80.46878092279952,46.61929407771832,26.95506099854354,0.0,-0.0025000120820224403
2025-04-23 18:49:00+00:00,2.9526000022888184,2.9526000022888184,2.9526000022888184,2.9526000022888184,0.0,2.869999885559082,642086.6666666666,3.1417466606352025,2.9519365636122727,2.9546226159950773,3.019081483732105,-0.003982817187910381,-0.004889424532774426,0.0,0.006242854254586356,22.883283958295824,88.55835802085159,58.9322562878647,30.781970423162637,0.0,-0.004182095190369384
2025-04-23 18:50:00+00:00,2.930000066757202,2.930000066757202,2.930000066757202,2.930000066757202,984.0,2.869999885559082,642086.6666666666,3.1415857077592784,2.9475492642412586,2.952277611305756,3.018195101473648,-0.005472863696562413,-0.005006112365532024,0.02259993553161621,0.007142850330897709,20.00000000000009,100.0,66.66666666666656,35.16133773198186,-0.00765424897178657,-0.013468000494176513
2025-04-23 18:51:00+00:00,2.9200000762939453,2.9200000762939453,2.9159998893737797,2.9159998893737797,2473.0,2.869999885559082,642086.6666666666,3.1411581255668817,2.941239389267763,2.948822590169377,3.0171782336915602,-0.007694733502341844,-0.005543836592893989,0.014000177383422407,0.00671429293496265,21.27655257250844,100.0,64.91233940742555,39.415395950855306,-0.012395892734087477,-0.018181864887630295
2025-04-23 18:52:00+00:00,2.9100000858306885,2.9100000858306885,2.900000095367432,2.900000095367432,5964.0,2.869999885559082,642086.6666666666,3.140069545170058,2.932991530487697,2.944172828759668,3.016012282066445,-0.010624162262335535,-0.0065599017267822975,0.015999794006347656,0.007142850330897709,20.00000000000009,100.0,66.66666666666656,42.909741234903045,-0.017814775750393363,-0.016949136104435936
2025-04-23 18:53:00+00:00,2.9049999713897705,2.9049999713897705,2.9049999713897705,2.9049999713897705,3984.0,2.869999885559082,642086.6666666666,3.139352979859798,2.9273932186681115,2.9404420804387255,3.014907681960209,-0.012399375172089222,-0.007727796415843683,0.004999876022338423,0.006071414266313762,23.529444763895174,100.0,61.904718654135344,45.21797324948351,-0.016121394994970117,-0.018581103394726073
2025-04-23 18:54:00+00:00,2.9049999713897705,2.9049999713897705,2.9049999713897705,2.9049999713897705,0.0,2.869999885559082,642086.6666666666,3.139352979859798,2.9229145692124434,2.937066641481682,3.013814072899807,-0.013648908076630217,-0.00891201874800099,0.0,0.005542840276445598,25.773249722714958,100.0,59.01632536404084,46.72894871565156,-0.016121394994970117,-0.011904790867173776
2025-04-23 18:55:00+00:00,2.9049999713897705,2.9049999713897705,2.9049999713897705,2.9049999713897705,0.0,2.869999885559082,642086.6666666666,3.139352979859798,2.919331649647909,2.9340126729015,3.0127313455215976,-0.014472343736009918,-0.010024083745602775,0.0,0.005542840276445598,25.773249722714958,100.0,59.01632536404084,48.5779575019243,-0.0085324555623989,-0.009411460741827637
2025-04-23 18:56:00+00:00,2.9100000858306885,2.9200000762939453,2.9100000858306885,2.9200000762939453,2764.0,2.869999885559082,642086.6666666666,3.138883027381512,2.919465334977116,2.9326781398912565,3.0118086463253024,-0.01375596907523624,-0.010770460811529468,0.015000104904174805,0.005185706274849965,20.661333438421828,86.22588717463678,61.339936954263734,50.94176741278957,0.0013718062660916797,-0.004296509914947788
2025-04-23 18:57:00+00:00,2.9100000858306885,2.9200000762939453,2.9100000858306885,2.9200000762939453,0.0,2.869999885559082,642086.6666666666,3.138883027381512,2.919572283240482,2.931470705262941,3.0108951282155374,-0.013037943696279974,-0.011223957388479571,0.009999990463256836,0.005899991307939738,18.159960051840436,75.78691235939463,61.33993695426376,53.30557732365484,0.006896544920278469,-0.011041091231322242
2025-04-23 18:58:00+00:00,2.950000047683716,2.950000047683716,2.950000047683716,2.950000047683716,258.0,2.869999885559082,642086.6666666666,3.138845826817561,2.9256578361291288,2.93323540454111,3.010289207016216,-0.009933647534138501,-0.010965895417611358,0.029999971389770508,0.008042846407209061,39.96459712288133,91.11900194377034,39.02426023173096,54.075410325767756,0.015490559978359242,-0.0008805644527152268
2025-04-23 18:59:00+00:00,2.950000047683716,2.950000047683716,2.950000047683716,2.950000047683716,0.0,2.869999885559082,642086.6666666666,3.138845826817561,2.9305262784400465,2.9348320372213585,3.0096893148835546,-0.00738830270586055,-0.010250376875261199,0.0,0.008042846407209061,39.96459712288133,91.11900194377034,39.02426023173096,54.20530943917874,0.015490559978359242,-0.0008805644527152268
2025-04-23 19:00:00+00:00,2.950000047683716,2.950000047683716,2.950000047683716,2.950000047683716,130.0,2.869999885559082,642086.6666666666,3.1388270878987052,2.9344210322887805,2.936276609646345,3.00909539182684,-0.005309889490476838,-0.009262279398304327,0.0,0.008042846407209061,39.96459712288133,91.11900194377034,39.02426023173096,54.33520855258973,0.015490559978359242,-0.0008805644527152268
2025-04-23 19:01:00+00:00,2.934999942779541,2.934999942779541,2.9200000762939453,2.9200000762939453,410.0,2.869999885559082,642086.6666666666,3.1387601912260195,2.9315368410898133,2.934726463612783,3.008208871274274,-0.006014151617887098,-0.008612653842220881,0.029999971389770508,0.010185701506478382,31.556895338125315,92.98737516865707,49.32421184897975,55.2008184958042,0.0,-0.011041091231322242
2025-04-23 19:02:00+00:00,2.934999942779541,2.934999942779541,2.9200000762939453,2.9200000762939453,0.0,2.869999885559082,642086.6666666666,3.1387601912260195,2.9292294881306398,2.9333239505347986,3.007331171821733,-0.006497386599557231,-0.008189600393688152,0.014999866485595703,0.01125712054116379,28.553404506059728,84.13711515973009,49.32421184897975,55.39402690803716,0.0,-0.011041091231322242
2025-04-23 19:03:00+00:00,2.930000066757202,2.930000066757202,2.930000066757202,2.930000066757202,332.0,2.869999885559082,642086.6666666666,3.1387073182657703,2.9293836038559524,2.9330073901750273,3.0065617080897478,-0.006004225176737155,-0.007752525350297952,0.009999990463256836,0.011971405574253564,26.84973910470536,85.08358891778234,52.025478775523986,54.900685657155684,-0.006779654441774419,-0.00765424897178657
2025-04-23 19:04:00+00:00,2.930000066757202,2.930000066757202,2.930000066757202,2.930000066757202,0.0,2.869999885559082,642086.6666666666,3.1387073182657703,2.9295068964362025,2.9327209784209485,3.0057999007133045,-0.0055494209260746885,-0.0073119044654533,0.0,0.010357124464852405,31.03459048658871,82.7586887283716,45.45444036644192,53.38552663571107,-0.006779654441774419,-0.00765424897178657
2025-04-23 19:05:00+00:00,2.9100000858306885,2.9600000381469727,2.9100000858306885,2.940000057220459,23502.0,2.869999885559082,642086.6666666666,3.135148760516354,2.931605528593054,2.9334142240209022,3.0051451759024306,-0.004332131508388848,-0.00671594987404041,0.04999995231628418,0.012928536960056818,41.43660090599312,69.61327349581836,25.372989156091847,50.561287332044365,-0.0033898272208872093,0.003412965950654101
2025-04-23 19:06:00+00:00,2.9100000858306885,2.9600000381469727,2.9100000858306885,2.940000057220459,0.0,2.869999885559082,642086.6666666666,3.135148760516354,2.9332844343185354,2.934041446230384,3.004496965766292,-0.0033290457081118774,-0.006038569040854704,0.04999995231628418,0.015357119696480856,34.88379571821772,51.162819065530734,18.918842290571572,47.15072844803759,0.006849308357518069,0.008230510547732939
2025-04-23 19:07:00+00:00,2.934999942779541,2.940000057220459,2.934999942779541,2.940000057220459,1250.0,2.869999885559082,642086.6666666666,3.134964559075549,2.9346275588989204,2.9346089329913436,3.003855205482254,-0.0025052144320190095,-0.005331898119087565,0.005000114440917969,0.015357136726379395,34.883757034737044,60.465082753458454,26.829194540328807,44.64533386847999,0.006849308357518069,0.013793089840556938
2025-04-23 19:08:00+00:00,2.970000028610229,2.970000028610229,2.950000047683716,2.9549999237060547,4326.0,2.869999885559082,642086.6666666666,3.134394298290385,2.9387020318603474,2.93655093210703,3.0033690832755258,-0.0006346425794538924,-0.004392447011160831,0.029999971389770064,0.017499991825648684,42.85717066107167,59.18369332933709,15.999984741211145,41.572738109706435,0.00853237419087205,0.017211687713843293
2025-04-23 19:09:00+00:00,2.970000028610229,2.970000028610229,2.950000047683716,2.9549999237060547,0.0,2.869999885559082,642086.6666666666,3.134394298290385,2.9419616102294888,2.9383079789259847,3.0028877981056805,0.0008381375623498499,-0.0033463300964586946,0.019999980926513228,0.0189285618918282,39.622668669983504,54.71700150248783,15.999984741211138,38.500142350932876,0.00853237419087205,0.017211687713843293
2025-04-23 19:10:00+00:00,2.970000028610229,2.970000028610229,2.950000047683716,2.9549999237060547,0.0,2.869999885559082,642086.6666666666,3.134394298290385,2.944569272924802,2.9398976879526577,3.0024113018429976,0.0019824737126250547,-0.002280569334641945,0.019999980926513228,0.019285695893423802,33.333333333333336,51.85185185185211,21.739130434782844,35.671513313827106,0.005101995303965046,0.017211687713843293
2025-04-23 19:11:00+00:00,2.970000028610229,2.970000028610229,2.950000047683716,2.9549999237060547,0.0,2.869999885559082,642086.6666666666,3.134394298290385,2.9466554030810523,2.9413359961196477,3.00193954683666,0.002856441081500183,-0.0012531672514135195,0.019999980926513228,0.019999980926513544,32.14285714285719,50.00000000000032,21.739130434782844,32.84288427672132,0.005101995303965046,0.011986248800558652
2025-04-23 19:12:00+00:00,2.970000028610229,2.970000028610229,2.970000028610229,2.970000028610229,204.0,2.869999885559082,642086.6666666666,3.1343692735121627,2.951324328186888,2.9440659039758934,3.0016217406851533,0.004705210880450839,-6.149162504064793e-05,0.01500010490417436,0.018928561891828104,22.641499248756197,45.28299849751256,33.3333333333335,32.43638949826436,0.010204071702683226,0.017123270893795173
2025-04-23 19:13:00+00:00,2.950000047683716,2.958899974822998,2.944999933242798,2.958899974822998,1890.0,2.869999885559082,642086.6666666666,3.1341156303068742,2.95283945751411,2.9454786726279982,3.0011966484875203,0.005214582234146281,0.000993723146796738,0.025000095367431197,0.020714282989501762,20.689638162762666,50.000000000000156,41.46344867369446,32.61061724411889,0.0013198142868484641,0.003016924405228494
2025-04-23 19:14:00+00:00,2.970000028610229,2.970000028610229,2.970000028610229,2.970000028610229,1608.0,2.869999885559082,642086.6666666666,3.1339192232031703,2.956271571733334,2.947814039864401,3.000886234359388,0.006439711292186789,0.0020829207758747484,0.011100053787231001,0.021507143974303977,23.613415102481923,56.45967036317076,41.02034418890755,32.753194669631505,0.005076177763606138,0.006779654441774197
2025-04-23 19:15:00+00:00,2.970000028610229,2.970000028610229,2.970000028610229,2.970000028610229,0.0,2.869999885559082,642086.6666666666,3.1339192232031703,2.9590172631087133,2.9499269911735273,3.000578908929048,0.0073261832175215424,0.0031315732642041077,0.0,0.019364288875034656,26.22647914475371,51.64149098213322,32.63859555599741,31.56136493441849,0.005076177763606138,0.006779654441774197
2025-04-23 19:16:00+00:00,2.970000028610229,2.970000028610229,2.970000028610229,2.970000028610229,203.0,2.869999885559082,642086.6666666666,3.1338944614427526,2.9612138162090167,2.9518387090246416,3.000274641463189,0.007937223236316182,0.004092703258626523,0.0,0.01829286984034925,27.762572125992158,54.66614905386725,32.63859555599741,30.369535199205462,0.005076177763606138,0.017123270893795173
2025-04-23 19:17:00+00:00,2.950000047683716,2.959199905395508,2.944999933242798,2.951200008392334,6954.0,2.869999885559082,642086.6666666666,3.1329570167887915,2.9592110546456802,2.951777880392993,2.999786336656514,0.006825788894783802,0.004639320385857979,0.025000095367431197,0.01936430590493313,26.22645607993128,57.174492140813776,37.1075350114359,29.303967787484883,-0.006329973076361295,0.010684907973696811
2025-04-23 19:18:00+00:00,2.950000047683716,2.950000047683716,2.950000047683716,2.950000047683716,34.0,2.869999885559082,642086.6666666666,3.1329524117739416,2.9573688532532874,2.9516085629921096,2.999290950696586,0.005781496873866754,0.004867755683459735,0.001199960708618164,0.019450017384120142,26.11088248942748,58.75878855801992,38.468283976663756,28.804956616786445,-0.003007849949309138,0.006825931901308424
2025-04-23 19:19:00+00:00,2.944999933242798,2.944999933242798,2.944799900054932,2.944799900054932,524.0,2.869999885559082,642086.6666666666,3.1328794791062595,2.9548550626136167,2.9509601189028545,2.9987487511877142,0.0044826067688710225,0.0047907259005419926,0.005200147628783736,0.016250031335012967,18.06591029609951,63.82426855416979,55.8777119558334,30.983865388196552,-0.008484891687724705,0.005051137529191063
2025-04-23 19:20:00+00:00,2.940000057220459,2.940000057220459,2.940000057220459,2.940000057220459,1362.0,2.869999885559082,642086.6666666666,3.1326852741858864,2.9518840615349853,2.949916303504531,2.998164187068637,0.0030309805429036274,0.00443877682901432,0.0047998428344731,0.013021452086312177,22.54522817126867,82.28198733231996,56.985925719839685,33.70294277600142,-0.01010100037063233,0.0
2025-04-23 19:21:00+00:00,2.940000057220459,2.940000057220459,2.940000057220459,2.940000057220459,608.0,2.869999885559082,642086.6666666666,3.132598706851883,2.9495072606720805,2.9489718990965237,2.997585439507959,0.0018591254593913753,0.003922846555089732,0.0,0.012664301054818037,23.181035189894146,70.50215759812103,50.511859171264966,35.39456167821114,-0.01010100037063233,0.0
2025-04-23 19:22:00+00:00,2.940000057220459,2.940000057220459,2.940000057220459,2.940000057220459,0.0,2.869999885559082,642086.6666666666,3.132598706851883,2.9476058199817565,2.94811743796547,2.997012450629476,0.0009198187647947442,0.003322240997030734,0.0,0.010521445955548745,7.535665612425443,74.6776579662107,81.66801855366505,40.08513552195785,-0.003795049857693744,0.0
2025-04-23 19:23:00+00:00,2.950000047683716,2.950000047683716,2.9303998947143555,2.9303998947143555,1714.0,2.869999885559082,642086.6666666666,3.1323512056649876,2.9441646349282764,2.9464300528939353,2.9963496391278333,-0.0005924124780656292,0.0025393103020114618,0.01960015296936035,0.010492886815752112,14.363502097720461,81.41606277743091,70.00716777854801,43.9427914531962,-0.006644119543235294,-0.008324883122449167
2025-04-23 19:24:00+00:00,2.920799970626831,2.920799970626831,2.920799970626831,2.920799970626831,1881.0,2.869999885559082,642086.6666666666,3.1320579446875536,2.939491702067987,2.9439890926780206,2.9955979011327987,-0.0025362638066268595,0.0015241954802837979,0.009599924087524414,0.009750025612967197,15.457867268446314,94.6521019206184,71.92285606418739,47.52734328386795,-0.0081499355618877,-0.011573588481292196
2025-04-23 19:25:00+00:00,2.9200000762939453,2.950000047683716,2.9200000762939453,2.950000047683716,373.0,2.869999885559082,642086.6666666666,3.132005164427014,2.941593371191133,2.9445615645833247,2.995144191148231,-0.001700970081655484,0.0008791623678959415,0.029999971389770508,0.010464310646057002,34.33447198954553,88.7372308032814,44.20411644528467,49.131985141760936,0.003401357234227742,-0.001692005465796509
2025-04-23 19:26:00+00:00,2.9200000762939453,2.950000047683716,2.9200000762939453,2.950000047683716,0.0,2.869999885559082,642086.6666666666,3.132005164427014,2.9432747064896496,2.9450795153547906,2.994694995690873,-0.0010271534016164097,0.0004978992139934714,0.029999971389770508,0.011535729680742441,31.1455443834415,68.11159450885074,37.242711746429165,49.41122645698206,0.003401357234227742,-0.001692005465796509
2025-04-23 19:27:00+00:00,2.950000047683716,2.950000047683716,2.950000047683716,2.950000047683716,243.0,2.869999885559082,642086.6666666666,3.1319725850575533,2.944619774728463,2.945548137481355,2.9942502698400557,-0.0004875288984340642,0.0003008135915079643,0.0,0.009750008583068783,36.84987328020001,84.24919173552843,39.14094501817348,49.24533333873056,0.003401357234227742,-0.0067340002470881455
2025-04-23 19:28:00+00:00,2.950000047683716,2.950000047683716,2.950000047683716,2.950000047683716,0.0,2.869999885559082,642086.6666666666,3.1319725850575533,2.9456958293195137,2.9459721289291987,2.9938099691220823,-5.919028313750019e-05,0.0002288128165788714,0.0,0.00895714759826657,31.260005399588678,71.7704186202149,39.31888430628964,49.12380048997214,0.006688559129664817,-0.003007849949309138
2025-04-23 19:29:00+00:00,2.950000047683716,2.950000047683716,2.950000047683716,2.950000047683716,621.0,2.869999885559082,642086.6666666666,3.1318893796347784,2.9465566729923545,2.9463557402391527,2.9933740495057806,0.00027707718221625655,0.00023846568970634844,0.0,0.00895714759826657,31.260005399588678,71.7704186202149,39.31888430628964,49.600963972135865,0.009997287507031327,-0.0067340002470881455
2025-04-23 19:30:00+00:00,2.948499917984009,2.950000047683716,2.924999952316284,2.934999942779541,19306.0,2.869999885559082,642086.6666666666,3.129153185896498,2.944245326949792,2.94527423571919,2.992793212622933,-0.0006592125416404748,5.893004343698381e-05,0.02500009536743164,0.010742868695940258,26.063846651364006,76.46284859168318,49.156955484466344,50.780846824169366,-0.005084781241258773,-0.011784540570211943
2025-04-23 19:31:00+00:00,2.930000066757202,2.934400081634521,2.930000066757202,2.934400081634521,1688.0,2.869999885559082,642086.6666666666,3.1289130221263033,2.9422762778867377,2.9442386019968403,2.992212186443944,-0.00143311264407453,-0.00023947849406531898,0.004999876022338867,0.009314281599862235,30.06141475160759,72.85299769443282,41.57977675406883,51.10029266292886,-0.005288123998995697,-0.011986514017768068
2025-04-23 19:32:00+00:00,2.934799909591675,2.934799909591675,2.9200000762939453,2.9200000762939453,5481.0,2.869999885559082,642086.6666666666,3.1281055707186076,2.9378210375681792,2.941930170977517,2.99149365798474,-0.003171831239884071,-0.0008259490432290695,0.014799833297729492,0.010285701070513045,27.499962747049462,69.44463300876355,43.26664104863111,51.44303245378368,-0.010169481662661628,-0.01057194768557379
2025-04-23 19:33:00+00:00,2.9200000762939453,2.940000057220459,2.9200000762939453,2.940000057220459,5649.0,2.869999885559082,642086.6666666666,3.127314163587151,2.9382568414986356,2.9417463506197024,2.9909812838477823,-0.002902488855114349,-0.0012412570056061253,0.019999980926513672,0.011342832020350897,28.211676530731943,59.69786233548643,35.81657486870735,50.010094090417525,-0.0033898272208872093,-0.0033898272208872093
2025-04-23 19:34:00+00:00,2.9200000762939453,2.940000057220459,2.9200000762939453,2.940000057220459,0.0,2.869999885559082,642086.6666666666,3.127314163587151,2.9386054846430008,2.9415800369626313,2.9904740079609433,-0.0026583888231139774,-0.0015246833691076956,0.019999980926513672,0.012428556169782366,25.74718282068734,51.72428912809944,33.531189809565646,48.33475581111224,-0.0033898272208872093,-0.0016299385348333972
2025-04-23 19:35:00+00:00,2.9200000762939453,2.9200000762939453,2.9200000762939453,2.9200000762939453,1107.0,2.869999885559082,642086.6666666666,3.1271492212138634,2.9348844029731898,2.939524802613233,2.989772774810028,-0.00403228740388295,-0.0020262041760627466,0.019999980926513672,0.013857126235961914,23.092833423867187,46.391886876393336,33.53118980956565,47.12185085670514,-0.0051106871475405935,-0.006802714468455484
2025-04-23 19:36:00+00:00,2.9200000762939453,2.9200000762939453,2.9200000762939453,2.9200000762939453,0.0,2.869999885559082,642086.6666666666,3.1271492212138634,2.9319075376373407,2.937665304868539,2.9890785191034004,-0.005062751677660238,-0.002633513676382245,0.0,0.013857126235961914,23.092833423867187,46.391886876393336,33.53118980956565,43.683505946412325,-0.004907308117492515,-0.006802714468455484
2025-04-23 19:37:00+00:00,2.9200000762939453,2.9200000762939453,2.9200000762939453,2.9200000762939453,0.0,2.869999885559082,642086.6666666666,3.1271492212138634,2.929526045368662,2.935982902147149,2.988391171413754,-0.005812400306087984,-0.003269291002323393,0.0,0.012457115309579032,19.954202751936386,46.10101369132655,39.583264346501004,41.51036998698039,0.0,-0.006802714468455484
2025-04-23 19:38:00+00:00,2.9100000858306885,2.9198999404907227,2.9100000858306885,2.9100000858306885,4139.0,2.869999885559082,642086.6666666666,3.1265149590195236,2.925620853461067,2.933508348212248,2.9876111606119324,-0.007131213709405948,-0.004041675543739904,0.009999990463256836,0.012485691479274206,19.90853330023499,46.22437302482531,39.79235328815156,39.215334074406414,-0.010204071702683226,-0.006961441993109108
2025-04-23 19:39:00+00:00,2.900000095367432,2.900000095367432,2.900000095367432,2.900000095367432,2501.0,2.869999885559082,642086.6666666666,3.1261097318409927,2.9204967018423402,2.9303170860365517,2.9867394087189525,-0.008880924718083438,-0.0050095253786086105,0.009999990463256392,0.011057121413094626,3.6175623039168077,58.13974621001502,88.28458561110797,42.36393901482236,-0.013605428936910857,-0.007121293984036492
2025-04-23 19:40:00+00:00,2.909899950027466,2.909899950027466,2.909899950027466,2.909899950027466,1077.0,2.869999885559082,642086.6666666666,3.125943296799542,2.9183773514793656,2.9283725968928294,2.985974836990679,-0.009360841806496989,-0.005879788664186286,0.009899854660033736,0.009621398789542,11.506962304259941,74.16504563951052,73.13717145088424,44.927828993712005,-0.0034589472611584737,-0.013593253223075696
2025-04-23 19:41:00+00:00,2.909899950027466,2.909899950027466,2.909899950027466,2.909899950027466,0.0,2.869999885559082,642086.6666666666,3.125943296799542,2.916681871188986,2.9266132971913663,2.985217872941294,-0.009630168963441932,-0.006629864724037416,0.0,0.009621398789542,11.506962304259941,51.8932830180661,63.70057482977016,46.682088265968915,-0.0034589472611584737,-0.013593253223075696
2025-04-23 19:42:00+00:00,2.909899950027466,2.909899950027466,2.909899950027466,2.909899950027466,0.0,2.869999885559082,642086.6666666666,3.125943296799542,2.915325486956682,2.9250215498424237,2.9844684408724995,-0.009731434753487367,-0.007250178729927406,0.0,0.009621398789542,11.506962304259941,51.8932830180661,63.70057482977016,48.423637589074666,-0.0034589472611584737,-0.013593253223075696
2025-04-23 19:43:00+00:00,2.90910005569458,2.90910005569458,2.90910005569458,2.90910005569458,1454.0,2.869999885559082,642086.6666666666,3.125718177401417,2.9140804007042616,2.9235052170664386,2.9837185066916248,-0.009763683740864781,-0.007752879732114882,0.0007998943328857422,0.009678534099033837,11.439033230927395,52.17727149558497,64.03741688517117,50.18924705899478,-0.0003092886974439546,-0.013864403840009976
2025-04-23 19:44:00+00:00,2.9100000858306885,2.9100000858306885,2.900000095367432,2.9100000858306885,3379.0,2.869999885559082,642086.6666666666,3.1251909592423206,2.913264337729547,2.9222190140916053,2.982984990066143,-0.009605885714524032,-0.008123480928596712,0.009999990463256392,0.008607098034449891,13.60991351593075,45.47724525188351,53.93275358048087,50.53037549442438,0.0034482724601392345,-0.013559308883548837
2025-04-23 19:45:00+00:00,2.9100000858306885,2.9103000164031982,2.9100000858306885,2.9100000858306885,4492.0,2.869999885559082,642086.6666666666,3.1245049491279007,2.9126114873497753,2.921055306638185,2.9822587721135516,-0.009372785999134603,-0.00837334194270429,0.0002999305725097656,0.008271387645176384,14.421307067354777,51.640731483348794,56.340108831833234,51.584684928550416,3.441211208032868e-05,-0.008517838990203419
2025-04-23 19:46:00+00:00,2.9100000858306885,2.9198999404907227,2.9100000858306885,2.9198999404907227,2635.0,2.869999885559082,642086.6666666666,3.124116707184937,2.914069177977965,2.9209452717669984,2.981638286226757,-0.008293613645260933,-0.008357396283215619,0.00989985466003418,0.00792138917105529,23.35438765462875,44.905255554169024,31.571902351758343,50.74934645020236,0.0034365409928140966,-0.004941432913170285
2025-04-23 19:47:00+00:00,2.9100000858306885,2.9198999404907227,2.9100000858306885,2.9198999404907227,0.0,2.869999885559082,642086.6666666666,3.124116707184937,2.9152353304805163,2.920845716407353,2.9810239743288864,-0.007353594124189122,-0.00815663585141032,0.00989985466003418,0.007199951580592469,20.53559390987795,49.404777391710475,41.27685190195276,51.13936623829131,0.0034365409928140966,-3.429308239943918e-05
2025-04-23 19:48:00+00:00,2.9100000858306885,2.9198999404907227,2.9100000858306885,2.9198999404907227,0.0,2.869999885559082,642086.6666666666,3.124116707184937,2.9161682524825574,2.920755642510531,2.9804157749872133,-0.006533309950993882,-0.007831970671327033,0.00989985466003418,0.006478513990129648,22.82240681352174,54.90641922086,41.276851901952774,51.69262781631897,0.003712448726196804,-0.006836774264807111
2025-04-23 19:49:00+00:00,2.9200000762939453,2.9200000762939453,2.914999961853028,2.9200000762939453,7556.0,2.869999885559082,642086.6666666666,3.1230206335094866,2.916934617244835,2.9206836838232375,2.9798146237564342,-0.005808195449788389,-0.007427215627019304,0.005000114440917525,0.005407094955444209,27.47696106530276,72.39107292460609,44.97346154210032,52.50993294007145,0.0034364227382495116,-0.006802714468455484
2025-04-23 19:50:00+00:00,2.9100000858306885,2.9100000858306885,2.890000104904175,2.8949999809265137,5510.0,2.869999885559082,642086.6666666666,3.122151304767988,2.912547689981171,2.9182376168806927,2.9789706969621066,-0.007168205138271322,-0.007375413529269708,0.029999971389770508,0.007549950054713531,19.678347073883092,75.49663347130317,58.64806704207227,54.3039955995362,-0.005154675072764792,-0.008561676271995777
2025-04-23 19:51:00+00:00,2.890000104904175,2.890000104904175,2.888999938964844,2.888999938964844,2275.0,2.869999885559082,642086.6666666666,3.1217799758999747,2.9078381397779056,2.915453076126802,2.978075465539248,-0.00863068667304745,-0.007626468158025257,0.006000041961669478,0.007978524480547065,18.621304970533654,72.33666523657391,59.055143978842736,55.694844144703474,-0.010582554935319233,-0.010616485109290252
2025-04-23 19:52:00+00:00,2.884999990463257,2.884999990463257,2.884999990463257,2.884999990463257,1416.0,2.869999885559082,642086.6666666666,3.1215451542540973,2.903270509914976,2.9125527822540835,2.977149341409139,-0.009997234346596606,-0.008100621395739527,0.003999948501587358,0.007549950054713531,19.678347073883092,70.76635050244207,56.48534938761495,56.88720100895085,-0.011952447254613974,-0.011986330450754812
2025-04-23 19:53:00+00:00,2.880000114440918,2.880000114440918,2.865000009536743,2.865000009536743,15432.0,2.869999885559082,642086.6666666666,3.118855482789906,2.89561640983933,2.908023946757194,2.976033427659165,-0.012549402833155199,-0.008990377683222662,0.019999980926513672,0.008264235087803338,17.97753040525207,73.29304027794424,60.606074289482045,54.910164485977575,-0.018801990504083155,-0.015463943287513549
2025-04-23 19:54:00+00:00,2.865000009536743,2.865000009536743,2.8399999141693115,2.845000028610229,12437.0,2.869999885559082,642086.6666666666,3.116558439187448,2.88549313359351,2.9020216688384353,2.974729612743255,-0.016001391973933465,-0.010392580541364823,0.02500009536743164,0.00934282370976033,8.333378902796746,76.37624336280818,80.3248351724019,55.423569037514554,-0.025684947165791172,-0.01896553963741665
2025-04-23 19:55:00+00:00,2.8499999046325684,2.8499999046325684,2.845000028610229,2.845000028610229,2843.0,2.869999885559082,642086.6666666666,3.1160323567070267,2.877394512596854,2.896591036435749,2.9734387711100907,-0.018523589825267806,-0.01201878239814542,0.004999876022339311,0.009699957711355995,8.026559734824039,77.24620073597565,81.1743874819847,56.671698512672734,-0.017271140810260932,-0.02230314530801114
2025-04-23 19:56:00+00:00,2.845000028610229,2.859999895095825,2.845000028610229,2.8550000190734863,8757.0,2.869999885559082,642086.6666666666,3.1144645178143904,2.8729156138921805,2.892629987163153,2.9722602760649504,-0.01949085568522424,-0.013513197055561185,0.014999866485596147,0.010771376746041434,13.859490464791984,69.56259150226532,66.77260951059701,56.89112956130322,-0.011768750643705528,-0.018866604315196933
2025-04-23 19:57:00+00:00,2.8550000190734863,2.8550000190734863,2.849900007247925,2.849900007247925,7587.0,2.869999885559082,642086.6666666666,3.113112290314408,2.8683124925633297,2.8885604652664645,2.9710427609523435,-0.020433405599363574,-0.014897238764321665,0.0051000118255615234,0.011078527995518275,13.475237266614812,70.27749510402224,67.82137875339549,57.16141255189067,-0.012166372038599493,-0.020619245956884136
2025-04-23 19:58:00+00:00,2.8499999046325684,2.8550000190734863,2.8499999046325684,2.8550000190734863,2800.0,2.869999885559082,642086.6666666666,3.112620039951198,2.865649997865361,2.885364232295705,2.9698881068042953,-0.020532172758552125,-0.01602422556316776,0.0051000118255615234,0.010728529521397214,13.315618541482099,66.57809270741079,66.6666666666668,58.070977772332526,-0.0034903980558358416,-0.01859682911737348
2025-04-23 19:59:00+00:00,2.859999895095825,2.859999895095825,2.8399999141693115,2.8399999141693115,18213.0,2.869999885559082,642086.6666666666,3.1093819346600844,2.860519981126151,2.8810438210455724,2.9685956869770815,-0.021572159126242774,-0.017133812275782763,0.019999980926513672,0.012135675975254636,14.53796606839642,58.85828152846615,60.384988212890974,58.359897728122355,-0.0017575094518926804,-0.024055041098527963
