timestamp,open,high,low,close,volume,prev_close,avg_daily_vol,vwap,ema9,ema20,ema200,macd,macd_signal,tr,atr14,pdi,mdi,dx,adx14,mom5,mom15
2025-04-23 13:30:00+00:00,11.100000381469728,11.239999771118164,11.074999809265137,11.074999809265137,35585.0,10.829999923706056,2106610.0,11.129999796549479,11.074999809265137,11.074999809265137,11.074999809265137,0.0,0.0,0.16499996185302734,,,,,,,
2025-04-23 13:31:00+00:00,11.074999809265137,11.149999618530272,11.06999969482422,11.114999771118164,5609.0,10.829999923706056,2106610.0,11.127503504923425,11.082999801635744,11.078809329441615,11.075397818835814,0.0031908801478195414,0.0006381760295639084,0.07999992370605113,,,,,,,
2025-04-23 13:32:00+00:00,11.199999809265137,11.199999809265137,11.199999809265137,11.199999809265137,582.0,10.829999923706056,2106610.0,11.128513483119683,11.106399803161622,11.090351279900997,11.076637639636106,0.012435123988773,0.002997565621405727,0.08500003814697266,,,,,,,
2025-04-23 13:33:00+00:00,11.220000267028809,11.246600151062012,11.220000267028809,11.246600151062012,1684.0,10.829999923706056,2106610.0,11.132745571183287,11.1344398727417,11.105232124773474,11.078328808904025,0.023253460543243065,0.007048744605773195,0.046600341796875,,,,,,,
2025-04-23 13:34:00+00:00,11.220000267028809,11.246600151062012,11.220000267028809,11.246600151062012,0.0,10.829999923706056,2106610.0,11.132745571183287,11.156871928405762,11.118695746324763,11.08000315061704,0.03146436854981438,0.011931869394581433,0.026599884033203125,,,,,,,
2025-04-23 13:35:00+00:00,11.244999885559082,11.244999885559082,11.194499969482422,11.210000038146973,1529.0,10.829999923706056,2106610.0,11.135592055150978,11.167497550354005,11.127391393164974,11.081296651985497,0.0346191807036238,0.016469331656389908,0.052100181579589844,,,,,,0.012189637129284447,
2025-04-23 13:36:00+00:00,11.1899995803833,11.192500114440918,11.175000190734863,11.192500114440918,2182.0,10.829999923706056,2106610.0,11.137954631893649,11.172498063171389,11.133592223762683,11.082403154099483,0.03530037373984385,0.020235540073080698,0.034999847412109375,,,,,,0.006972590635956122,
2025-04-23 13:37:00+00:00,11.18000030517578,11.300000190734863,11.18000030517578,11.300000190734863,4669.0,10.829999923706056,2106610.0,11.148946740156338,11.197998488684085,11.149440601569559,11.08456829874262,0.04400729318779639,0.024989890696023837,0.11999988555908381,,,,,,0.008928605640421639,
2025-04-23 13:38:00+00:00,11.324999809265137,11.324999809265137,11.289999961853027,11.300000190734863,1783.0,10.829999923706056,2106610.0,11.154135613207625,11.218398829094243,11.163779610061493,11.086711899657967,0.050327446109266205,0.03005740177867231,0.034999847412109375,,,,,,0.0047481051122644224,
2025-04-23 13:39:00+00:00,11.30500030517578,11.30500030517578,11.300000190734863,11.300000190734863,463.0,10.829999923706056,2106610.0,11.155398546013227,11.234719101422368,11.176752998697053,11.088834171210971,0.05470560072171082,0.03498704156728001,0.005000114440916192,,,,,,0.0047481051122644224,
2025-04-23 13:40:00+00:00,11.300000190734863,11.300000190734863,11.260000228881836,11.279999732971191,1885.0,10.829999923706056,2106610.0,11.159594894776715,11.243775227732133,11.186586021008875,11.090736316104108,0.05591687507541998,0.03917300826890801,0.039999961853027344,,,,,,0.006244397376093946,
2025-04-23 13:41:00+00:00,11.3149995803833,11.34000015258789,11.3149995803833,11.34000015258789,711.0,10.829999923706056,2106610.0,11.161753304901469,11.263020212703285,11.201196890683066,11.093216553283051,0.0610150081131291,0.043541408237752224,0.06000041961669922,,,,,,0.013178470997437186,
2025-04-23 13:42:00+00:00,11.318499565124512,11.34000015258789,11.3100004196167,11.3100004196167,2235.0,10.829999923706056,2106610.0,11.167756361785765,11.272416254085968,11.211559131533889,11.095373606679406,0.061920803069609676,0.047217287204123715,0.029999732971191406,,,,,,0.0008849759923044154,
2025-04-23 13:43:00+00:00,11.30500030517578,11.329999923706056,11.30500030517578,11.329999923706056,1320.0,10.829999923706056,2106610.0,11.171129067424848,11.283932988009987,11.222839206978858,11.097708196898576,0.06352022334099239,0.050477874431497455,0.02499961853027699,0.0575214113507952,33.41615171633028,53.39618530159212,23.015200686438103,,0.0026548435809576887,
2025-04-23 13:44:00+00:00,11.34000015258789,11.390000343322754,11.34000015258789,11.359999656677246,5378.0,10.829999923706056,2106610.0,11.18688270326414,11.29914632174344,11.235902106950133,11.100318062170006,0.06644259429386956,0.05367081840397188,0.06000041961669744,0.050021444048200206,46.99421776396614,66.3999793005212,17.113540233032374,,0.005309687161915155,
2025-04-23 13:45:00+00:00,11.364999771118164,11.460000038146973,11.350000381469728,11.449999809265137,6958.0,10.829999923706056,2106610.0,11.20923303577818,11.32931701924778,11.256292364313467,11.103797482539113,0.0751545199557686,0.05796755871433123,0.10999965667724432,0.05216428211757115,54.64881982305508,64.35702393000604,8.157754107517297,,0.015070929106233866,0.03386004572986834
2025-04-23 13:46:00+00:00,11.460000038146973,11.460000038146973,11.44499969482422,11.44499969482422,2403.0,10.829999923706056,2106610.0,11.21694967252446,11.352453554363068,11.274264491028777,11.107192529427524,0.08072477144538048,0.06251900126054108,0.01500034332275213,0.04716430391584111,52.869904314858154,65.8788951074211,10.955050371753268,,0.00925921876750313,0.02968960238429763
2025-04-23 13:47:00+00:00,11.460000038146973,11.460000038146973,11.44499969482422,11.44499969482422,0.0,10.829999923706056,2106610.0,11.21694967252446,11.3709627824553,11.290524986628343,11.110553794754855,0.08416898818002849,0.06684899864443856,0.01500034332275213,0.04490716116768948,48.1151022389418,66.00888902372552,15.679250775237476,,0.011936274995478335,0.021874990154589824
2025-04-23 13:48:00+00:00,11.460000038146973,11.460000038146973,11.44499969482422,11.44499969482422,0.0,10.829999923706056,2106610.0,11.21694967252446,11.385770164929085,11.30523686359938,11.113881614656044,0.08590825783617717,0.0706608504827863,0.01500034332275213,0.04407862254551441,49.01951390638222,67.24964725991023,15.679250775237467,,0.01015002399757714,0.017640846219955097
2025-04-23 13:49:00+00:00,11.489999771118164,11.489999771118164,11.484999656677246,11.484999656677246,29507.0,10.829999923706056,2106610.0,11.293120248994624,11.405616063278718,11.322357129606795,11.117574331492078,0.08948280215520832,0.0744252408172707,0.045000076293943536,0.04357147216796824,54.50806088500922,70.40939165020026,12.729470896557917,,0.011003521459309829,0.021197473228629304
2025-04-23 13:50:00+00:00,11.460000038146973,11.470000267028809,11.460000038146973,11.470000267028809,1939.0,10.829999923706056,2106610.0,11.296282253784058,11.418492904028737,11.336418380789844,11.121081057218811,0.09006709152545511,0.07755361095890759,0.024999618530273438,0.04285717010497996,55.416548782000085,72.49954700498917,13.354846485806089,,0.0017467648992874896,0.02319359750196881
2025-04-23 13:51:00+00:00,11.5,11.550000190734863,11.5,11.529999732971191,4589.0,10.829999923706056,2106610.0,11.305805940211656,11.440794269817228,11.35485470004521,11.125149899763612,0.09428474467959624,0.08089983770304532,0.07999992370605469,0.04000002997262074,54.46412910015842,83.92804532674619,21.29016062403868,,0.007426827471687103,0.030154086672272706
2025-04-23 13:52:00+00:00,11.510000228881836,11.510000228881836,11.43000030517578,11.489999771118164,7724.0,10.829999923706056,2106610.0,11.316920851879356,11.450635370077416,11.367725659195017,11.128780246742265,0.09332382361630742,0.08338463488569775,0.09999942779541193,0.04464285714285664,44.79995727539085,68.79959106445476,21.126522191150222,,0.0039318547395237324,0.01681412187400544
2025-04-23 13:53:00+00:00,11.475000381469728,11.49940013885498,11.460000038146973,11.479999542236328,2899.0,10.829999923706056,2106610.0,11.320802878114558,11.456508204509198,11.378418409960855,11.132274966100415,0.09070970681983859,0.08484964927252592,0.03940010070800781,0.047099999019077465,42.46280539923731,68.24339666575715,23.287395634243076,,0.0030580907248023426,0.015929145881701023
2025-04-23 13:54:00+00:00,11.5,11.5,11.460000038146973,11.460000038146973,1852.0,10.829999923706056,2106610.0,11.323090477114961,11.457206571236753,11.386188088835723,11.135535912090928,0.08603247872635933,0.0850862151632926,0.039999961853027344,0.047099999019077465,42.5537761540921,62.177281608723206,18.73704503116211,,-0.002176719136054883,0.014159278293047972
2025-04-23 13:55:00+00:00,11.449999809265137,11.460000038146973,11.4399995803833,11.449999809265137,2111.0,10.829999923706056,2106610.0,11.325223534434556,11.45576521884243,11.392265395543287,11.138664906092663,0.08058981761723416,0.08418693565408092,0.020000457763671875,0.04424285888671837,38.84398172098643,60.54215012440736,21.832189260746006,,-0.0017437190320879203,0.015070929106233866
2025-04-23 13:56:00+00:00,11.460000038146973,11.460000038146973,11.420000076293944,11.425000190734863,7003.0,10.829999923706056,2106610.0,11.331021161136945,11.449612213220917,11.395382995085342,11.141514013402535,0.0734129503969303,0.0820321386026508,0.03999996185302912,0.044957160949706775,38.22680893489737,61.96350159248874,23.691605039095233,17.617805865143954,-0.009106638739641237,0.007495594091996072
2025-04-23 13:57:00+00:00,11.4350004196167,11.4350004196167,11.420000076293944,11.420000076293944,1323.0,10.829999923706056,2106610.0,11.331949562204409,11.443689785835522,11.39772747900997,11.144285019003444,0.06655456438121199,0.07893662375836305,0.015000343322755683,0.044242927006312396,38.84392191399705,62.15655692398346,23.08170741188591,17.62255634553308,-0.006092227695267294,0.009725875561105601
2025-04-23 13:58:00+00:00,11.420000076293944,11.420000076293944,11.420000076293944,11.420000076293944,1705.0,10.829999923706056,2106610.0,11.333056458468622,11.438951843927207,11.399848678751301,11.14702845240932,0.060422728450022944,0.07523384469669503,0.0,0.03995718274797687,32.28441765233393,62.56670087661709,31.92612137203235,18.68059785546165,-0.005226434523942225,0.007943526318969996
2025-04-23 13:59:00+00:00,11.44499969482422,11.449999809265137,11.4399995803833,11.44499969482422,4215.0,10.829999923706056,2106610.0,11.336430533261346,11.44016141410661,11.40414877552015,11.149993340393548,0.05692427695136537,0.0715719311476291,0.029999732971193183,0.03424290248325893,29.3281319625696,75.09329842765405,43.82736981677007,21.228427548979706,-0.0013089304775585342,0.007482397950339115
2025-04-23 14:00:00+00:00,11.460000038146973,11.529999732971191,11.4399995803833,11.45479965209961,11531.0,10.829999923706056,2106610.0,11.346981036063548,11.44308906170521,11.408972668527717,11.15302623901749,0.05431637818718826,0.06812082055554093,0.09000015258789062,0.03960003171648311,39.79058402183973,47.79910240465495,9.143220748410807,21.099011147312385,0.0004192002545353457,0.0004192002545353457
2025-04-23 14:01:00+00:00,11.449999809265137,11.449999809265137,11.40999984741211,11.43000030517578,6273.0,10.829999923706056,2106610.0,11.35028447907869,11.440471310399325,11.410975300589438,11.155782199874787,0.049675867113787575,0.06443182986719026,0.0447998046875,0.04172856467110796,37.76090554998718,50.49610008847913,14.429669856079268,21.009755367372513,0.0004376467708919751,-0.0013105626953597849
2025-04-23 14:02:00+00:00,11.420000076293944,11.489999771118164,11.420000076293944,11.489999771118164,7421.0,10.829999923706056,2106610.0,11.35551669410802,11.450377002543092,11.418501440639794,11.15910774784736,0.05026031450052848,0.06159752679385791,0.06999969482422053,0.0456570897783557,40.769624423161964,47.71569968772802,7.849974370734314,20.450521338479433,0.006129570434025622,0.0039318547395237324
2025-04-23 14:03:00+00:00,11.484999656677246,11.5,11.470000267028809,11.479999542236328,3786.0,10.829999923706056,2106610.0,11.358382563767014,11.45630151048174,11.424358402696608,11.162300701025359,0.049347708701839466,0.05914756317545423,0.029999732971191406,0.0445856366838734,38.54534620790782,50.46446250687569,13.390789701796365,20.497758395996463,0.005253893655126518,0.0030580907248023426
2025-04-23 14:04:00+00:00,11.470000267028809,11.489999771118164,11.460000038146973,11.489999771118164,7130.0,10.829999923706056,2106610.0,11.36330989422349,11.463041162609025,11.4306099615939,11.165561388289966,0.048868076164074736,0.057091665773178334,0.029999732971191406,0.04494278771536754,38.23903431989947,47.67954553377546,10.987741219598616,20.328679448410213,0.0039318547395237324,0.000435360434513532
2025-04-23 14:05:00+00:00,11.479999542236328,11.479999542236328,11.460000038146973,11.460000038146973,4095.0,10.829999923706056,2106610.0,11.365660226369094,11.462432937716617,11.433409016503717,11.16849112609949,0.04554225344118201,0.054781783306779075,0.029999732971191406,0.04137134552002016,27.727905896919864,44.889467739333426,23.632859442669066,20.496015078312386,0.0004539918815962274,-0.0008718595160439602
2025-04-23 14:06:00+00:00,11.420000076293944,11.420000076293944,11.399999618530272,11.420000076293944,3697.0,10.829999923706056,2106610.0,11.366619259074062,11.453946365432083,11.432131974578976,11.17099370271834,0.03922667169062777,0.05167076098354882,0.060000419616700995,0.0385142735072551,29.784821858108902,46.364999858505804,21.773101534102953,20.54219931709472,-0.0008749106399680295,-0.009540300019495462
2025-04-23 14:07:00+00:00,11.420000076293944,11.420000076293944,11.420000076293944,11.420000076293944,3217.0,10.829999923706056,2106610.0,11.367537614782544,11.447157107604456,11.430976555694688,11.1734713780773,0.03383153873289402,0.04810291653341787,0.0,0.03569998059954026,32.132812291299935,48.019378794759774,19.820501833072004,20.294564045582508,-0.006092227695267294,-0.006092227695267294
2025-04-23 14:08:00+00:00,11.4399995803833,11.4399995803833,11.43000030517578,11.43000030517578,1554.0,10.829999923706056,2106610.0,11.368079902092491,11.44372574711872,11.430883579454791,11.176023904715096,0.030016777167034547,0.04448568866014121,0.019999504089357245,0.03427137647356382,37.51555338238851,52.105321741342735,16.27943081208645,20.119020172791387,-0.00435533441239222,-0.00435533441239222
2025-04-23 14:09:00+00:00,11.43000030517578,11.43000030517578,11.43000030517578,11.43000030517578,254.0,10.829999923706056,2106610.0,11.368163205583379,11.440980658730133,11.430799458094885,11.17855103307789,0.026685932325783313,0.04092573739326963,0.0,0.03284277234758726,39.147415448817,50.0219855890686,12.195405614120137,19.43067848374668,-0.005221885738692755,-0.0026177777374636335
2025-04-23 14:10:00+00:00,11.4399995803833,11.4399995803833,11.43000030517578,11.43000030517578,1475.0,10.829999923706056,2106610.0,11.368668398209927,11.438784588019264,11.430723348293066,11.181053015884833,0.02377218286524929,0.03749502648766556,0.009999275207521308,0.030699866158622413,44.20648093086844,48.8603786312114,5.000596047015638,18.09560641288385,-0.0026177777374636335,-0.0017466816089528603
2025-04-23 14:11:00+00:00,11.420000076293944,11.420000076293944,11.350000381469728,11.350000381469728,7827.0,10.829999923706056,2106610.0,11.368852719682954,11.421027746709356,11.423035446690843,11.182734084199112,0.01483666236132386,0.03296335366239722,0.07999992370605113,0.035342693328857804,38.399253709768544,58.60999589463213,20.833830039178814,17.935043743404773,-0.006129570434025067,-0.0065645346182100495
2025-04-23 14:12:00+00:00,11.354999542236328,11.369999885559082,11.345000267028809,11.369999885559082,2445.0,10.829999923706056,2106610.0,11.368765110389742,11.410822174479302,11.417984440868771,11.184597425506176,0.009262221696015871,0.028223127269120952,0.024999618530273438,0.03712838036673448,36.55244410115156,56.75308734843026,21.64999537909951,17.20103474390957,-0.0043783003853611335,-0.0043783003853611335
2025-04-23 14:13:00+00:00,11.364999771118164,11.364999771118164,11.364999771118164,11.364999771118164,656.0,10.829999923706056,2106610.0,11.368752833980912,11.401657693807074,11.412938281844903,11.186392473721222,0.00439036051627717,0.023456573918552194,0.005000114440917969,0.03534269332885768,32.336223794554805,59.62053300387558,29.670804146701368,16.18985148176181,-0.005686835723720973,-0.004816138774810574
2025-04-23 14:14:00+00:00,11.350000381469728,11.359999656677246,11.31999969482422,11.31999969482422,4655.0,10.829999923706056,2106610.0,11.367951901035065,11.385326094010503,11.404086987842934,11.187721898806824,-0.0030664070128541,0.018151977732270935,0.045000076293943536,0.03212840216500431,17.785547241899852,75.58979491017577,61.90525928583278,19.958568520149093,-0.009623850167505998,-0.010921800203850474
2025-04-23 14:15:00+00:00,11.300000190734863,11.300000190734863,11.300000190734863,11.300000190734863,762.0,10.829999923706056,2106610.0,11.36770130112872,11.368260913355376,11.394173959546928,11.188839095741432,-0.010469061021291637,0.012427769981558421,0.019999504089357245,0.030356952122279828,18.823405334327337,77.64775312919274,60.976097656284956,23.283313363020927,-0.011373588011371227,-0.01351393879127094
2025-04-23 14:16:00+00:00,11.329999923706056,11.329999923706056,11.329999923706056,11.329999923706056,967.0,10.829999923706056,2106610.0,11.36752567810635,11.360608715425514,11.388062146609702,11.190243681094314,-0.013756414539928485,0.00719093307726104,0.029999732971193183,0.027499811989920735,18.18161551056726,90.90981151798749,66.6671964868363,27.48454351417107,-0.0017621548098205597,-0.008748939527537969
2025-04-23 14:17:00+00:00,11.350000381469728,11.380000114440918,11.350000381469728,11.380000114440918,9356.0,10.829999923706056,2106610.0,11.36763239531964,11.364486995228594,11.387294334022197,11.192131804809206,-0.012186588952717514,0.003315428671265329,0.050000190734861505,0.02892841611589717,27.160319400195263,79.01293000934851,48.83773539711622,30.01646820669392,0.0008795276149946574,-0.009573512521187877
2025-04-23 14:18:00+00:00,11.390000343322754,11.43000030517578,11.390000343322754,11.43000030517578,33293.0,10.829999923706056,2106610.0,11.374156245028182,11.377589657218032,11.391361569370158,11.194498655559121,-0.006829170910352289,0.0012865087549418053,0.050000190734861505,0.030357020241873606,37.646950586007605,82.35336356680124,37.25524661865828,31.892718592341033,0.005719360788972505,-0.00435533441239222
2025-04-23 14:19:00+00:00,11.390000343322754,11.43000030517578,11.390000343322754,11.43000030517578,0.0,10.829999923706056,2106610.0,11.374156245028182,11.388071786809583,11.395041448970694,11.196841955555307,-0.0025539383026842444,0.0005184193434165953,0.03999996185302557,0.03107132230486176,36.78148067761588,80.46013298869431,37.255246618658276,32.86574624776883,0.009717368667585102,-0.005221885738692755
2025-04-23 14:20:00+00:00,11.4399995803833,11.4399995803833,11.40999984741211,11.4399995803833,2330.0,10.829999923706056,2106610.0,11.374671415968049,11.398457345524328,11.399323175771894,11.199261434409317,0.001622370603669765,0.0007392095954672292,0.029999732971191406,0.028928416115896787,41.97508188692077,76.54348895968903,29.16708058984925,33.39388760889357,0.01238932630843892,-0.0017452406367448603
2025-04-23 14:21:00+00:00,11.40999984741211,11.40999984741211,11.40999984741211,11.40999984741211,559.0,10.829999923706056,2106610.0,11.374749434793367,11.400765845901885,11.40034000164239,11.201358334041187,0.0024827778505045472,0.0010879232464746928,0.029999732971191406,0.031071254185267603,39.080258173145516,66.66681282447045,26.08729905336751,33.84151598177182,0.007060893578531013,-0.0008756767788988817
2025-04-23 14:22:00+00:00,11.40999984741211,11.4399995803833,11.40999984741211,11.4399995803833,1789.0,10.829999923706056,2106610.0,11.375137182355099,11.40861259279817,11.404117104379619,11.203732873805786,0.005521733419367791,0.0019746852810533125,0.029999732971191406,0.031785556248255756,40.44927927580487,62.921386842229694,21.739346770547925,34.23150997880479,0.005272360750352201,0.0017512700486643773
2025-04-23 14:23:00+00:00,11.4350004196167,11.454999923706056,11.4350004196167,11.454999923706056,1498.0,10.829999923706056,2106610.0,11.375564804852793,11.417890058979747,11.408963087172612,11.206233043456535,0.0090363643618101,0.00338702109720467,0.019999504089357245,0.033214092254638415,41.935457407427485,65.59164043192482,22.000205994437007,34.93185286311313,0.002187193163849299,0.002187193163849299
2025-04-23 14:24:00+00:00,11.4399995803833,11.4399995803833,11.4399995803833,11.4399995803833,740.0,10.829999923706056,2106610.0,11.375750226504078,11.422311963260459,11.411918943668867,11.208559078649838,0.010490405497671773,0.004807697977298091,0.015000343322755683,0.03357131140572659,39.36172587246354,65.95736046377154,25.252435732684248,36.378412840660886,0.0008748272038971994,0.0008748272038971994
2025-04-23 14:25:00+00:00,11.460000038146973,11.460000038146973,11.460000038146973,11.460000038146973,611.0,10.829999923706056,2106610.0,11.375949931020278,11.42984957823776,11.416498095523925,11.211060978744337,0.013105540847398345,0.0064672665513181415,0.020000457763671875,0.029285635266985213,50.00011630206014,60.97554167684353,9.889939446783726,35.596706369775525,0.0017482918266857883,0.0026246484838332584
2025-04-23 14:26:00+00:00,11.479999542236328,11.479999542236328,11.460000038146973,11.460000038146973,5580.0,10.829999923706056,2106610.0,11.377872126609974,11.435879670219602,11.420641137678501,11.213537984310532,0.015005085171573285,0.00817483027536917,0.01999950408935547,0.028928484235491072,55.55558171953928,60.49374576143471,4.255228486959587,34.35422302033696,0.004382137721606005,0.00969159938151476
2025-04-23 14:27:00+00:00,11.460000038146973,11.460000038146973,11.460000038146973,11.460000038146973,1503.0,10.829999923706056,2106610.0,11.378338200422553,11.440703743805077,11.424389604389784,11.215990343055173,0.016322334027588425,0.009804331025813021,0.0,0.02857133320399693,56.25004470363324,56.250044703632796,3.9790361579921665e-13,32.234879867001176,0.0017482918266857883,0.007915580782212661
2025-04-23 14:28:00+00:00,11.460000038146973,11.460000038146973,11.460000038146973,11.460000038146973,0.0,10.829999923706056,2106610.0,11.378338200422553,11.444563002673458,11.42778107427142,11.218418300220266,0.017168357102498533,0.011277136241150124,0.0,0.025357042040143822,63.380372498609965,50.70424427054395,11.111163439077593,28.60673016366152,0.0004365006088362655,0.008359020584429055
2025-04-23 14:29:00+00:00,11.460000038146973,11.460000038146973,11.460000038146973,11.460000038146973,618.0,10.829999923706056,2106610.0,11.378528308405578,11.447650409768162,11.430849547021474,11.220822098607597,0.017635544900763023,0.012548817973072704,0.0,0.02392850603376116,67.16419185132942,47.76127900885923,16.883039675403715,25.457226022170005,0.0017482918266857883,0.012367521828358763
2025-04-23 14:30:00+00:00,11.460000038146973,11.460000038146973,11.460000038146973,11.460000038146973,1046.0,10.829999923706056,2106610.0,11.378848067925109,11.450120335443923,11.433625784271522,11.223201978603013,0.017800600356373764,0.013599174449732918,0.0,0.02178566796439022,63.93446211090824,42.62307896752777,19.999882624631294,22.12384646058393,0.0,0.014159278293047972
2025-04-23 14:31:00+00:00,11.449999809265137,11.449999809265137,11.449999809265137,11.449999809265137,4162.0,10.829999923706056,2106610.0,11.379942131786141,11.450096230208166,11.435185215223296,11.225458673435472,0.016929322408158143,0.014265204041417965,0.010000228881835938,0.01892852783203125,54.71692002072964,45.28307997927036,9.433840041459277,19.309282506608433,-0.0008726203183724301,0.010591340367796631
2025-04-23 14:32:00+00:00,11.449999809265137,11.449999809265137,11.449999809265137,11.449999809265137,0.0,10.829999923706056,2106610.0,11.379942131786141,11.45007694601956,11.436596128941567,11.227692913592982,0.016053770483965835,0.01462291732992754,0.0,0.015357085636684,44.185891777523764,37.20940548165137,8.57111716621439,17.260416117148157,-0.0008726203183724301,0.006151115476298763
2025-04-23 14:33:00+00:00,11.460000038146973,11.479999542236328,11.460000038146973,11.479999542236328,5303.0,10.829999923706056,2106610.0,11.38173667910507,11.456061465262914,11.440729787350591,11.230203427310826,0.017577988894519336,0.0152139316428459,0.029999732971191406,0.014642783573695846,60.975450904134995,43.90273403517837,16.278615880733984,15.762085350153566,0.0017451574190909813,0.004374386327698376
2025-04-23 14:34:00+00:00,11.470000267028809,11.470000267028809,11.470000267028809,11.470000267028809,424.0,10.829999923706056,2106610.0,11.381872076215343,11.458849225616094,11.44351745208185,11.232589465516975,0.01777419516663592,0.015725984347603906,0.009999275207519531,0.013214179447719283,62.16253834059311,43.24406526277722,17.948090945993613,14.96072894702102,0.0008726203183724301,0.003499559123801177
2025-04-23 14:35:00+00:00,11.479999542236328,11.479999542236328,11.479999542236328,11.479999542236328,6118.0,10.829999923706056,2106610.0,11.383997051746519,11.463079288940142,11.446991936858467,11.235051257325127,0.018523026078250737,0.01628539269373327,0.009999275207519531,0.01178557532174272,75.75789102552932,54.546190170679644,16.27861588073329,14.260108720404288,0.0017451574190909813,0.0034965002902287434
2025-04-23 14:36:00+00:00,11.470000267028809,11.478799819946287,11.460000038146973,11.460000038146973,10098.0,10.829999923706056,2106610.0,11.386836124873785,11.462463438781509,11.44823080364785,11.237289553651713,0.017303226311524256,0.01648895941729147,0.01999950408935547,0.01107127325875444,61.290739384840414,70.96851600041677,7.31727740896924,13.229960908862953,0.0008733824496436338,0.004382137721606005
2025-04-23 14:37:00+00:00,11.479999542236328,11.479999542236328,11.479999542236328,11.479999542236328,5602.0,10.829999923706056,2106610.0,11.38858619181832,11.465970659472474,11.451256397799131,11.239704578413749,0.017745757004989926,0.01674031893483116,0.01999950408935547,0.011071273258754313,52.386988008146886,67.74197517950786,12.782085821697123,12.571523753667249,0.002620064058596494,0.0034965002902287434
2025-04-23 14:38:00+00:00,11.470000267028809,11.470000267028809,11.470000267028809,11.470000267028809,1836.0,10.829999923706056,2106610.0,11.389084356289002,11.46677658098374,11.453041528201958,11.241996077802954,0.01709257525818586,0.0168107701995021,0.009999275207519531,0.010714054107666016,54.13363173388215,73.33405390283757,15.062972292190373,11.843704936489116,-0.000871017038871047,0.0013095018265087965
2025-04-23 14:39:00+00:00,11.460000038146973,11.460000038146973,11.449999809265137,11.454999923706056,2634.0,10.829999923706056,2106610.0,11.389657955521798,11.464421249528204,11.45322804205949,11.244115519055722,0.015189427410776446,0.01648650164175697,0.020000457763671875,0.010714054107666016,40.799704990368866,73.33405390283757,28.505456429338047,13.173384720957282,-0.0013077892740658292,0.0013112188700143967
2025-04-23 14:40:00+00:00,11.460000038146973,11.460000038146973,11.449999809265137,11.449999809265137,1119.0,10.829999923706056,2106610.0,11.389892488036558,11.461536961475591,11.45292059131717,11.246164118958303,0.013126388744035822,0.01581447906221274,0.010000228881835938,0.009999820164271764,29.428193844604056,78.57191514870775,45.50339973003828,16.11968266689147,-0.002613217261971057,-0.0008726203183724301
2025-04-23 14:41:00+00:00,11.460000038146973,11.460000038146973,11.460000038146973,11.460000038146973,775.0,10.829999923706056,2106610.0,11.390070874649476,11.461229576809867,11.45359482434858,11.248291839547246,0.012158198488656069,0.015083222947501407,0.010000228881835938,0.010714122227260045,27.466239414054744,80.00050863406322,48.88420853349577,19.61141184785543,0.0,0.0
2025-04-23 14:42:00+00:00,11.449999809265137,11.449999809265137,11.449999809265137,11.449999809265137,1256.0,10.829999923706056,2106610.0,11.390316987761246,11.458983623300922,11.45325244195968,11.250298884022051,0.010463350845135722,0.014159248527028271,0.010000228881835938,0.011428424290248327,25.749538058056782,81.2505215473565,51.8700491326566,22.522760825968216,-0.002613217261971057,-0.0008726203183724301
2025-04-23 14:43:00+00:00,11.460000038146973,11.470000267028809,11.460000038146973,11.470000267028809,2855.0,10.829999923706056,2106610.0,11.391023122587182,11.4611869520465,11.454847472918644,11.252484967435054,0.010611716406485172,0.013449742102919653,0.020000457763671875,0.01285702841622489,33.99985164934242,77.77813099363152,39.165386875982314,24.11435705458097,0.0,0.0008726203183724301
2025-04-23 14:44:00+00:00,11.470000267028809,11.479999542236328,11.470000267028809,11.479999542236328,3149.0,10.829999923706056,2106610.0,11.391887954263478,11.464949470084466,11.457242908091757,11.254748794049991,0.011404688969323118,0.013040731476200346,0.009999275207519531,0.01357126235961914,37.47333443760226,78.94813453999708,35.62470089633982,25.230415502560152,0.0021824197902031717,0.0017451574190909813
2025-04-23 14:45:00+00:00,11.48989963531494,11.489999771118164,11.470000267028809,11.470000267028809,14148.0,10.829999923706056,2106610.0,11.395567363638886,11.465959629473335,11.45845789465719,11.256890599751273,0.011098332824285961,0.01265225174581747,0.01999950408935547,0.014285496303013392,40.59996566720162,70.00076295109484,26.58282422836544,26.455342944482023,0.0017467648992874896,0.0008726203183724301
2025-04-23 14:46:00+00:00,11.468299865722656,11.479999542236328,11.468299865722656,11.475000381469728,8901.0,10.829999923706056,2106610.0,11.397663524394131,11.467767779872615,11.460033369591718,11.259060846335537,0.01113070300423935,0.012347941997501846,0.011699676513671875,0.015121187482561384,38.356158212452414,66.9353094873412,27.14289381583462,27.781898419454894,0.0013089304775588673,0.0021834561241094175
2025-04-23 14:47:00+00:00,11.460000038146973,11.460000038146973,11.460000038146973,11.460000038146973,929.0,10.829999923706056,2106610.0,11.39783596981512,11.466214231527488,11.46003019516841,11.261060241278935,0.009832610053905455,0.011844875608782569,0.015000343322755683,0.014049802507673117,26.029323352016647,71.17506739328525,46.44414073800529,29.936578766402842,0.0008733824496436338,0.0008733824496436338
2025-04-23 14:48:00+00:00,11.449999809265137,11.449999809265137,11.449999809265137,11.449999809265137,1308.0,10.829999923706056,2106610.0,11.398038356748275,11.462971347075017,11.459074920320479,11.262940236980292,0.00790579407029135,0.011057059301084325,0.010000228881835938,0.014049870627267147,26.02919715107241,71.17472230706883,46.44414073800528,31.972010894403674,-0.0017437190320879203,-0.002613217261971057
2025-04-23 14:49:00+00:00,11.449999809265137,11.449999809265137,11.449999809265137,11.449999809265137,0.0,10.829999923706056,2106610.0,11.398038356748275,11.460377039513041,11.458210624029494,11.26480152625676,0.006306085888596158,0.010106864618586692,0.0,0.013335636683872895,22.067447182379883,69.63088962445278,51.8694712449014,34.514214848987116,-0.002613217261971057,-0.0017437190320879203
2025-04-23 14:50:00+00:00,11.4399995803833,11.460000038146973,11.4399995803833,11.460000038146973,8051.0,10.829999923706056,2106610.0,11.399328061322198,11.460301639239827,11.458381044421635,11.26674380000691,0.005778628097059979,0.00924121731428135,0.020000457763671875,0.013335704803466924,27.423647257738125,64.27473195449679,40.187280313283644,36.86207219929529,-0.0008718595160439602,-0.001742117150421052
2025-04-23 14:51:00+00:00,11.449999809265137,11.46500015258789,11.44499969482422,11.46500015258789,4232.0,10.829999923706056,2106610.0,11.400042722025928,11.46124134190944,11.459011435675563,11.268716500032593,0.005698393906991228,0.008532652632823327,0.0200004577636701,0.013335772923060827,29.459059099964243,56.240486284927144,31.250372524945032,38.18123553524156,-0.0008714796121477297,0.0004363101591862151
2025-04-23 14:52:00+00:00,11.470000267028809,11.484999656677246,11.470000267028809,11.484999656677246,4952.0,10.829999923706056,2106610.0,11.40116007273094,11.465993004863002,11.46148650434239,11.270868571242989,0.007165995435777006,0.008259321193414063,0.01999950408935547,0.014050074986049108,38.128830191606546,61.00767977658832,23.07812691038024,38.753746579397976,0.0021814675782771964,0.0004355500557748915
2025-04-23 14:53:00+00:00,11.489999771118164,11.529999732971191,11.489999771118164,11.524999618530272,5000.0,10.829999923706056,2106610.0,11.402743981408362,11.477794327596456,11.467535372360283,11.273397238380175,0.011425042075543956,0.008892465369840041,0.04500007629394531,0.01583576202392578,54.12698412698413,54.12784445304771,0.0007947230390234775,36.71769931466235,0.006550201791658328,0.00479506104804206
2025-04-23 14:54:00+00:00,11.529999732971191,11.53499984741211,11.5,11.5,9849.0,10.829999923706056,2106610.0,11.405649572305093,11.482235462077165,11.470627241659303,11.27565199222714,0.012637430505135328,0.009641458396899099,0.034999847412109375,0.017621449061802456,50.66876961853072,52.69633993598367,1.9615616199619292,33.60756802108546,0.004366828957883762,0.003928422225548456
2025-04-23 14:55:00+00:00,11.5,11.510000228881836,11.5,11.510000228881836,3518.0,10.829999923706056,2106610.0,11.406603020309728,11.4877884154381,11.474377049966211,11.277983815477436,0.014241030233934637,0.010561372764306208,0.010000228881835938,0.017621449061802456,50.66876961853072,48.64274558921309,2.0400695982530395,30.26155809713955,0.004363018374208272,0.005240211407527617
2025-04-23 14:56:00+00:00,11.510000228881836,11.510000228881836,11.5,11.5,1096.0,10.829999923706056,2106610.0,11.406886618846727,11.490230732350481,11.47681733092181,11.280192931741343,0.01453738178889985,0.011356574569224936,0.010000228881835938,0.017621449061802456,50.66876961853072,44.58915124244252,6.382270703725797,27.01243106650163,0.0030527559482158573,0.0034903980558358416
2025-04-23 14:57:00+00:00,11.5,11.505000114440918,11.460000038146973,11.460000038146973,5099.0,10.829999923706056,2106610.0,11.407803186649552,11.48418459350978,11.475215683990873,11.281982057178215,0.011413017739254627,0.011367863203230874,0.04500007629394531,0.019407136099679128,38.64540993618769,51.52791525388034,14.286381577410841,25.235359259460814,-0.002176719136054883,0.0008733824496436338
2025-04-23 14:58:00+00:00,11.449999809265137,11.449999809265137,11.449999809265137,11.449999809265137,853.0,10.829999923706056,2106610.0,11.407897962331901,11.477347636660852,11.47281417211223,11.28365387560694,0.008037352231275108,0.010701761008839721,0.010000228881835938,0.01940720421927316,34.96502269225234,51.5277343900821,19.149247008120387,24.058541124587997,-0.006507575856622871,-0.0017437190320879203
2025-04-23 14:59:00+00:00,11.449999809265137,11.449999809265137,11.449999809265137,11.449999809265137,336.0,10.829999923706056,2106610.0,11.407935178063417,11.47187807118171,11.470641375650601,11.285309059026426,0.005301006295038491,0.009621610066079474,0.0,0.017978668212890625,33.77019490163984,55.6219878148586,24.44485887823135,23.905829313864132,-0.004347842672596802,-0.002613217261971057
2025-04-23 15:00:00+00:00,11.449999809265137,11.479900360107422,11.420000076293944,11.4399995803833,6727.0,10.829999923706056,2106610.0,11.40860812257586,11.465502373022028,11.467723109434667,11.286848268194158,0.0022989961345327714,0.008157087279770135,0.05990028381347834,0.021421568734305372,38.31271663433691,56.11854866918969,18.855865139178444,23.31389869410298,-0.006081724335928684,-0.0026155785481318805
2025-04-23 15:01:00+00:00,11.43000030517578,11.479999542236328,11.43000030517578,11.449999809265137,7608.0,10.829999923706056,2106610.0,11.40947076523125,11.462401860270651,11.466035176085189,11.288471666612775,0.0007185335419830352,0.006669376532212715,0.04999923706054865,0.0239214897155763,34.3384524260397,50.76159911609536,19.29863307065586,21.37493386072088,-0.004347842672596802,-0.0021786990303689358
2025-04-23 15:02:00+00:00,11.454999923706056,11.454999923706056,11.4399995803833,11.4399995803833,3840.0,10.829999923706056,2106610.0,11.409813308182818,11.457921404293183,11.463555595542152,11.289979407048303,-0.0013256480985059937,0.005070371606068974,0.015000343322755683,0.024278640747070566,33.83331649888296,50.01458985668324,19.298363025526033,19.43594973840093,-0.0017452406367448603,-0.0017452406367448603
2025-04-23 15:03:00+00:00,11.43000030517578,11.43000030517578,11.43000030517578,11.43000030517578,951.0,10.829999923706056,2106610.0,11.409861394131472,11.452337184469702,11.460359853602498,11.29137264981574,-0.0037097707895306087,0.003314343126949058,0.009999275207521308,0.024992874690464944,32.866444806034984,51.443048048908196,22.03382159448494,17.304831906228326,-0.0017466816089528603,-0.0017466816089528603
2025-04-23 15:04:00+00:00,11.449999809265137,11.460000038146973,11.449999809265137,11.449999809265137,3829.0,10.829999923706056,2106610.0,11.410274359695704,11.45186970942879,11.459373182713225,11.292951029511755,-0.003939994556972692,0.0018634755901647078,0.029999732971193183,0.025707108633859325,37.51026811029648,52.7921310502365,16.922986633802545,15.643096643408247,0.0,0.0
2025-04-23 15:05:00+00:00,11.449999809265137,11.449999809265137,11.4399995803833,11.4399995803833,714.0,10.829999923706056,2106610.0,11.41033281649563,11.449495683619693,11.457528077729423,11.29441419917217,-0.0048732081367752755,0.0005161388447767112,0.010000228881835938,0.02499280657087117,37.15330774933452,55.72996162400255,20.000000000000657,14.83949860591222,0.0,-0.0017452406367448603
2025-04-23 15:06:00+00:00,11.449999809265137,11.449999809265137,11.4399995803833,11.4399995803833,0.0,10.829999923706056,2106610.0,11.41033281649563,11.447596462972415,11.455858697029791,11.29586280993049,-0.005548823241898759,-0.0006968535725583829,0.010000228881835938,0.02427857262747692,32.36235694184491,50.01416903518769,21.42820649934216,14.72164714798093,-0.0008733824496437448,-0.002180599378269199
2025-04-23 15:07:00+00:00,11.449999809265137,11.449999809265137,11.4399995803833,11.4399995803833,0.0,10.829999923706056,2106610.0,11.41033281649563,11.446077086454594,11.45434830496822,11.297297006651416,-0.0060149168628154115,-0.0017604662306097887,0.010000228881835938,0.021778583526611963,21.318315603779624,49.19599263084563,39.53478056440323,17.545503279506942,0.0,-0.003918160874108789
2025-04-23 15:08:00+00:00,11.43000030517578,11.4399995803833,11.43000030517578,11.43000030517578,4519.0,10.829999923706056,2106610.0,11.410587382044904,11.442861730198832,11.452029447845131,11.298617437482504,-0.007109206846036997,-0.0028302143536952304,0.009999275207521308,0.019992828369141385,21.436067271785465,53.589827459319146,42.85688335044035,20.46659768882683,0.0,-0.008242890802508063
2025-04-23 15:09:00+00:00,11.43000030517578,11.4399995803833,11.43000030517578,11.43000030517578,0.0,10.829999923706056,2106610.0,11.410587382044904,11.440289445194221,11.449931434257575,11.299924729698358,-0.007885539945755582,-0.0038412794721073007,0.009999275207521308,0.019992760249547485,21.43614030903391,53.59001005127935,42.856883350440356,23.38208438541164,-0.0017466816089528603,-0.006086929984714828
2025-04-23 15:10:00+00:00,11.420000076293944,11.420000076293944,11.40999984741211,11.40999984741211,583.0,10.829999923706056,2106610.0,11.410591297192493,11.434231525637799,11.446128425986577,11.30102000450148,-0.009999392538412977,-0.005072902085368436,0.0200004577636701,0.020707062312535638,20.696688279859448,58.64050713695951,47.82601484430118,26.342351824024167,-0.0026223543768859603,-0.008688130276383266
2025-04-23 15:11:00+00:00,11.420000076293944,11.4399995803833,11.40999984741211,11.4399995803833,9781.0,10.829999923706056,2106610.0,11.41104472137428,11.4353851365869,11.445544726405313,11.302402885853539,-0.009148450571558442,-0.005888011782606437,0.029999732971191406,0.019635609218053216,29.101272497675808,47.28952444389012,23.80948055840701,27.02257317980961,0.0,-0.005217427792756468
2025-04-23 15:12:00+00:00,11.4399995803833,11.449999809265137,11.4399995803833,11.4399995803833,5289.0,10.829999923706056,2106610.0,11.411447529815781,11.43630802534618,11.44501661726036,11.303772007192144,-0.008377502300415784,-0.0063859098861683075,0.010000228881835938,0.019635609218053216,32.73906165438577,54.56475583864166,24.99970197293951,27.44046282015383,0.0,-0.0017452406367448603
2025-04-23 15:13:00+00:00,11.4399995803833,11.4399995803833,11.390399932861328,11.397500038146973,8108.0,10.829999923706056,2106610.0,11.411407226933598,11.428546427906339,11.44049122877337,11.304704624415576,-0.011068289761530181,-0.007322385861240684,0.049599647521972656,0.023178441183908407,27.734885867025792,61.50954708297471,37.84511828863465,28.39762420661121,-0.0028434178618603756,-0.004585132925127411
2025-04-23 15:14:00+00:00,11.4399995803833,11.4399995803833,11.390399932861328,11.397500038146973,0.0,10.829999923706056,2106610.0,11.411407226933598,11.422337149954465,11.436396829666094,11.30562796186564,-0.01305032221953617,-0.008467973132899782,0.049599647521972656,0.022442681448800857,19.127663449281233,53.97802464639123,47.67120330158413,30.455862646783043,-0.0028434178618603756,-0.004585132925127411
2025-04-23 15:15:00+00:00,11.43000030517578,11.4399995803833,11.43000030517578,11.43000030517578,4109.0,10.829999923706056,2106610.0,11.41161378451281,11.423869780998729,11.435787636857492,11.30686549761997,-0.011861861137674623,-0.00914675073385475,0.042499542236328125,0.021906988961356535,19.56305426684482,64.94919091033437,53.70362194062874,32.91336185178111,0.0017528885215722934,-0.000874062550200394
2025-04-23 15:16:00+00:00,11.43000030517578,11.442999839782717,11.43000030517578,11.43000030517578,6676.0,10.829999923706056,2106610.0,11.411956287379763,11.42509588583414,11.435236462411615,11.3080907195857,-0.010795552755730853,-0.00947651113822997,0.012999534606937146,0.02176407405308378,20.67618576642222,62.09397241923144,50.039516125979894,35.109158501813525,-0.000874062550200394,-0.0017466816089528603
2025-04-23 15:17:00+00:00,11.420000076293944,11.420000076293944,11.420000076293944,11.420000076293944,847.0,10.829999923706056,2106610.0,11.411971642723435,11.4240767239261,11.433785378019454,11.309204245523095,-0.010634838774629785,-0.009708176665509934,0.010000228881835938,0.021764142172677685,20.67612105202334,62.094091061316426,50.039705048210095,37.10957874850818,-0.0017482084635432882,-0.0017482084635432882
2025-04-23 15:18:00+00:00,11.40999984741211,11.40999984741211,11.40999984741211,11.40999984741211,4894.0,10.829999923706056,2106610.0,11.411950130902472,11.421261348623304,11.431520089390183,11.310207186835424,-0.011185467574600594,-0.010003634847328066,0.010000228881834161,0.020335606166294897,11.591207524923389,62.94384446349888,68.89729807467262,40.82202956571319,0.0010967150009475457,-0.001749821279935837
2025-04-23 15:19:00+00:00,11.420000076293944,11.420000076293944,11.399999618530272,11.40999984741211,2321.0,10.829999923706056,2106610.0,11.411940092074367,11.419009048381065,11.429470542535128,11.311200148632206,-0.011489402189113207,-0.010300788315685094,0.020000457763671875,0.02104990822928318,14.591248292958028,60.80792456005096,61.29599903860024,43.77174378275601,0.0010967150009475457,-0.003493446508240128
2025-04-23 15:20:00+00:00,11.420000076293944,11.420000076293944,11.399999618530272,11.40999984741211,0.0,10.829999923706056,2106610.0,11.411940092074367,11.417207208187275,11.42761619061865,11.312183230212106,-0.011596594241062519,-0.01055994950076058,0.020000457763671875,0.02176421029227146,14.112363067293064,58.81220657276869,61.295999038600264,46.61944324984587,-0.001749821279935837,-0.0026223543768859603
2025-04-23 15:21:00+00:00,11.399999618530272,11.399999618530272,11.399999618530272,11.399999618530272,830.0,10.829999923706056,2106610.0,11.411918153363954,11.413765690255874,11.424986040895948,11.313057025120745,-0.012346160753921254,-0.010917191751392715,0.010000228881837714,0.021764210292271585,14.11236306729298,58.81220657276834,61.29599903860025,48.17381599800281,-0.0026247319199040886,-0.0034965002902289655
2025-04-23 15:22:00+00:00,11.414999961853027,11.420000076293944,11.414999961853027,11.420000076293944,4357.0,10.829999923706056,2106610.0,11.41197943661145,11.415012567463489,11.424511187124327,11.314121135082667,-0.011197252864000973,-0.010973203973914367,0.020000457763671875,0.02247858047485377,20.019273486531628,58.532305818106764,49.028972647658755,48.614679519232695,0.0,-0.0017482084635432882
2025-04-23 15:23:00+00:00,11.420000076293944,11.420000076293944,11.390000343322754,11.399999618530272,8864.0,10.829999923706056,2106610.0,11.411814607847862,11.412009977676846,11.422176752020132,11.314975647355778,-0.011764985445763543,-0.011131560268284203,0.02999973297118963,0.023907184600830078,18.822996418385586,62.50388221985991,53.71026963394679,49.389921396626,-0.0008764442607863687,-0.0026247319199040886
2025-04-23 15:24:00+00:00,11.420000076293944,11.420000076293944,11.390000343322754,11.399999618530272,0.0,10.829999923706056,2106610.0,11.411814607847862,11.409607905847531,11.420064644068717,11.315821657019207,-0.012075716266851444,-0.01132039146799765,0.02999973297118963,0.02462141854422433,18.27696683303689,54.88844744967408,50.03932660747403,49.5480150939955,-0.0008764442607863687,-0.0026247319199040886
2025-04-23 15:25:00+00:00,11.390000343322754,11.399999618530272,11.390000343322754,11.399999618530272,675.0,10.829999923706056,2106610.0,11.41179264873235,11.40768624838408,11.418153689255531,11.316659248676034,-0.012181551340161079,-0.011492623442430336,0.009999275207517755,0.02319281441824764,13.243379778660286,58.26940247656227,62.96220238950884,52.34463808193134,-0.0008764442607863687,-0.0008764442607863687
2025-04-23 15:26:00+00:00,11.390000343322754,11.390000343322754,11.350000381469728,11.350000381469728,3736.0,10.829999923706056,2106610.0,11.411406936281105,11.396149075001208,11.411662898037836,11.316991001241146,-0.016114192586584863,-0.012416937271261242,0.04999923706054332,0.026049886431012453,9.048831894229947,54.620646733645,71.57560548872374,55.67148833305879,-0.004385898134529054,-0.007867063130657659
2025-04-23 15:27:00+00:00,11.350000381469728,11.359999656677246,11.345000267028809,11.359999656677246,5652.0,10.829999923706056,2106610.0,11.410735785361533,11.388919191336417,11.406742589336828,11.317418948061405,-0.018214021266384606,-0.013576354070285917,0.0149993896484375,0.023578439440045656,9.997313171526713,46.83488716765019,64.81813791525812,57.59813259210332,-0.005253977164260126,-0.006993000580457598
2025-04-23 15:28:00+00:00,11.369999885559082,11.369999885559082,11.369999885559082,11.369999885559082,238.0,10.829999923706056,2106610.0,11.410715385783716,11.385135330180951,11.403243284215138,11.317942141469343,-0.018853879936436613,-0.014631859243516055,0.010000228881835938,0.02074990953717875,14.802534388234408,61.82495650175748,61.364950838635046,58.576257416178386,-0.002631555611846359,-0.0024128232064793975
2025-04-23 15:29:00+00:00,11.350000381469728,11.350000381469728,11.350000381469728,11.350000381469728,417.0,10.829999923706056,2106610.0,11.410662160485144,11.378108340438708,11.398172531572719,11.318261128932035,-0.02073573671427198,-0.01585263473766724,0.019999504089353692,0.019142763955252003,16.045292633542168,59.70172623008731,57.63452377596753,58.85703611870258,-0.004385898134529054,-0.004167550473197168
2025-04-23 15:30:00+00:00,11.359999656677246,11.369999885559082,11.350099563598633,11.369999885559082,7472.0,10.829999923706056,2106610.0,11.409930725412444,11.376486649462784,11.395489422428563,11.318775942430811,-0.02037841920015815,-0.016757791630165424,0.019999504089353692,0.019642761775424615,21.818440336110836,58.21811157697081,45.47880983227439,58.53127138343791,-0.002631555611846359,-0.005249380403737014
2025-04-23 15:31:00+00:00,11.369999885559082,11.369999885559082,11.350000381469728,11.359999656677246,3414.0,10.829999923706056,2106610.0,11.409580384587724,11.373189250905677,11.392109444737962,11.319186128642219,-0.020663975939500645,-0.01753902849203247,0.019999504089353692,0.02035699571881874,21.05293098025024,52.70142751019071,42.91067969093966,58.022055286490016,0.0008809933807440995,-0.0061242910437050435
2025-04-23 15:32:00+00:00,11.350000381469728,11.350000381469728,11.34000015258789,11.350000381469728,9344.0,10.829999923706056,2106610.0,11.40839495958295,11.368551477018489,11.388099057760034,11.31949273812309,-0.02144987880380711,-0.018321198554387397,0.01999950408935547,0.021071229662213118,20.33931729205628,50.91505106247002,42.910679690940626,56.16586825908059,-0.0008802179145876998,-0.006129570434025067
2025-04-23 15:33:00+00:00,11.350000381469728,11.359999656677246,11.350000381469728,11.359999656677246,1762.0,10.829999923706056,2106610.0,11.408211815635726,11.36684111295024,11.385422924323578,11.319895792039052,-0.021023508623347453,-0.01886166056817941,0.009999275207517755,0.02035685947963068,21.05273725070252,52.70178021684107,42.91132808246766,54.85267747649969,-0.0008795276149946574,-0.004382137721606005
2025-04-23 15:34:00+00:00,11.369999885559082,11.380000114440918,11.369999885559082,11.380000114440918,1644.0,10.829999923706056,2106610.0,11.40810795301956,11.369472913248376,11.384906466239514,11.320493844998275,-0.018854395656102696,-0.018860207585764066,0.020000457763671875,0.02035685947963068,28.07053941908729,59.719247757999945,36.050558221620605,53.04943170385828,0.002643148190564659,-0.002629249200033601
2025-04-23 15:35:00+00:00,11.390000343322754,11.390000343322754,11.390000343322754,11.390000343322754,879.0,10.829999923706056,2106610.0,11.408076132188194,11.373578399263252,11.3853915973903,11.321185451946778,-0.01614234421078109,-0.018316634910767474,0.010000228881835938,0.020356859479630555,31.579440503279873,66.73704992638513,35.75962615168489,51.225405069078626,0.0017590552299893147,-0.0017528049392473433
2025-04-23 15:36:00+00:00,11.390000343322754,11.390000343322754,11.390000343322754,11.390000343322754,0.0,10.829999923706056,2106610.0,11.408076132188194,11.376862788075154,11.385830525574343,11.321870177234103,-0.013833559241247073,-0.017420019776863395,0.0,0.018928255353653993,26.41542027149607,66.11340636561509,42.90337134589478,50.78786211895262,0.002640905594383014,-0.0008771294335189195
2025-04-23 15:37:00+00:00,11.390000343322754,11.390000343322754,11.390000343322754,11.390000343322754,0.0,10.829999923706056,2106610.0,11.408076132188194,11.379490299124676,11.386227651074194,11.32254808933449,-0.011867034729602821,-0.01630942276741128,0.0,0.016785417284283306,29.787631233995526,63.91516612489126,36.421041690127375,49.55291726582266,0.003524225595474828,-0.002626946827563037
2025-04-23 15:38:00+00:00,11.399999618530272,11.40999984741211,11.399999618530272,11.40999984741211,3006.0,10.829999923706056,2106610.0,11.40806771100104,11.385592208782164,11.388491669773043,11.323418256081531,-0.00859567149848317,-0.01476667251362566,0.01999950408935547,0.01607111522129515,40.00042386351658,71.20016954540795,28.057175528873923,47.982763617351225,0.0044014253737652,0.0008772130891638863
2025-04-23 15:39:00+00:00,11.40999984741211,11.40999984741211,11.40999984741211,11.40999984741211,437.0,10.829999923706056,2106610.0,11.408069387493457,11.390473736508154,11.39054006764343,11.32427976445298,-0.005934681257595997,-0.013000274262419727,0.0,0.015356881277901024,41.86080553584144,79.16297019162754,30.82217889134949,45.68704765319699,0.0026361803751762114,0.0008772130891638863
2025-04-23 15:40:00+00:00,11.420000076293944,11.425000190734863,11.40999984741211,11.425000190734863,3727.0,10.829999923706056,2106610.0,11.408157028077257,11.397379027353498,11.393821984128328,11.325281957749317,-0.0025856195643996216,-0.010917343322815706,0.015000343322753906,0.012856960296630351,58.333907312137065,72.3329854138759,10.713561644947514,41.33975880721297,0.003072857450142852,0.0021930327229093827
2025-04-23 15:41:00+00:00,11.420000076293944,11.420000076293944,11.420000076293944,11.420000076293944,1225.0,10.829999923706056,2106610.0,11.408185553535073,11.401903237141587,11.39631513576315,11.326224426590557,-0.00033111460844459373,-0.008800097579941484,0.005000114440919745,0.012142726353236226,61.76510187595353,79.52887981330157,12.572211303674308,37.60790690638556,0.0026338658531099846,0.006167373786039487
2025-04-23 15:42:00+00:00,11.399999618530272,11.399999618530272,11.399999618530272,11.399999618530272,1270.0,10.829999923706056,2106610.0,11.40816516331453,11.401522513419325,11.396666038883827,11.326958508102395,-0.00015646929807822119,-0.0070713719235688316,0.020000457763671875,0.012857028416224507,52.777866081740804,72.33313200029588,15.63033323875529,34.34114850639414,0.0008778994649794036,0.003521123508970714
2025-04-23 15:43:00+00:00,11.399999618530272,11.399999618530272,11.395000457763672,11.399999618530272,1829.0,10.829999923706056,2106610.0,11.408130019627183,11.401217934441513,11.39698352265968,11.327685285320584,-1.7855800804156274e-05,-0.005660668699015897,0.004999160766599786,0.011785575321742086,57.57602029905238,69.81787495737217,9.60945156255627,30.9107862054362,-0.0008764442607863687,0.0026384989686141225
2025-04-23 15:44:00+00:00,11.390000343322754,11.390000343322754,11.380000114440918,11.380000114440918,989.0,10.829999923706056,2106610.0,11.408082184959142,11.396974370441395,11.395366055210273,11.32820583088397,-0.0015044540331352607,-0.00482942576583977,0.019999504089353692,0.011785575321742086,45.454965811818,78.84898822631865,26.86481107773556,29.58121486582628,-0.002629249200033601,0.002643148190564659
2025-04-23 15:45:00+00:00,11.380000114440918,11.380000114440918,11.369999885559082,11.380000114440918,2112.0,10.829999923706056,2106610.0,11.407953298184042,11.3935795192413,11.393902632279858,11.32872119688951,-0.002652022972618795,-0.004393945207195576,0.010000228881835938,0.01107134137834796,48.3873547942508,90.3235134869078,30.232785081883367,28.675650965179408,-0.003938737465443376,0.0008795276149946574
2025-04-23 15:46:00+00:00,11.380000114440918,11.380000114440918,11.380000114440918,11.380000114440918,256.0,10.829999923706056,2106610.0,11.407939404223244,11.390863638281223,11.392578582961862,11.329231434875096,-0.0035208929625536456,-0.00421933475826719,0.0,0.009642805371965426,55.555712539825095,103.70451478909565,30.232785081882785,27.77008706453242,-0.0035026236064620297,0.00176060372958875
2025-04-23 15:47:00+00:00,11.369999885559082,11.369999885559082,11.350000381469728,11.350000381469728,3164.0,10.829999923706056,2106610.0,11.40762635242816,11.382690986918924,11.38852351615309,11.329438091060117,-0.006554648514050854,-0.004686397509423923,0.02999973297118963,0.011071409497941989,41.93590067003523,103.22588584190908,42.22184546263539,27.72083830597297,-0.004385898134529054,0.0
2025-04-23 15:48:00+00:00,11.354999542236328,11.354999542236328,11.350000381469728,11.350000381469728,6646.0,10.829999923706056,2106610.0,11.406917761683088,11.376152865829084,11.384854646183246,11.329642690964691,-0.008856825672470592,-0.005520483142033257,0.004999160766599786,0.009999888283865412,32.143270730728275,100.00136240710087,51.35137921613164,28.813754091295184,-0.004385898134529054,-0.0008802179145876998
2025-04-23 15:49:00+00:00,11.359999656677246,11.359999656677246,11.329999923706056,11.34000015258789,45223.0,10.829999923706056,2106610.0,11.401873745551011,11.368922323180847,11.380582789650354,11.329745750284326,-0.011357332295169442,-0.006687852972660495,0.02999973297118963,0.011428424290247818,25.000298027061966,87.50134112177442,55.55567329292456,30.22775745852659,-0.0035149351011225516,-0.0035149351011225516
2025-04-23 15:50:00+00:00,11.312999725341797,11.329999923706056,11.312999725341797,11.329999923706056,705.0,10.829999923706056,2106610.0,11.401777971691214,11.36113784328589,11.375765373846136,11.3297482793731,-0.013984729448312194,-0.008147228267790836,0.02700042724609375,0.013357026236397371,21.390540692160215,83.95824195999762,59.391005470299895,31.405445610269812,-0.004393689827068892,-0.005267815435306078
2025-04-23 15:51:00+00:00,11.329999923706056,11.329999923706056,11.300000190734863,11.300000190734863,5519.0,10.829999923706056,2106610.0,11.400899053928752,11.348910312775686,11.368549642121254,11.329452278491127,-0.01827700244692565,-0.010173183103617799,0.029999732971193183,0.015499864305768314,18.43332351816657,78.34173482348109,61.90480515528928,33.22571442920995,-0.007029870202245103,-0.007901681288416507
2025-04-23 15:52:00+00:00,11.300000190734863,11.300000190734863,11.279999732971191,11.279999732971191,2376.0,10.829999923706056,2106610.0,11.400430025515634,11.335128196814788,11.360116317440296,11.328960213361576,-0.023027087581439787,-0.012743963999182198,0.020000457763671875,0.015499932425362342,9.216840994990118,82.95025050540686,79.9997139001605,36.9358957414447,-0.006167457810206001,-0.009657647676547199
2025-04-23 15:53:00+00:00,11.28499984741211,11.28499984741211,11.28499984741211,11.28499984741211,200.0,10.829999923706056,2106610.0,11.400390144857498,11.325102526934252,11.352962367913802,11.328522796784966,-0.026087377773233555,-0.01541264675399247,0.005000114440917969,0.015857083456856484,9.009248957183516,78.82963962145031,79.48687852734295,40.41194571544423,-0.005726919107750916,-0.010955302512852483
2025-04-23 15:54:00+00:00,11.28499984741211,11.289999961853027,11.28499984741211,11.289999961853027,1524.0,10.829999923706056,2106610.0,11.40009590966011,11.318082013918007,11.346965948288966,11.3281394849946,-0.027788879446466908,-0.01788789329248736,0.005000114440917969,0.015142781393868201,4.717112691579402,82.54812255676005,89.1890220013607,46.01733574090232,-0.004409187836161732,-0.010517080382459354
2025-04-23 15:55:00+00:00,11.3100004196167,11.3100004196167,11.300000190734863,11.3100004196167,2062.0,10.829999923706056,2106610.0,11.399765158933677,11.316465695057746,11.34344542174875,11.327958996781884,-0.027209804303932827,-0.019752275494776456,0.020000457763671875,0.016214234488350496,13.216203271911885,79.29595926495595,71.4281821773543,50.221333660450895,-0.0017651813083874313,-0.01006562531276134
2025-04-23 15:56:00+00:00,11.31999969482422,11.31999969482422,11.31999969482422,11.31999969482422,785.0,10.829999923706056,2106610.0,11.399657801888356,11.317172495011041,11.341212495374986,11.32787979974748,-0.02564836673349724,-0.020931493742520613,0.009999275207521308,0.015499864305768314,18.433323518167388,82.9501755742992,63.636442452325866,53.65034146142022,0.0017698675886532733,-0.008756600770722156
2025-04-23 15:57:00+00:00,11.3100004196167,11.3149995803833,11.300000190734863,11.3149995803833,1765.0,10.829999923706056,2106610.0,11.399387301692007,11.316737912085493,11.33871602728054,11.327751638360771,-0.024531598658116494,-0.02165151472563979,0.019999504089357245,0.01657131740025099,17.24147853396344,84.05256753868379,65.95756769040896,57.67520689912398,0.0031028234255898735,-0.007456143946602101
2025-04-23 15:58:00+00:00,11.31999969482422,11.31999969482422,11.3149995803833,11.3149995803833,638.0,10.829999923706056,2106610.0,11.399297186728644,11.316390245745055,11.336457318052233,11.327624752211742,-0.02337707553742696,-0.02199662688799723,0.005000114440919745,0.01549993242536285,20.73745275556093,89.86200228531338,62.49990065882877,60.22057044063064,0.0026583724746855886,-0.007456143946602101
2025-04-23 15:59:00+00:00,11.3100004196167,11.3100004196167,11.295000076293944,11.295000076293944,1420.0,10.829999923706056,2106610.0,11.399057008804451,11.312112211854833,11.332509009313348,11.32730012857077,-0.023801531247293894,-0.022357607759856565,0.019999504089357245,0.016214166368757228,19.823968070582076,90.3085810314052,63.99980163498391,62.632500194423535,0.0004428799342612866,-0.007469247565218495
2025-04-23 16:00:00+00:00,11.300000190734863,11.300000190734863,11.300000190734863,11.300000190734863,925.0,10.829999923706056,2106610.0,11.398901178831315,11.309689807630841,11.329412931353493,11.327028487398273,-0.023463969967744802,-0.022578880201434212,0.005000114440919745,0.016571317400251497,19.39671473436812,86.2069816005404,63.26508369015052,64.99195009501409,-0.0008841935022824154,-0.007029870202245103
2025-04-23 16:01:00+00:00,11.300000190734863,11.300000190734863,11.300000190734863,11.300000190734863,0.0,10.829999923706056,2106610.0,11.398901178831315,11.307751884251646,11.326611717961244,11.326759549123016,-0.02293210321062844,-0.022649524803273056,0.0,0.014428479330880808,22.277407688931202,84.15851867939014,58.13930794036541,66.12891170056623,-0.0017667406915656825,-0.007029870202245103
2025-04-23 16:02:00+00:00,11.279999732971191,11.279999732971191,11.279999732971191,11.279999732971191,649.0,10.829999923706056,2106610.0,11.398770086394837,11.302201453995556,11.322172481295524,11.32629427732051,-0.023849542089070752,-0.0228895282604326,0.020000457763671875,0.015500000544957386,20.737361618346494,87.55740723649855,61.70200677718383,66.8682422406414,-0.0030932256924506296,-0.006167457810206001
2025-04-23 16:03:00+00:00,11.289999961853027,11.300000190734863,11.289999961853027,11.300000190734863,1291.0,10.829999923706056,2106610.0,11.398546646659534,11.30176120134342,11.320060834575463,11.326032644618167,-0.022701065467513715,-0.022851835701848823,0.020000457763671875,0.014785766601563262,28.985607400855304,86.95590078136499,49.99960263532217,66.47138005081266,-0.0013256199915766542,-0.004405303000385441
2025-04-23 16:04:00+00:00,11.3100004196167,11.3100004196167,11.3100004196167,11.3100004196167,581.0,10.829999923706056,2106610.0,11.398459527625208,11.303409044998075,11.319102699817485,11.325873119991286,-0.02074482118976384,-0.022430432799431826,0.010000228881835938,0.01357146671840199,36.84234302062923,96.3153139587395,44.66357570960034,65.41942078219125,0.0013280516353637584,-0.0026454790623918756
2025-04-23 16:05:00+00:00,11.3100004196167,11.350000381469728,11.3100004196167,11.350000381469728,5410.0,10.829999923706056,2106610.0,11.397898558438927,11.312727312292406,11.322045336165317,11.326113192244803,-0.015784862805077182,-0.0211013188005609,0.03999996185302912,0.014285768781390271,55.00009536706758,84.99971389879549,21.428328144903325,62.528243852877964,0.004424795565566519,0.0017652654808781865
2025-04-23 16:06:00+00:00,11.345000267028809,11.345000267028809,11.345000267028809,11.345000267028809,438.0,10.829999923706056,2106610.0,11.397859707378272,11.319181903239686,11.32423152005708,11.326301123337181,-0.012117840575266214,-0.019304623155501962,0.005000114440919745,0.013214315686907976,59.459654512930165,99.99948450153589,25.423334303170904,58.62993102452157,0.00398230756941409,0.00398230756941409
2025-04-23 16:07:00+00:00,11.354999542236328,11.359999656677246,11.354999542236328,11.359999656677246,4624.0,10.829999923706056,2106610.0,11.39755558964337,11.327345453927197,11.327638009259001,11.326636432126636,-0.007910189903885367,-0.01702573650517864,0.0149993896484375,0.013928549630302227,64.10266442348939,97.43534567079833,20.634574629124796,54.4261950317917,0.0070921919858044635,0.0070921919858044635
2025-04-23 16:08:00+00:00,11.380000114440918,11.385000228881836,11.380000114440918,11.385000228881836,575.0,10.829999923706056,2106610.0,11.3975419956216,11.338876408918125,11.33310107779451,11.327217166422708,-0.0025291052429885497,-0.014126410252740623,0.025000572204589844,0.01535715375627879,67.4420255140952,99.99955643086284,19.44411330721305,49.44441583935258,0.007522127142676194,0.008861354259801724
2025-04-23 16:09:00+00:00,11.385000228881836,11.399999618530272,11.385000228881836,11.390000343322754,15904.0,10.829999923706056,2106610.0,11.397390667829354,11.34910119579905,11.338520055463867,11.32784187465057,0.002114535517875993,-0.0108782210986173,0.014999389648435724,0.014999934605190493,66.66666666666498,97.61898274295937,18.840547660446546,45.68815623100203,0.007073379375592159,0.008857429743809542
2025-04-23 16:10:00+00:00,11.399999618530272,11.399999618530272,11.390000343322754,11.390000343322754,22352.0,10.829999923706056,2106610.0,11.39724892933235,11.357281025303791,11.343422940021856,11.328460366876165,0.0057286183303162375,-0.007556853212830594,0.009999275207517755,0.01499993460519024,61.90508628519403,90.47638510444997,18.749850988246646,42.481971126424945,0.003524225595474828,0.007073379375592159
2025-04-23 16:11:00+00:00,11.385000228881836,11.385000228881836,11.359999656677246,11.369999885559082,3949.0,10.829999923706056,2106610.0,11.397092002702417,11.35982479735485,11.345954077692069,11.328873695420274,0.006899403181360952,-0.0046656019339922855,0.030000686645507812,0.015714304787772422,59.09088938691758,90.90932735698095,21.212261329187463,39.285877814909114,0.0022035802504940527,0.004416978099188729
2025-04-23 16:12:00+00:00,11.364999771118164,11.364999771118164,11.350000381469728,11.350000381469728,2421.0,10.829999923706056,2106610.0,11.396934302722755,11.357859914177826,11.346339439956608,11.329083911201861,0.006142657046916966,-0.0025039501378104354,0.019999504089353692,0.016785689762660563,53.19156707180935,82.97912058924997,21.875158324517262,36.38411050531544,-0.0008802179145876998,0.003093309976529568
2025-04-23 16:13:00+00:00,11.364999771118164,11.364999771118164,11.350000381469728,11.350000381469728,0.0,10.829999923706056,2106610.0,11.396934302722755,11.356288007636206,11.346688101053097,11.32929203528413,0.005479762986633219,-0.0009072075129217048,0.014999389648435724,0.01642853873116617,54.347934254391475,76.08760552634693,16.666984556892817,33.00319499973751,-0.0030742070011837708,0.003093309976529568
2025-04-23 16:14:00+00:00,11.335000038146973,11.34000015258789,11.335000038146973,11.34000015258789,1464.0,10.829999923706056,2106610.0,11.396801837673237,11.353030436626543,11.34605115358022,11.329398583715014,0.004100215045843569,9.427699883135e-05,0.015000343322755683,0.01714284079415445,52.0833830039184,77.08397905093477,19.355195963822062,29.8667744478569,-0.0043898322412408985,0.0039840704727744924
2025-04-23 16:15:00+00:00,11.350000381469728,11.350000381469728,11.31999969482422,11.329999923706056,5946.0,10.829999923706056,2106610.0,11.396224446073768,11.348424334042447,11.344522465020775,11.32940456719751,0.0021749074886034947,0.0005104030967857789,0.030000686645507812,0.019285746983119294,50.00000000000099,74.07458426934525,19.403316489928475,27.099917915682834,-0.005267815435306078,0.0026548435809576887
2025-04-23 16:16:00+00:00,11.350000381469728,11.350000381469728,11.31999969482422,11.329999923706056,0.0,10.829999923706056,2106610.0,11.396224446073768,11.344739451975169,11.343139365847945,11.32941049114287,0.0006416903712374022,0.0005366605516761036,0.030000686645507812,0.020000049046107575,48.21424922173649,64.2860062261154,14.285973787702893,23.713058416434198,-0.00351802658360878,0.0026548435809576887
2025-04-23 16:17:00+00:00,11.34000015258789,11.369999885559082,11.34000015258789,11.359999656677246,3645.0,10.829999923706056,2106610.0,11.396005063260137,11.347791492915585,11.344745107831688,11.329714860949183,0.0018262802699062775,0.0007945844953221384,0.03999996185302557,0.02142858505248998,44.999729792449344,63.33378897743882,16.923717971289157,21.350495226146126,0.0008809933807440995,0.0070921919858044635
2025-04-23 16:18:00+00:00,11.364999771118164,11.364999771118164,11.364999771118164,11.364999771118164,1172.0,10.829999923706056,2106610.0,11.39594987308856,11.351233148556101,11.34667412338278,11.330065954582706,0.0031324349861474587,0.0012621545934872027,0.005000114440917969,0.02107143402099584,42.37254711796514,66.10189764975875,21.87552154113831,19.72277707125598,0.001321532083199184,0.005752175158067363
2025-04-23 16:19:00+00:00,11.359999656677246,11.359999656677246,11.345000267028809,11.345000267028809,2343.0,10.829999923706056,2106610.0,11.395786939132586,11.349986572250643,11.346514708491926,11.330214554706549,0.0025246762753763363,0.0015146589298650295,0.01999950408935547,0.01964282989501915,30.908800865590642,78.18198211944896,43.33379957529614,21.287453601998322,0.0004409271934424641,0.0030945929366548164
2025-04-23 16:20:00+00:00,11.345000267028809,11.345000267028809,11.345000267028809,11.345000267028809,1326.0,10.829999923706056,2106610.0,11.395685225721493,11.348989311206276,11.346370475971629,11.330361676222195,0.002019740803685721,0.0016156753046291678,0.0,0.019285678863524884,31.481200218992452,66.66690214223946,35.84959981574255,22.0321868528963,0.0013239491106584733,-0.00044053870245530646
2025-04-23 16:21:00+00:00,11.345000267028809,11.345000267028809,11.345000267028809,11.345000267028809,0.0,10.829999923706056,2106610.0,11.395685225721493,11.348191502370783,11.346239979881837,11.330507333842162,0.0016011191001812364,0.0016127640637395818,0.0,0.01821429388863649,27.450848395770993,66.66704065642729,41.66709714335687,23.534509889627163,0.0013239491106584733,0.0
2025-04-23 16:22:00+00:00,11.359999656677246,11.364999771118164,11.359999656677246,11.364999771118164,3169.0,10.829999923706056,2106610.0,11.39553111363052,11.35155315612026,11.348026626666249,11.330850542173266,0.002850294797156039,0.0018602702104228734,0.01999950408935547,0.01785707473754832,25.99954986400555,64.00018310616764,42.2230511003359,25.161576874850223,0.000440150932397243,0.000440150932397243
2025-04-23 16:23:00+00:00,11.369999885559082,11.369999885559082,11.369999885559082,11.369999885559082,742.0,10.829999923706056,2106610.0,11.395502668843555,11.355242502008027,11.350119317989376,11.331240087878598,0.004195381241100193,0.002327292416558337,0.005000114440917969,0.017142840794154197,22.916418313743762,68.75004967058473,50.00043348967781,27.387283005509595,0.0004399572847879618,-0.001317553185875231
2025-04-23 16:24:00+00:00,11.380000114440918,11.385000228881836,11.369999885559082,11.380000114440918,7596.0,10.829999923706056,2106610.0,11.395309054154282,11.360194024494605,11.352965108127618,11.331725262272252,0.005999152340280034,0.003061664401302677,0.015000343322753906,0.01750005994524249,28.571206140863467,65.30583646682342,39.130579005853804,28.843049292481535,0.003085045975170786,-0.0008779831940654015
2025-04-23 16:25:00+00:00,11.364999771118164,11.364999771118164,11.364999771118164,11.364999771118164,250.0,10.829999923706056,2106610.0,11.395297809235934,11.361155173819316,11.354111266507669,11.332056351912511,0.006147388322833791,0.0036788091856088997,0.015000343322753906,0.01642860685076007,30.434584302555066,58.69521049205279,31.70727168689434,29.5926928894606,0.001762847388155464,-0.002194957985163337
2025-04-23 16:26:00+00:00,11.364999771118164,11.364999771118164,11.364999771118164,11.364999771118164,766.0,10.829999923706056,2106610.0,11.395263406696396,11.361924093279086,11.355148266946763,11.332384147128488,0.006193471918022553,0.0041817417320916305,0.0,0.015000070844377664,33.33303058101226,59.52352839665364,28.205328846980844,30.044847926779426,0.001762847388155464,-0.0004397638074973287
2025-04-23 16:27:00+00:00,11.359999656677246,11.380000114440918,11.359999656677246,11.380000114440918,1269.0,10.829999923706056,2106610.0,11.395222231705745,11.365539297511452,11.357515109565254,11.332857937848015,0.007355605006459598,0.004816514386965224,0.020000457763671875,0.01535728999546596,39.53452267948866,60.46459019011122,20.93025318926142,30.349367114805755,0.0013198718543641075,0.002643148190564659
2025-04-23 16:28:00+00:00,11.390000343322754,11.390000343322754,11.390000343322754,11.390000343322754,1089.0,10.829999923706056,2106610.0,11.395213831550274,11.370431506673714,11.360608941351684,11.333426518997019,0.008980022636048801,0.00564921603678194,0.010000228881835938,0.015000138963971692,45.23780329968295,69.04719735879964,20.833349890127927,30.454949538113315,0.0017590552299893147,0.003524225595474828
2025-04-23 16:29:00+00:00,11.399999618530272,11.399999618530272,11.390000343322754,11.390000343322754,1700.0,10.829999923706056,2106610.0,11.39520912133256,11.374345274003524,11.363408122491787,11.333989442622151,0.010150378070786559,0.006549448443582864,0.009999275207517755,0.013571466718400973,49.99949806755917,68.42092054409511,15.555951154797729,30.180137728461123,0.0008787547259463402,0.004409187836161843
2025-04-23 16:30:00+00:00,11.390000343322754,11.399999618530272,11.390000343322754,11.399999618530272,17119.0,10.829999923706056,2106610.0,11.395244979036283,11.379476142908873,11.366893026876404,11.33464626029288,0.011749312367310694,0.007589421228328431,0.009999275207517755,0.012142794472830256,55.882237443690514,76.47105022523795,15.555951154797725,30.270850397539323,0.00307961708024429,0.006178260838091809
2025-04-23 16:31:00+00:00,11.390000343322754,11.390000343322754,11.390000343322754,11.390000343322754,2106.0,10.829999923706056,2106610.0,11.395229152537361,11.38158098299165,11.36909372368082,11.3351970471887,0.012070480390857341,0.008485633060834214,0.009999275207517755,0.009999888283865412,53.571890816695706,78.57206111758553,18.918891053994727,30.413362760589724,0.002199786423940253,0.005295712270143804
2025-04-23 16:32:00+00:00,11.390000343322754,11.390000343322754,11.390000343322754,11.390000343322754,0.0,10.829999923706056,2106610.0,11.395229152537361,11.38326485505787,11.371084830313386,11.335742353617896,0.012184552427642714,0.009225416934195915,0.0,0.009642737252371272,55.55610500438077,62.96377405408709,6.250149011755228,29.297264722776646,0.0008787547259463402,0.002640905594383014
2025-04-23 16:33:00+00:00,11.390000343322754,11.390000343322754,11.390000343322754,11.390000343322754,460.0,10.829999923706056,2106610.0,11.395225708359074,11.384611952710848,11.37288630774285,11.336282234112472,0.012135069807715837,0.009807347508899899,0.0,0.008214201245988737,65.21789608989657,56.522784757642455,7.142321918786841,26.712159175883123,0.0,0.002199786423940253
2025-04-23 16:34:00+00:00,11.397000312805176,11.399999618530272,11.385000228881836,11.385000228881836,2936.0,10.829999923706056,2106610.0,11.395203830638083,11.384689607945045,11.374040014517991,11.336766990279333,0.011559140451428362,0.010157706097405593,0.014999389648435724,0.009285586220877004,65.38481289385543,53.84739533280319,9.676426976106809,24.842646830194855,-0.00043899159703264523,0.0035257788375093746
2025-04-23 16:35:00+00:00,11.399999618530272,11.40999984741211,11.399999618530272,11.40999984741211,2966.0,10.829999923706056,2106610.0,11.395252105897466,11.38975165583846,11.377464760507907,11.337495675424933,0.012970457215141451,0.010720256320952765,0.024999618530273438,0.011071273258753678,61.29073938484234,54.839503590174075,5.555172907074814,22.263223670460423,0.0008772130891638863,0.005729359088003205
2025-04-23 16:36:00+00:00,11.420000076293944,11.4399995803833,11.40999984741211,11.4350004196167,4181.0,10.829999923706056,2106610.0,11.395447342163344,11.398801408594109,11.382944347089698,11.338465871884553,0.01592272588434085,0.011760750233630383,0.029999732971191406,0.011785575321741959,63.63683653829647,48.48595192268998,13.512761164407094,20.212488675036933,0.003950840644208142,0.007933023399695482
2025-04-23 16:37:00+00:00,11.4350004196167,11.4350004196167,11.414999961853027,11.414999961853027,2844.0,10.829999923706056,2106610.0,11.39555217863331,11.402041119245892,11.385997262781444,11.33922740511807,0.016458823215138807,0.01270036482993207,0.020000457763671875,0.01285702841622438,55.55573216348363,41.66746140233923,14.284935776915875,17.66138169555394,0.0021948742560775614,0.00439948893460862
2025-04-23 16:38:00+00:00,11.40999984741211,11.40999984741211,11.399999618530272,11.40999984741211,2060.0,10.829999923706056,2106610.0,11.395584274651831,11.403632864879135,11.38828322322246,11.339931608523981,0.016292408026430394,0.013418773469231735,0.015000343322755683,0.012857028416224507,47.222133918259196,50.001059647563686,2.8582950501652444,15.070504270147614,0.0017558826590449161,0.003518026583609002
2025-04-23 16:39:00+00:00,11.40999984741211,11.40999984741211,11.40999984741211,11.40999984741211,910.0,10.829999923706056,2106610.0,11.395602641009845,11.404906261385731,11.390351473145284,11.340628804930828,0.01597635728853497,0.013930290233092384,0.0,0.011785575321742086,51.51520405981112,57.57717628155511,5.556732929261588,13.20260864460242,0.0021958382106004315,0.0026361803751762114
2025-04-23 16:40:00+00:00,11.399999618530272,11.399999618530272,11.399999618530272,11.399999618530272,672.0,10.829999923706056,2106610.0,11.395606774004625,11.40392493281464,11.39127034413433,11.341219559295002,0.014748933383218699,0.014094018863117648,0.010000228881837714,0.012499877384730494,48.57138186039158,60.00141690145877,10.527530994331705,11.939908797984625,-0.0008764442607863687,0.00307961708024429
2025-04-23 16:41:00+00:00,11.399999618530272,11.399999618530272,11.399999618530272,11.399999618530272,0.0,10.829999923706056,2106610.0,11.395606774004625,11.403139869957766,11.392101703600611,11.3418044355063,0.013619197464429078,0.013999054583379935,0.0,0.011071273258753931,45.16111169221103,64.5178954881392,17.648576781971524,11.70550334032106,-0.003060848255535209,0.00307961708024429
2025-04-23 16:42:00+00:00,11.399999618530272,11.399999618530272,11.399999618530272,11.399999618530272,1752.0,10.829999923706056,2106610.0,11.395617512867217,11.402511819672267,11.392853885974864,11.342383492053802,0.012578872200824875,0.013715018106868924,0.0,0.01035697119576565,41.37897014621035,48.277109463899464,7.6940006162295616,10.766978392185461,-0.001314090527628986,0.0017574256492296492
2025-04-23 16:43:00+00:00,11.40999984741211,11.40999984741211,11.380000114440918,11.380000114440918,6406.0,10.829999923706056,2106610.0,11.39556774572594,11.398009478625998,11.391629717257345,11.342757786803922,0.010025051543285812,0.012977024794152301,0.029999732971191406,0.011785575321742339,36.36374145295587,54.54619017068356,20.000508627596066,11.084446783099628,-0.002629249200033601,-0.0008779831940654015
2025-04-23 16:44:00+00:00,11.40999984741211,11.40999984741211,11.380000114440918,11.380000114440918,0.0,10.829999923706056,2106610.0,11.39556774572594,11.394407605788983,11.390522136036733,11.34312835722817,0.007909949301131647,0.011963609695548171,0.029999732971191406,0.01321417944771903,32.432404567364415,48.64912235482317,20.00050862759607,11.401915174013796,-0.002629249200033601,-0.0008779831940654015
2025-04-23 16:45:00+00:00,11.40999984741211,11.40999984741211,11.380000114440918,11.380000114440918,0.0,10.829999923706056,2106610.0,11.39556774572594,11.39152610751937,11.389520038741892,11.343495240384517,0.006162676042450244,0.010803422964928585,0.029999732971191406,0.014642783573695719,29.26817921723941,43.90273403518048,20.00050862759606,11.479173572128177,-0.0017543425226826947,-0.0017543425226826947
2025-04-23 16:46:00+00:00,11.385000228881836,11.390000343322754,11.385000228881836,11.390000343322754,1596.0,10.829999923706056,2106610.0,11.395551813591968,11.391220954680048,11.389565782035309,11.343957977727186,0.005521238886847968,0.00974698614931246,0.010000228881835938,0.015357085636684,27.906832325688242,44.186335348625995,22.5812008933794,12.645677277958475,-0.0008771294335189195,0.0
2025-04-23 16:47:00+00:00,11.399999618530272,11.399999618530272,11.399999618530272,11.399999618530272,2325.0,10.829999923706056,2106610.0,11.395566037982968,11.392976687450092,11.390559480749115,11.344515605993884,0.005753431287056188,0.008948275176861207,0.009999275207517755,0.016071319580078125,31.110762605540675,48.88906785120963,22.22292865393047,13.722863473325877,0.0,0.0008778994649794036
2025-04-23 16:48:00+00:00,11.404999732971191,11.40999984741211,11.399999618530272,11.399999618530272,18364.0,10.829999923706056,2106610.0,11.395757397930868,11.394381273666129,11.391458541490177,11.345067685720615,0.005869782241214594,0.008332576589731884,0.010000228881837714,0.015714236668178266,31.81814241003032,47.727213615043866,19.99999999999838,14.46026154646099,0.0017574256492296492,0.0008778994649794036
2025-04-23 16:49:00+00:00,11.390000343322754,11.390000343322754,11.385000228881836,11.385000228881836,4044.0,10.829999923706056,2106610.0,11.395708343492814,11.39250506470927,11.390843464098907,11.345465024458539,0.004697515783298911,0.00760556442844529,0.014999389648435724,0.01499993460518986,28.571298819255826,50.000000000000426,27.27293745014796,16.011530442394786,0.0004393773629731701,0.0
2025-04-23 16:50:00+00:00,11.380000114440918,11.390000343322754,11.380000114440918,11.380000114440918,2046.0,10.829999923706056,2106610.0,11.39567465035012,11.3900040746556,11.389810764131479,11.345808657194683,0.0033266709302921527,0.0067497857288146635,0.010000228881835938,0.013571398598807325,15.789368013693572,52.63139402396188,53.846266707746196,18.892495124061863,0.0,-0.002629249200033601
2025-04-23 16:51:00+00:00,11.385000228881836,11.399999618530272,11.385000228881836,11.399999618530272,3616.0,10.829999923706056,2106610.0,11.395671418628357,11.392003183430534,11.390781131217079,11.346347870740312,0.0038101384408459893,0.006161856271220929,0.019999504089353692,0.01357133047921317,21.052261730278875,52.63165820065453,42.857921375486214,20.933422666816888,0.0008778994649794036,-0.003060848255535209
2025-04-23 16:52:00+00:00,11.399999618530272,11.414999961853027,11.399999618530272,11.414999961853027,5492.0,10.829999923706056,2106610.0,11.395774883733655,11.396602539115033,11.39308768651574,11.347030976124518,0.005342111730520571,0.005997907363080858,0.015000343322755683,0.01357133047921317,28.947236332243392,52.63115626317399,29.032099281962356,22.802980111945253,0.0013158196337457184,0.0
2025-04-23 16:53:00+00:00,11.399999618530272,11.414999961853027,11.399999618530272,11.414999961853027,0.0,10.829999923706056,2106610.0,11.395774883733655,11.400282023662632,11.395174569881195,11.347707284440226,0.00648149693775224,0.0060946252780151354,0.015000343322755683,0.014642783573695719,26.829086747582707,43.90180361653428,24.137568155953627,24.13018262813754,0.0013158196337457184,0.00043822213039312885
2025-04-23 16:54:00+00:00,11.404999732971191,11.40999984741211,11.404999732971191,11.40999984741211,1388.0,10.829999923706056,2106610.0,11.395797760353416,11.402225588412527,11.396586501074616,11.34832711093746,0.006901444914653609,0.006255989205342831,0.010000228881835938,0.014642783573695592,26.82908674758294,41.462711146877936,21.428084851287718,24.908793617920114,0.0021958382106004315,0.0
2025-04-23 16:55:00+00:00,11.40999984741211,11.40999984741211,11.404999732971191,11.407500267028809,1486.0,10.829999923706056,2106610.0,11.395820538202187,11.403280524135784,11.397625907355966,11.348915898560259,0.006952418314243758,0.006395275027123016,0.005000114440917969,0.014999934605189733,26.190281562217013,40.47547683923452,21.428084851287718,25.178758480014128,0.002416533595021031,0.0006579516446951761
2025-04-23 16:56:00+00:00,11.399999618530272,11.399999618530272,11.395000457763672,11.399999618530272,4324.0,10.829999923706056,2106610.0,11.395834689593423,11.402624343014681,11.397851975086853,11.349424194281355,0.0063147825697189575,0.0063791765356422045,0.012499809265136719,0.01589277812412807,24.718932565247446,42.69567565482151,26.665946097158336,26.53389744293761,0.0,0.0
2025-04-23 16:57:00+00:00,11.399900436401367,11.399999618530272,11.399900436401367,11.399999618530272,1992.0,10.829999923706056,2106610.0,11.395845382220159,11.4020993981178,11.398056512557655,11.349927432333583,0.0057432470710772066,0.006251990642729206,9.918212890447364e-05,0.013757024492536145,23.364231458649215,41.484199372132785,27.942029870802134,27.101148960309473,-0.001314090527628986,0.0
2025-04-23 16:58:00+00:00,11.399900436401367,11.399999618530272,11.399900436401367,11.399999618530272,0.0,10.829999923706056,2106610.0,11.395845382220159,11.401679442200294,11.398241570269333,11.350425663042008,0.005230012739422918,0.006047595062067949,9.918212890447364e-05,0.011621270860944222,27.65810282472027,49.10815294165808,27.94202987080215,27.668400477681338,-0.001314090527628986,0.0017574256492296492
2025-04-23 16:59:00+00:00,11.404999732971191,11.420000076293944,11.404999732971191,11.420000076293944,2428.0,10.829999923706056,2106610.0,11.395905610740867,11.405343569019024,11.400313808938343,11.351117945760933,0.006363782896745107,0.006110832629003382,0.020000457763671875,0.01090703691754997,42.56726373379399,55.66339403932046,13.332019353647098,27.19207981525641,0.0008764442607860357,0.0035149351011223295
2025-04-23 17:00:00+00:00,11.40999984741211,11.40999984741211,11.390000343322754,11.399999618530272,7295.0,10.829999923706056,2106610.0,11.395943928926213,11.404274778921273,11.400283886042336,11.351604330564609,0.005584064504420283,0.006005479004086762,0.02999973297118963,0.012335572923932376,37.63771005097114,55.00726170293801,18.748509846929675,26.91831616908143,-0.0006575190289687116,0.0017574256492296492
2025-04-23 17:01:00+00:00,11.40999984741211,11.420000076293944,11.40999984741211,11.420000076293944,1595.0,10.829999923706056,2106610.0,11.39598624616331,11.407419838395807,11.402161618447252,11.352284885248483,0.006505016075575298,0.00610538641838447,0.020000457763671875,0.013049943106514814,35.57789679184092,54.73289694843777,21.210089473561677,26.845970513340802,0.0017544261783273285,0.0026338658531099846
2025-04-23 17:02:00+00:00,11.40999984741211,11.420000076293944,11.40999984741211,11.420000076293944,0.0,10.829999923706056,2106610.0,11.39598624616331,11.409935885975434,11.403860519194556,11.35295866824396,0.007152428092000562,0.006314794753107689,0.010000228881834161,0.013049943106514559,30.104293902095474,54.732896948438835,29.03043205394895,27.491001374337277,0.0017544261783273285,0.0017544261783273285
2025-04-23 17:03:00+00:00,11.43000030517578,11.43000030517578,11.43000030517578,11.43000030517578,2006.0,10.829999923706056,2106610.0,11.396073379615551,11.413948769815505,11.40635002262134,11.353725251696018,0.008375889632858957,0.006727013729057943,0.010000228881835938,0.012692860194614575,36.578794839319166,59.08700598931018,23.52795978817031,27.223502969910296,0.0026316392674909928,0.0026316392674909928
2025-04-23 17:04:00+00:00,11.43000030517578,11.43000030517578,11.43000030517578,11.43000030517578,0.0,10.829999923706056,2106610.0,11.396073379615551,11.417159076887561,11.408602430483667,11.354484207452035,0.009238990388427126,0.00722940906093178,0.0,0.011978558131626293,38.76005140861908,59.628879815293764,21.210544872351093,24.89237998166779,0.0008756767788991038,0.003952575791767332
2025-04-23 17:05:00+00:00,11.4399995803833,11.45699977874756,11.4399995803833,11.45699977874756,8569.0,10.829999923706056,2106610.0,11.396671525858821,11.425127217259561,11.413211701746894,11.355504262887813,0.011963725448930873,0.008176272338531599,0.026999473571780896,0.012478555951799666,46.93808478814086,60.101208607644686,12.297468903155236,22.709490519358436,0.005000014221459903,0.006766227023928817
2025-04-23 17:06:00+00:00,11.449999809265137,11.475000381469728,11.449999809265137,11.470000267028809,4750.0,10.829999923706056,2106610.0,11.397079063035005,11.43410182721341,11.418620136535647,11.35664352661061,0.01499922662191544,0.009540863195208367,0.02500057220459162,0.013192858014787947,46.02110785245253,54.140505597092954,8.10629687862448,21.21479034769144,0.004378300385361467,0.00614040796850146
2025-04-23 17:07:00+00:00,11.470000267028809,11.470000267028809,11.449999809265137,11.454999923706056,2811.0,10.829999923706056,2106610.0,11.397294508787867,11.43828144651194,11.422084878170924,11.357622197228475,0.01600992833999726,0.010834676224166145,0.020000457763671875,0.013550009046281961,44.80808385491426,52.713470577886454,8.106296878624478,20.069699542167935,0.003064785217012922,0.003504157861296653
2025-04-23 17:08:00+00:00,11.470000267028809,11.470000267028809,11.470000267028809,11.470000267028809,1837.0,10.829999923706056,2106610.0,11.397461241798649,11.444625210615314,11.426648248538342,11.35874038697773,0.01781594791876806,0.01223093056308653,0.01500034332275213,0.013907160077775973,43.657363414611964,59.064058229411636,14.9985217963502,19.610445038243824,0.003499559123801177,0.004818248388925417
2025-04-23 17:09:00+00:00,11.470000267028809,11.470000267028809,11.470000267028809,11.470000267028809,0.0,10.829999923706056,2106610.0,11.397461241798649,11.449700221898013,11.4307770122041,11.359847450460826,0.019027889777705198,0.013590322406010264,0.0,0.013550009046281833,44.80808385491468,60.6208682100406,14.9985217963502,19.151190534319714,0.003499559123801177,0.005258581982392263
2025-04-23 17:10:00+00:00,11.470000267028809,11.470000267028809,11.470000267028809,11.470000267028809,0.0,10.829999923706056,2106610.0,11.397461241798649,11.453760230924173,11.434512560282643,11.360943498386876,0.019760574826415578,0.01482437289009133,0.0,0.012657165527343497,47.96887109274286,59.25417635408713,10.5250741608892,17.99827111030049,0.001134720130252953,0.005478851504447935
2025-04-23 17:11:00+00:00,11.46500015258789,11.46500015258789,11.46500015258789,11.46500015258789,2059.0,10.829999923706056,2106610.0,11.397634398438974,11.456008215256917,11.43741614050219,11.361978887980916,0.0197105545550329,0.015801609223079646,0.005000114440917969,0.013007232121058745,46.677873965028375,57.71444432224705,10.572205444127913,16.757569365538046,-0.0004359297580219801,0.005701801423919628
2025-04-23 17:12:00+00:00,11.46500015258789,11.46500015258789,11.449999809265137,11.449999809265137,10839.0,10.829999923706056,2106610.0,11.398398316418843,11.45480653405856,11.43861458514628,11.362854718043446,0.018250134595239942,0.016291314297511707,0.015000343322753906,0.014071600777762277,43.14718354859413,60.9632476811959,17.1126600112515,15.984042946998715,-0.00043650060883648756,0.004385981790174132
2025-04-23 17:13:00+00:00,11.4399995803833,11.4399995803833,11.43000030517578,11.43000030517578,2252.0,10.829999923706056,2106610.0,11.398494707474486,11.449845288282006,11.43779417753004,11.363522833338294,0.01530255014559323,0.016093561467128013,0.019999504089357245,0.014071532658168375,32.99495088855708,68.5270439703543,34.999403952983194,17.531713275522723,-0.0034873549190762576,0.0026316392674909928
2025-04-23 17:14:00+00:00,11.4399995803833,11.4399995803833,11.43000030517578,11.43000030517578,0.0,10.829999923706056,2106610.0,11.398494707474486,11.44587629166076,11.437051903972492,11.364184300719762,0.012818801073697372,0.015438609388441885,0.009999275207521308,0.012642928532192066,36.723258207210066,67.79616269484107,29.729311758003835,18.316056269170875,-0.0034873549190762576,0.0008756767788991038
2025-04-23 17:15:00+00:00,11.4350004196167,11.4350004196167,11.4350004196167,11.4350004196167,619.0,10.829999923706056,2106610.0,11.398522372357165,11.443701117251948,11.436856524510036,11.364888938718737,0.011125630148567822,0.014576013540467073,0.005000114440919745,0.01157147543770977,33.950668158003886,64.81485842114493,31.24996274728214,19.03319007443662,-0.0030514251610541665,0.003070245812073047
2025-04-23 17:16:00+00:00,11.4350004196167,11.4350004196167,11.4350004196167,11.4350004196167,0.0,10.829999923706056,2106610.0,11.398522372357165,11.441960977724898,11.436679752615433,11.36558656539434,0.009672283923482183,0.013595267617070096,0.0,0.010857173374721616,36.18430959192915,69.07907945590354,31.249962747282144,19.19172798110328,-0.0026166360725621285,0.0013135151683487667
2025-04-23 17:17:00+00:00,11.4350004196167,11.4350004196167,11.4350004196167,11.4350004196167,978.0,10.829999923706056,2106610.0,11.398565996620846,11.44056886610326,11.436519816139365,11.366277250510981,0.008423396893302737,0.012560893472316625,0.0,0.010142871311733335,31.690150304235633,59.85909817458933,30.76917433884679,19.70895759186589,-0.0013099903841308214,0.0013135151683487667
2025-04-23 17:18:00+00:00,11.4350004196167,11.4350004196167,11.4350004196167,11.4350004196167,0.0,10.829999923706056,2106610.0,11.398565996620846,11.439455176805948,11.436375111708635,11.3669610631389,0.007348931021873284,0.011518500982227958,0.0,0.010142871311733335,31.690150304235633,59.85909817458933,30.76917433884679,20.391716839472718,0.0004374553199841813,0.0004374553199841813
2025-04-23 17:19:00+00:00,11.4399995803833,11.475000381469728,11.4399995803833,11.475000381469728,6438.0,10.829999923706056,2106610.0,11.399071891039176,11.446564217738704,11.440053708828739,11.368036081231745,0.009614244677583983,0.011137649721299164,0.03999996185302912,0.01107147761753678,37.41955331323391,51.61262536147166,15.94150818222093,20.652005359405987,0.003937014443785358,0.003937014443785358
2025-04-23 17:20:00+00:00,11.475000381469728,11.475000381469728,11.460000038146973,11.460000038146973,3159.0,10.829999923706056,2106610.0,11.39932360774069,11.449251381820357,11.44195335924,11.368951145479658,0.010082890442747683,0.010926697865588869,0.015000343322755683,0.010357175554548499,27.58609349925009,62.06887479939958,38.461651322304746,22.820244962526004,0.0021862367829377227,0.00026187129766541695
2025-04-23 17:21:00+00:00,11.449999809265137,11.449999809265137,11.4399995803833,11.44499969482422,1293.0,10.829999923706056,2106610.0,11.399394876637405,11.44840104442113,11.442243486438496,11.369707847463186,0.009138549732240264,0.01056906823891915,0.020000457763671875,0.010357175554548499,27.58609349925009,75.86225040119838,46.66692097884711,25.57457525539905,0.0008744446734227918,-0.0021796487901097894
2025-04-23 17:22:00+00:00,11.4399995803833,11.4399995803833,11.4399995803833,11.4399995803833,1233.0,10.829999923706056,2106610.0,11.399455202887738,11.446720751613565,11.442029781099906,11.370407267691247,0.007895669109263537,0.010034388412988027,0.005000114440919745,0.009642873491560471,29.6295511380484,66.66666666666403,38.46165132230474,27.250513078681518,0.00043718063691766673,-0.0013095018265092406
2025-04-23 17:23:00+00:00,11.44499969482422,11.44499969482422,11.44499969482422,11.44499969482422,283.0,10.829999923706056,2106610.0,11.399470728228373,11.446376540255697,11.44231263002603,11.371149480896552,0.007230792632315186,0.00947366925685346,0.005000114440919745,0.010000024523054738,32.14283281449005,67.85716718550742,35.714334371018275,28.73021397687209,0.0008744446734227918,-0.0021796487901097894
2025-04-23 17:24:00+00:00,11.449999809265137,11.449999809265137,11.449999809265137,11.449999809265137,2977.0,10.829999923706056,2106610.0,11.399651272837596,11.447101194057586,11.443044742334518,11.37193406127833,0.007026345346433871,0.008984204474769542,0.005000114440916192,0.010357175554548752,34.482781300148645,68.96556260029729,33.333333333333336,30.35937534633239,-0.0021786990303689358,-0.0017437190320879203
2025-04-23 17:25:00+00:00,11.454999923706056,11.5,11.454999923706056,11.5,5523.0,10.829999923706056,2106610.0,11.400213312381867,11.45768095524607,11.448469052588374,11.37320834922581,0.010774712741229209,0.009342306128061476,0.05000019073486328,0.01357146671840199,52.631631782360074,52.63163178236195,1.7820393923596075e-12,29.604217814609093,0.0034903980558358416,0.0026154954030321864
2025-04-23 17:26:00+00:00,11.494999885559082,11.494999885559082,11.479999542236328,11.479999542236328,4288.0,10.829999923706056,2106610.0,11.400644593892617,11.462144672644122,11.451471956364369,11.374270948161238,0.01199320096123202,0.009872485094695585,0.020000457763671875,0.01392861774989613,51.28207636215839,56.4098927486746,4.761558757681207,28.721996296496933,0.0030580907248023426,0.001308276445600498
2025-04-23 17:27:00+00:00,11.475000381469728,11.475000381469728,11.475000381469728,11.475000381469728,1719.0,10.829999923706056,2106610.0,11.400795910328723,11.464715814409244,11.453712758755355,11.37527323107973,0.012412388867756974,0.010380465849307864,0.004999160766599786,0.012857164655413453,55.55567329292466,52.77730682829444,2.564654329199996,26.405228466226703,0.003059510696700185,0.0021834561241094175
2025-04-23 17:28:00+00:00,11.470000267028809,11.470000267028809,11.470000267028809,11.470000267028809,1834.0,10.829999923706056,2106610.0,11.400945839558347,11.465772704933158,11.455263950019493,11.376215788651361,0.012200491188206541,0.0107444709170876,0.005000114440919745,0.012500081743513343,57.14270144194483,57.142156488756314,0.00047683761294664274,24.28174025762735,0.0021844100368035857,0.003499559123801177
2025-04-23 17:29:00+00:00,11.470000267028809,11.470000267028809,11.454999923706056,11.460000038146973,4545.0,10.829999923706056,2106610.0,11.401270104648782,11.464618171575921,11.455715006031634,11.377049462775696,0.011097698494985764,0.010815116432667233,0.01500034332275213,0.01321438380650137,54.05385900158765,59.458832505101306,4.7615587576787926,22.389711401227114,0.0008733824496436338,0.0026246484838332584
2025-04-23 17:30:00+00:00,11.460000038146973,11.460000038146973,11.449999809265137,11.449999809265137,1343.0,10.829999923706056,2106610.0,11.401352130258546,11.461694499113765,11.455170701577682,11.377775336870119,0.00930947857103348,0.010513988860340483,0.010000228881835938,0.013928685869489652,51.28182556217414,58.973757054685585,6.976455350330018,20.65588944430196,-0.004347842672596802,0.0013117087099276947
2025-04-23 17:31:00+00:00,11.454999923706056,11.454999923706056,11.4399995803833,11.4399995803833,2442.0,10.829999923706056,2106610.0,11.401476813078197,11.457355515367674,11.453725832892502,11.378394483571745,0.007004621585100068,0.0098121154052924,0.015000343322755683,0.0150001389639722,47.61878811823599,59.52325808458408,11.110922731317737,19.251728615192743,-0.003484317373521062,0.00043718063691766673
2025-04-23 17:32:00+00:00,11.43000030517578,11.43000030517578,11.420000076293944,11.420000076293944,1261.0,10.829999923706056,2106610.0,11.40150900596555,11.449884427552927,11.450513856073592,11.37880846956898,0.003523595169220073,0.008554411358077935,0.019999504089357245,0.01642867497035486,43.47815270302712,63.04286531715573,18.366997403668847,18.365858834108604,-0.004793054757941562,-0.001311792109515153
2025-04-23 17:33:00+00:00,11.420000076293944,11.420000076293944,11.420000076293944,11.420000076293944,1144.0,10.829999923706056,2106610.0,11.40153368163416,11.44390755730113,11.447607781808863,11.379218336302563,0.0007561403400355715,0.006994757154469463,0.0,0.013571534837995638,31.578920951055927,73.68381426585107,39.99980926586485,20.084308911511737,-0.004359214435120218,-0.001311792109515153
2025-04-23 17:34:00+00:00,11.420000076293944,11.420000076293944,11.420000076293944,11.420000076293944,750.0,10.829999923706056,2106610.0,11.401549823154834,11.439126061099694,11.444978476521726,11.379624124760188,-0.0014207104844246032,0.00531166362669065,0.0,0.01250008174351309,34.28572985580469,68.57091475842188,33.33298012122306,19.71797525429162,-0.0034903980558360637,-0.004793054757941562
2025-04-23 17:35:00+00:00,11.43000030517578,11.43000030517578,11.43000030517578,11.43000030517578,1282.0,10.829999923706056,2106610.0,11.401592268524,11.43730090991491,11.443551984012588,11.38012538028671,-0.002312290900656322,0.003786872721221256,0.010000228881835938,0.011785779680524808,42.424400055485286,66.66608868543914,22.221633535371424,17.97188329404336,-0.0017466816089528603,-0.0026177777374636335
2025-04-23 17:36:00+00:00,11.43000030517578,11.43000030517578,11.43000030517578,11.43000030517578,1534.0,10.829999923706056,2106610.0,11.401642891147073,11.435840788967084,11.442261347932892,11.380621648196053,-0.00298447167233995,0.002432603842509015,0.0,0.011428628649030539,43.75018626358185,68.74944120925332,22.221633535371428,16.811882023548122,-0.000874062550200394,-0.0013105626953597849
2025-04-23 17:37:00+00:00,11.43000030517578,11.4399995803833,11.43000030517578,11.4399995803833,5924.0,10.829999923706056,2106610.0,11.401882264299356,11.436672547250328,11.442045941499597,11.381212473391948,-0.0026794349763683556,0.001410196078733541,0.009999275207521308,0.011785711560930652,45.45444036644172,63.63610091610485,16.666578363171084,15.451328022987608,0.0017512700486643773,0.0
2025-04-23 17:38:00+00:00,11.4350004196167,11.4350004196167,11.4350004196167,11.4350004196167,581.0,10.829999923706056,2106610.0,11.401904448863082,11.436338121723603,11.441374939415512,11.381747676836971,-0.0028087046919438308,0.0005664159245980666,0.0049991607666015625,0.011785643441336749,42.42431248338301,63.636468725075055,20.000000000000405,14.498947070606684,0.0013135151683487667,-0.0008736806879988679
2025-04-23 17:39:00+00:00,11.43000030517578,11.43000030517578,11.425000190734863,11.425000190734863,2479.0,10.829999923706056,2106610.0,11.40197502196282,11.434070535525855,11.439815439541164,11.382178050109587,-0.0036757154090558686,-0.00028201034213272045,0.010000228881835938,0.008928503308977653,15.99972533970235,88.00039673154137,69.23133353873955,19.44404232337367,0.0004378383894496629,-0.002183372833774566
2025-04-23 17:40:00+00:00,11.425000190734863,11.43000030517578,11.425000190734863,11.43000030517578,1429.0,10.829999923706056,2106610.0,11.402018254470214,11.43325648945584,11.438880664839699,11.382653893443578,-0.003914239287185595,-0.0010084561311432952,0.005000114440916192,0.007857050214495105,18.181581730853917,77.2736730765916,61.90554041780054,23.52575529909648,0.0,-0.006086929984714828
2025-04-23 17:41:00+00:00,11.4399995803833,11.44499969482422,11.4399995803833,11.44499969482422,2962.0,10.829999923706056,2106610.0,11.402158236495978,11.435605130529517,11.43946342960013,11.383274249676223,-0.002859977746391351,-0.0013787604541929065,0.014999389648441053,0.008571352277483766,29.166004386943616,79.16759385828249,46.155200492975666,26.639365739366163,0.0013122825238813807,-0.0030487673177458374
2025-04-23 17:42:00+00:00,11.4399995803833,11.4399995803833,11.43000030517578,11.43000030517578,1827.0,10.829999923706056,2106610.0,11.402223252880004,11.43448416545877,11.438562179654953,11.38373918555184,-0.00319792952830511,-0.0017425942690153474,0.014999389648441053,0.009285586220878146,26.922597257783984,76.92369766639897,48.1491423888741,30.078556135884817,-0.000874062550200394,-0.003921575145794054
2025-04-23 17:43:00+00:00,11.430100440979004,11.430100440979004,11.430100440979004,11.430100440979004,1364.0,10.829999923706056,2106610.0,11.402266590317753,11.433607420562817,11.437756299781054,11.384200491575992,-0.003418274882786676,-0.002077730391769613,0.00010013580322443261,0.008221285683769024,30.407907928644388,73.93631565428471,41.716164279132784,32.71817081598868,-0.0004285070798326629,-0.0034786246836017165
2025-04-23 17:44:00+00:00,11.4399995803833,11.449999809265137,11.4399995803833,11.449999809265137,1875.0,10.829999923706056,2106610.0,11.40236126964911,11.43688589830328,11.438922348303347,11.38485521115499,-0.001964541438169931,-0.0020550926010496767,0.019899368286132812,0.00892836706979023,43.91961485934878,72.00024414621159,24.224174811596217,33.950150777507694,0.0021881503818745873,-0.0008726203183724301
2025-04-23 17:45:00+00:00,11.4399995803833,11.449999809265137,11.4350004196167,11.4350004196167,6444.0,10.829999923706056,2106610.0,11.402635108194024,11.436508802565966,11.438548831285571,11.385354168453118,-0.0019997210596347514,-0.002044018292766692,0.0149993896484375,0.008928298950196074,43.91994994964498,67.99981688894303,21.515294053485935,34.69332015766256,0.0004374553199841813,-0.0013099903841308214
2025-04-23 17:46:00+00:00,11.4399995803833,11.449999809265137,11.4399995803833,11.449999809265137,9049.0,10.829999923706056,2106610.0,11.403080404549943,11.4392070039058,11.439639400616958,11.385997408660204,-0.000807962089572456,-0.0017968070521278447,0.0149993896484375,0.008571147918701807,45.75004967216477,58.33260480826557,12.089002916875623,34.244891980034474,0.0004368820073605839,0.0008741459133427831
2025-04-23 17:47:00+00:00,11.4399995803833,11.4399995803833,11.4399995803833,11.4399995803833,2482.0,10.829999923706056,2106610.0,11.403182530918052,11.439365519201301,11.439673703451847,11.386534743702226,-0.0006627793077100819,-0.0015700015032442923,0.010000228881835938,0.009285449981690088,42.23063435819681,53.84525093352743,12.089002916875625,32.251262955106675,0.0008748272038971994,0.0017512700486643773
2025-04-23 17:48:00+00:00,11.4399995803833,11.4399995803833,11.4399995803833,11.4399995803833,0.0,10.829999923706056,2106610.0,11.403182530918052,11.439492331437702,11.43970473935008,11.387066732126915,-0.0005414790733997421,-0.0013642970172753825,0.0,0.009285449981690088,42.23063435819681,53.84525093352743,12.089002916875625,30.733836011939,0.0008660588290900773,0.0017512700486643773
2025-04-23 17:49:00+00:00,11.43000030517578,11.470000267028809,11.43000030517578,11.449999809265137,27688.0,10.829999923706056,2106610.0,11.404584007122157,11.441593827003189,11.440685222199132,11.387692931899435,0.0003574664805068295,-0.0010199443177189402,0.03999996185302912,0.011428288051061029,46.812860617042794,43.748509846933004,3.3837283539439715,29.388271356122754,0.0,0.002626946827563259
2025-04-23 17:50:00+00:00,11.4399995803833,11.4399995803833,11.399999618530272,11.40999984741211,4610.0,10.829999923706056,2106610.0,11.404643927960475,11.435275031084974,11.43776280555275,11.38791489125777,-0.002133185287251038,-0.00124259251162536,0.05000019073486506,0.014999730246408534,35.66669845638267,47.6182690954015,14.350213478305905,28.826027066332358,-0.002186320182524959,-0.001749821279935837
2025-04-23 17:51:00+00:00,11.4399995803833,11.4399995803833,11.399999618530272,11.40999984741211,0.0,10.829999923706056,2106610.0,11.404643927960475,11.430219994350402,11.43511871430126,11.388134642065276,-0.004060240828517081,-0.001806122175003704,0.03999996185302912,0.017142636435373376,27.04178339393225,41.665772585484895,21.284397302581365,29.155871276290238,-0.003493446508240128,-0.001749821279935837
2025-04-23 17:52:00+00:00,11.40999984741211,11.420000076293944,11.40999984741211,11.420000076293944,4918.0,10.829999923706056,2106610.0,11.404707202079154,11.428176010739111,11.43367884401485,11.388451711062576,-0.0047260325716589335,-0.00239010425433475,0.010000228881834161,0.01749985558646142,26.48978781544528,42.85614190791037,23.601030597983197,29.413087747574725,-0.0017482084635432882,-0.0017482084635432882
2025-04-23 17:53:00+00:00,11.40999984741211,11.420000076293944,11.40999984741211,11.420000076293944,0.0,10.829999923706056,2106610.0,11.404707202079154,11.426540823850079,11.432376104231906,11.38876562514448,-0.005193806358203545,-0.0029508446751085092,0.010000228881834161,0.017499855586461294,26.48978781544547,38.774382150185026,18.82287684223807,25.812483697824614,-0.0017482084635432882,-0.001311792109515153
2025-04-23 17:54:00+00:00,11.420000076293944,11.420000076293944,11.420000076293944,11.420000076293944,2287.0,10.829999923706056,2106610.0,11.404744538086243,11.425232674338853,11.43119743490448,11.389076415703181,-0.0055011071156592095,-0.0034608971632186496,0.0,0.01714270455496728,27.041675938583108,43.74900658041163,23.601030597982394,23.07644728212332,-0.002620064058596605,-0.0004376467708923082
2025-04-23 17:55:00+00:00,11.43000030517578,11.43000030517578,11.420000076293944,11.420000076293944,3426.0,10.829999923706056,2106610.0,11.4048122756092,11.42418615472987,11.430131019798715,11.389384113818512,-0.005679179137988655,-0.003904553558172651,0.010000228881835938,0.016785621643066913,25.489623154527788,38.29693118085934,20.078381972149245,21.213817387778573,0.0008764442607860357,-0.0008749106399680295
2025-04-23 17:56:00+00:00,11.40999984741211,11.420000076293944,11.40999984741211,11.420000076293944,1555.0,10.829999923706056,2106610.0,11.404831849586802,11.423348939042686,11.429166168036357,11.389688750261053,-0.005753974265021,-0.0042744376995423215,0.010000228881834161,0.016428538731166422,26.04365349211331,39.12974972219044,20.0788904440778,19.208799391721698,0.0008764442607860357,-0.0021843267100812858
2025-04-23 17:57:00+00:00,11.425000190734863,11.4399995803833,11.425000190734863,11.4399995803833,8707.0,10.829999923706056,2106610.0,11.405108216895927,11.42667906731081,11.430197921593209,11.390189355535902,-0.004151600043858394,-0.004249870168405536,0.019999504089357245,0.01784992218017591,31.972843633366637,41.97635457452706,13.52754483292369,17.195326574135333,0.0017512700486643773,0.0008748272038971994
2025-04-23 17:58:00+00:00,11.449999809265137,11.449999809265137,11.449999809265137,11.449999809265137,1237.0,10.829999923706056,2106610.0,11.405166567102626,11.431343215701675,11.4320838156572,11.390784484428732,-0.0020511279080004385,-0.0038101217163245167,0.010000228881835938,0.017142840794154703,29.166964690175284,49.99960263532217,26.314944109541106,17.34466723827425,0.002626946827563259,0.001740961804219232
2025-04-23 17:59:00+00:00,11.44499969482422,11.44499969482422,11.44499969482422,11.44499969482422,2172.0,10.829999923706056,2106610.0,11.405257270148068,11.434074511526184,11.433313899387393,11.39132393925854,-0.0007809537067249295,-0.0032042881144045995,0.005000114440916192,0.016428606850760325,30.434998942668482,52.17375079299845,26.315313958739285,17.68752580293521,0.00218910843811404,-0.00043669122482170586
2025-04-23 18:00:00+00:00,11.449999809265137,11.470000267028809,11.449999809265137,11.460000038146973,7336.0,10.829999923706056,2106610.0,11.405675077790919,11.439259616850343,11.435855436412115,11.392007283526086,0.0014197053622613254,-0.0022794894190714147,0.025000572204588067,0.017142977033342506,39.58356512755334,49.99999999999889,11.627618143589467,17.65456974770048,0.003502623606462363,0.0021862367829377227
2025-04-23 18:01:00+00:00,11.460000038146973,11.475000381469728,11.460000038146973,11.470000267028809,1994.0,10.829999923706056,2106610.0,11.40580479432299,11.445407746886037,11.439107325042276,11.392783333113178,0.0039254285281113965,-0.0010385058296348525,0.015000343322755683,0.017500128064836775,40.81657279206621,53.061272153301545,13.04322587332628,17.7227285303041,0.004378300385361467,0.0017467648992874896
2025-04-23 18:02:00+00:00,11.460000038146973,11.460000038146973,11.449999809265137,11.449999809265137,6507.0,10.829999923706056,2106610.0,11.406123728024282,11.446326159361858,11.440144704492074,11.393352651283845,0.00424838960820928,1.8873257933973964e-05,0.020000457763671875,0.018928732190813338,37.73603238866464,52.830229419701766,16.666467986694293,18.049690321005436,0.0008741459133427831,0.0008741459133427831
2025-04-23 18:03:00+00:00,11.4399995803833,11.449999809265137,11.4399995803833,11.449999809265137,1650.0,10.829999923706056,2106610.0,11.406192597081898,11.447060889342515,11.441083285899033,11.393916304597091,0.004453007097081851,0.0009057000257635494,0.010000228881835938,0.016785894121442397,29.787190870797758,59.57478755610204,33.33363608290212,20.188969444502444,0.0,0.0008741459133427831
2025-04-23 18:04:00+00:00,11.460000038146973,11.460000038146973,11.460000038146973,11.460000038146973,10660.0,10.829999923706056,2106610.0,11.4067766970346,11.449648719103408,11.442884881351219,11.394573854184653,0.0053603124809633584,0.0017966225168035113,0.010000228881835938,0.013928753989083173,41.02555324611976,66.66682968577913,23.80974005921484,20.864649914567366,0.0013106460220821958,0.0008733824496436338
2025-04-23 18:05:00+00:00,11.46500015258789,11.46500015258789,11.44499969482422,11.449999809265137,10283.0,10.829999923706056,2106610.0,11.407259159950257,11.449718937135755,11.443562493533499,11.395125356225256,0.005212339039232461,0.0024797658212893014,0.0200004577636701,0.012500217982700386,48.571148312846304,82.85704943761374,26.08717285301694,21.207705311027052,-0.0008726203183724301,0.0035056934608197476
2025-04-23 18:06:00+00:00,11.44499969482422,11.449999809265137,11.44499969482422,11.449999809265137,4360.0,10.829999923706056,2106610.0,11.407438845192269,11.449775111561632,11.444175571222225,11.395671370683365,0.00503700555594655,0.0029912137682207513,0.005000114440916192,0.012143066951206245,49.999719512403495,79.41164921098648,22.727469764615076,21.145308108643615,-0.0017437190320879203,0.0035056934608197476
2025-04-23 18:07:00+00:00,11.4399995803833,11.4399995803833,11.43000030517578,11.43000030517578,2659.0,10.829999923706056,2106610.0,11.407507746760784,11.445820150284462,11.442825545884467,11.3960129521211,0.0032468322094256763,0.0030423374564617365,0.019999504089357245,0.012857300894600751,47.22219278819345,83.33315672914792,27.65950539327224,21.776495862288908,-0.0017466816089528603,0.0008756767788991038
2025-04-23 18:08:00+00:00,11.43000030517578,11.43000030517578,11.43000030517578,11.43000030517578,896.0,10.829999923706056,2106610.0,11.407527896063263,11.442656181262727,11.441604094388403,11.39635113473856,0.0018072738073424688,0.002795324726637883,0.0,0.012857300894600751,47.22219278819345,77.77754230553187,24.444331417524914,21.836731635113377,-0.0017466816089528603,0.0008756767788991038
2025-04-23 18:09:00+00:00,11.43000030517578,11.43000030517578,11.43000030517578,11.43000030517578,1291.0,10.829999923706056,2106610.0,11.407556864751113,11.440125006045339,11.440498971606248,11.39668595235485,0.0006588189475085215,0.0023680235708120113,0.0,0.01214299883161247,44.117581061372995,82.35274318411273,30.23251687765362,22.56202698550655,-0.0026177777374636335,0.0008756767788991038
2025-04-23 18:10:00+00:00,11.43000030517578,11.43000030517578,11.43000030517578,11.43000030517578,0.0,10.829999923706056,2106610.0,11.407556864751113,11.438100065871428,11.43949909861287,11.39701743845257,-0.0002484755318210574,0.0018447237502853975,0.0,0.011428696768624316,46.874962747507205,81.24977648503322,26.829177521397593,23.044190348172243,-0.0017466816089528603,0.0008756767788991038
2025-04-23 18:11:00+00:00,11.4399995803833,11.4399995803833,11.4399995803833,11.4399995803833,785.0,10.829999923706056,2106610.0,11.407582274450409,11.438479968773803,11.439546763543387,11.397445121456858,-0.00015882417534918147,0.001444014165158482,0.009999275207521308,0.010714394705636034,43.33324856314701,83.33248563145412,31.578577523464116,24.33354982606799,-0.0008733824496437448,0.0017512700486643773
2025-04-23 18:12:00+00:00,11.44499969482422,11.44499969482422,11.44499969482422,11.44499969482422,278.0,10.829999923706056,2106610.0,11.407592649994134,11.439783913983888,11.440066090332037,11.39791830129136,0.0003120949815667018,0.001217630328440126,0.005000114440919745,0.01035724367414202,41.37919694827434,72.41343023447128,27.272622185229466,24.401955402902875,0.0013122825238813807,0.0004370729566716136
2025-04-23 18:13:00+00:00,11.44499969482422,11.449999809265137,11.44499969482422,11.44499969482422,2173.0,10.829999923706056,2106610.0,11.407677157783787,11.440827070151954,11.44053595742653,11.398386772868802,0.000677492099018906,0.001109602682555882,0.005000114440916192,0.01035724367414202,44.82751816896436,68.96510901378126,21.2119110371299,24.037426622787923,0.0013122825238813807,-0.00043669122482170586
2025-04-23 18:14:00+00:00,11.4399995803833,11.449999809265137,11.43000030517578,11.449999809265137,12037.0,10.829999923706056,2106610.0,11.408099274498161,11.442661617974592,11.441437276649253,11.398900335420011,0.0013549207122629525,0.0011586662884972962,0.019999504089357245,0.010000024523054105,28.57133125796327,78.57099066083092,46.66658189540043,26.54020974791727,0.00174973784386534,0.0004368820073605839
2025-04-23 18:15:00+00:00,11.460000038146973,11.460000038146973,11.460000038146973,11.460000038146973,1394.0,10.829999923706056,2106610.0,11.408170333866673,11.44612930200907,11.443205158696655,11.399508292661077,0.002667967989996356,0.0014605266287971083,0.010000228881835938,0.009642873491559836,33.33333333333421,96.29551138050084,48.57111716621416,29.07791626883784,0.0026246484838332584,0.0
2025-04-23 18:16:00+00:00,11.470000267028809,11.470000267028809,11.470000267028809,11.470000267028809,2651.0,10.829999923706056,2106610.0,11.40833090372138,11.450903495013018,11.445757073775907,11.400209705341352,0.004464043597140588,0.0020612300224658042,0.010000228881835938,0.008928571428571555,44.000244140625796,103.9993286132883,40.540038971886645,30.783171339208717,0.0026224377400285714,0.0
2025-04-23 18:17:00+00:00,11.470000267028809,11.470000267028809,11.470000267028809,11.470000267028809,0.0,10.829999923706056,2106610.0,11.40833090372138,11.454722849416177,11.448065949323802,11.400904138790978,0.005820353048925142,0.002813054627757672,0.0,0.008214269365583273,47.826447514637664,104.34710497073394,37.1422343324275,31.05521407131767,0.0021844100368035857,0.0017467648992874896
2025-04-23 18:18:00+00:00,11.460000038146973,11.460000038146973,11.460000038146973,11.460000038146973,1547.0,10.829999923706056,2106610.0,11.40840908798494,11.455778287162335,11.449202529211723,11.401492157690043,0.006018920793522398,0.0034542278609106174,0.010000228881835938,0.008214269365583273,39.13057900585568,95.65123646195197,41.93492813546211,32.34987036247819,0.0013106460220821958,0.0008733824496436338
2025-04-23 18:19:00+00:00,11.460000038146973,11.460000038146973,11.460000038146973,11.460000038146973,1401.0,10.829999923706056,2106610.0,11.408479689623002,11.456622637359263,11.450230863396033,11.40207432565479,0.006105902122838458,0.003984562713296186,0.0,0.0067856652396068385,42.10552733551538,99.99899612505202,40.74006047077136,33.3965051923178,0.0008733824496436338,0.0
2025-04-23 18:20:00+00:00,11.470000267028809,11.470000267028809,11.470000267028809,11.470000267028809,3067.0,10.829999923706056,2106610.0,11.408663444201101,11.459298163293173,11.452113663742011,11.402750205668461,0.006902206013897683,0.004568091373416485,0.010000228881835938,0.007142816271101106,50.00047683988581,104.99918937219944,35.48311675527041,34.307622834507455,0.0008726203183724301,0.0017467648992874896
2025-04-23 18:21:00+00:00,11.479999542236328,11.489999771118164,11.479999542236328,11.489999771118164,1015.0,10.829999923706056,2106610.0,11.408740472763988,11.465438484858172,11.455721864444502,11.403618360548558,0.00904283524605809,0.005463040147944806,0.01999950408935547,0.007142816271100979,70.00009536797663,99.99904632023193,17.64653083206483,33.59241036584979,0.0017436358869882262,0.003493446508240128
2025-04-23 18:22:00+00:00,11.479999542236328,11.479999542236328,11.479999542236328,11.479999542236328,1616.0,10.829999923706056,2106610.0,11.408852332589108,11.468350696333804,11.458034024234198,11.404378372306645,0.009819175101240418,0.00633426713860393,0.010000228881835938,0.007857118334089261,63.636284820057995,90.90798748082322,17.646530832064826,33.10685318117407,0.0008717763709442661,0.004374386327698376
2025-04-23 18:23:00+00:00,11.470000267028809,11.470000267028809,11.470000267028809,11.470000267028809,1270.0,10.829999923706056,2106610.0,11.408927675553272,11.468680610472806,11.459173666405114,11.405031326482986,0.009517856166649352,0.006970984944213015,0.009999275207519531,0.008571352277483513,58.33359824522339,91.66560701911013,22.221456917153645,32.534634612566926,0.0008726203183724301,0.003499559123801177
2025-04-23 18:24:00+00:00,11.479999542236328,11.479999542236328,11.479999542236328,11.479999542236328,576.0,10.829999923706056,2106610.0,11.40896737045826,11.47094439682551,11.461157083150944,11.40577727887854,0.009970977460472596,0.007570983447464931,0.009999275207519531,0.009285586220877764,61.53851796967243,92.30667654589502,19.99942778395278,32.04679534560658,0.0017451574190909813,0.004374386327698376
2025-04-23 18:25:00+00:00,11.484999656677246,11.484999656677246,11.470000267028809,11.470000267028809,8677.0,10.829999923706056,2106610.0,11.409518310649496,11.47075557086617,11.461999291139312,11.406416313586503,0.009414694668873125,0.007939725691746571,0.0149993896484375,0.009642737252371778,55.55610500437916,88.8877899912443,23.075869691740913,31.439459071912072,0.0,0.003499559123801177
2025-04-23 18:26:00+00:00,11.46500015258789,11.46500015258789,11.46500015258789,11.46500015258789,1816.0,10.829999923706056,2106610.0,11.409615023651261,11.469604487210516,11.462285087467748,11.406999237357661,0.008472701077106848,0.008046320768818626,0.005000114440917969,0.009642737252371652,51.85227047952622,88.88778999124416,26.314838424706853,31.371045946160454,-0.0021757718910589974,0.00218536478335718
2025-04-23 18:27:00+00:00,11.460000038146973,11.460000038146973,11.460000038146973,11.460000038146973,1961.0,10.829999923706056,2106610.0,11.409709686683703,11.467683597397809,11.462067463722912,11.407526608509794,0.007239247383687086,0.007884906091792319,0.005000114440917969,0.009642737252371778,48.14843595467455,92.5916245160953,31.578207663660276,32.11149570519834,-0.001742117150421052,0.0013106460220821958
2025-04-23 18:28:00+00:00,11.460000038146973,11.460000038146973,11.460000038146973,11.460000038146973,172.0,10.829999923706056,2106610.0,11.409717972646659,11.46614688554764,11.461870566049013,11.408048732187776,0.00619036773917081,0.007545998421268018,0.0,0.008214201245989119,56.5219554670979,95.65120039806101,25.713631756205185,30.614856409541538,-0.0008718595160439602,0.0013106460220821958
2025-04-23 18:29:00+00:00,11.449999809265137,11.449999809265137,11.449999809265137,11.449999809265137,4816.0,10.829999923706056,2106610.0,11.4099029534524,11.46291747029114,11.46074001778388,11.408466155840289,0.00450031138051088,0.00693686101311659,0.010000228881835938,0.008214201245989119,47.8260148443007,78.26014844300701,24.137568155957936,28.869602908808947,-0.002613217261971057,0.0
2025-04-23 18:30:00+00:00,11.449999809265137,11.45479965209961,11.449999809265137,11.45479965209961,799.0,10.829999923706056,2106610.0,11.409935914595525,11.461293906652834,11.460174268671093,11.408927185653816,0.003507800996496613,0.006251049009792595,0.004799842834472656,0.007842745099748884,45.354896987805304,72.85897925859014,23.266373749099934,27.635769678609897,-0.0013252497450148004,-0.00045378586649669206
2025-04-23 18:31:00+00:00,11.460000038146973,11.470000267028809,11.460000038146973,11.470000267028809,2761.0,10.829999923706056,2106610.0,11.410084763485138,11.46303517872803,11.461110078038494,11.409534878005806,0.0039028028723588903,0.005781399782305854,0.015200614929199219,0.0089285033089774,52.00006103562192,71.99914550129319,16.128397127861824,26.134781306855206,0.00043611987565395083,0.0
2025-04-23 18:32:00+00:00,11.479999542236328,11.484999656677246,11.470000267028809,11.470000267028809,3644.0,10.829999923706056,2106610.0,11.410308781692056,11.464428196388186,11.461956762704238,11.410136523667726,0.004167800890515494,0.005458680003947783,0.0149993896484375,0.009285586220877511,61.53851796967274,69.23037421229083,5.88202294465793,23.55957379322634,0.0008726203183724301,0.0
2025-04-23 18:33:00+00:00,11.460000038146973,11.460000038146973,11.460000038146973,11.460000038146973,2381.0,10.829999923706056,2106610.0,11.410420575844359,11.463542564739942,11.461770407984499,11.410632678040654,0.003530185057863733,0.005072981014730973,0.010000228881835938,0.009999888283865792,57.14275982806422,71.42827948419267,11.11099337186939,21.44321185759048,0.0,0.0
2025-04-23 18:34:00+00:00,11.454999923706056,11.454999923706056,11.454999923706056,11.454999923706056,899.0,10.829999923706056,2106610.0,11.410458411769735,11.461834036533165,11.461125599957981,11.411074143171653,0.0025915289366231775,0.0045766905991094144,0.005000114440916192,0.009642737252371525,51.8515640453255,70.37003023538348,15.151550181489384,19.990957102320408,0.0004366912248219279,-0.00043631015918610405
2025-04-23 18:35:00+00:00,11.449999809265137,11.449999809265137,11.449999809265137,11.449999809265137,2140.0,10.829999923706056,2106610.0,11.41053813781232,11.45946719107956,11.460066000844378,11.411461463232285,0.0014277119752730272,0.003946894874342137,0.005000114440919745,0.00857135227748326,41.66640175477636,75.0,28.57172051580733,20.771327794016297,-0.0004190245993165309,-0.0017437190320879203
2025-04-23 18:36:00+00:00,11.449999809265137,11.449999809265137,11.449999809265137,11.449999809265137,0.0,10.829999923706056,2106610.0,11.41053813781232,11.457573714716675,11.45910731593207,11.411844929361967,0.0004996193477158073,0.0032574397690168714,0.0,0.007857050214494978,45.4543878205684,81.8184182691474,28.57172051580732,21.551698485712194,-0.0017437190320879203,-0.003481284825920805
2025-04-23 18:37:00+00:00,11.460000038146973,11.460000038146973,11.460000038146973,11.460000038146973,1572.0,10.829999923706056,2106610.0,11.410611287924722,11.458058979402736,11.459192337095393,11.412324084673262,0.0005645266375235991,0.0027188571427182173,0.010000228881835938,0.007857118334089006,54.54513928023374,81.81857589970782,20.000508627595586,21.39305932217233,-0.0008718595160439602,-0.001742117150421052
2025-04-23 18:38:00+00:00,11.460000038146973,11.460000038146973,11.460000038146973,11.460000038146973,1709.0,10.829999923706056,2106610.0,11.410690568000511,11.458447191151585,11.459269261005067,11.412798472270016,0.0006089465752623369,0.0022968750292270412,0.0,0.007142884390694755,50.0,80.00057220240707,23.07726165673876,21.6129045987999,0.0,-0.0008718595160439602
2025-04-23 18:39:00+00:00,11.460000038146973,11.460000038146973,11.460000038146973,11.460000038146973,0.0,10.829999923706056,2106610.0,11.410690568000511,11.458757760550665,11.459338858828106,11.413268139592175,0.0006368089586743508,0.0019648618151165034,0.0,0.006071499415806362,52.94064849096825,82.35386514080557,21.74013998076094,21.517495333729904,0.0004365006088362655,-0.001742117150421052
2025-04-23 18:40:00+00:00,11.460000038146973,11.460000038146973,11.460000038146973,11.460000038146973,3181.0,10.829999923706056,2106610.0,11.410837458021794,11.459006216069927,11.459401828287046,11.413733133607646,0.0006513813791961809,0.001702165727932439,0.0,0.005714348384312221,56.24947846507802,81.2509685648551,18.182842776019765,20.936638501680825,0.0008733824496436338,-0.0008718595160439602
2025-04-23 18:41:00+00:00,11.449999809265137,11.449999809265137,11.449999809265137,11.449999809265137,853.0,10.829999923706056,2106610.0,11.410868716605368,11.457204934708969,11.458506397904006,11.414093996052001,-0.0001423636879387402,0.0013332598447582031,0.010000228881835938,0.006071499415806362,52.94064849096825,82.35386514080557,21.74013998076094,20.23391938147373,0.0,-0.0013083596269615194
2025-04-23 18:42:00+00:00,11.449999809265137,11.45259952545166,11.449999809265137,11.45259952545166,1027.0,10.829999923706056,2106610.0,11.410907949304333,11.456283852857506,11.45794383862283,11.414477135648019,-0.0005552365810661541,0.0009555605595933317,0.0025997161865234375,0.006257193429129464,54.33722348022992,79.90985890959763,19.048931994745125,19.757869398512298,-0.0006457689939509681,-0.0006457689939509681
2025-04-23 18:43:00+00:00,11.449999809265137,11.45259952545166,11.449999809265137,11.45259952545166,0.0,10.829999923706056,2106610.0,11.410907949304333,11.455546987376337,11.457434856416052,11.414856462909746,-0.0008723850120802012,0.0005899714452586251,0.0025997161865234375,0.005728585379464286,59.351217656012174,74.81449771689498,11.525507852660688,18.85700794827678,-0.0006457689939509681,-0.0006457689939509681
2025-04-23 18:44:00+00:00,11.460000038146973,11.460000038146973,11.454999923706056,11.454999923706056,1400.0,10.829999923706056,2106610.0,11.41096775848426,11.455437574642282,11.457202958062718,11.415255900330607,-0.0009194366569715839,0.0002880898248125833,0.0074005126953125,0.005914347512381417,60.6279442083319,78.5033919583542,12.847894832697252,18.112830882819445,-0.00043631015918610405,0.0004366912248219279
2025-04-23 18:45:00+00:00,11.449999809265137,11.449999809265137,11.44499969482422,11.44499969482422,4703.0,10.829999923706056,2106610.0,11.411123818008923,11.45334999867867,11.456040742516194,11.415551858484774,-0.001743561626797785,-0.00011824046550949034,0.010000228881835938,0.005542891366141183,45.10261767236082,83.7642865921124,30.001239760059985,19.103748213690743,-0.0013089304775585342,-0.000855532839772799
2025-04-23 18:46:00+00:00,11.449999809265137,11.460000038146973,11.449999809265137,11.460000038146973,5656.0,10.829999923706056,2106610.0,11.411362003638315,11.454680006572332,11.456417818290554,11.415994128929174,-0.0011727653508941671,-0.0003291454425864257,0.01500034332275213,0.005542959485735085,38.659964852343855,77.31992970468771,33.33333333333333,21.06455609859613,0.0008733824496436338,-0.0008718595160439602
2025-04-23 18:47:00+00:00,11.470000267028809,11.479999542236328,11.470000267028809,11.479999542236328,6138.0,10.829999923706056,2106610.0,11.411730555020746,11.459743913705132,11.45866369676158,11.416630998713325,0.0008832065914958775,-8.667503576996507e-05,0.01999950408935547,0.006257193429129337,57.07738198920165,79.90985890959925,16.66759383617709,21.461456131760965,0.0023924713968890288,0.0008717763709442661
2025-04-23 18:48:00+00:00,11.470000267028809,11.479999542236328,11.470000267028809,11.479999542236328,0.0,10.829999923706056,2106610.0,11.411730555020746,11.463795039411373,11.46069568204489,11.417261531484698,0.0024839457874836768,0.0004274491288807633,0.009999275207519531,0.006614276341029576,53.99596284166512,70.196090547696,13.044415696422218,21.310946525684734,0.0023924713968890288,0.0017451574190909813
2025-04-23 18:49:00+00:00,11.489999771118164,11.489999771118164,11.489999771118164,11.489999771118164,2184.0,10.829999923706056,2106610.0,11.411887410899363,11.46903598575273,11.463486547670916,11.417985295063142,0.004507518164798441,0.0012434629360642989,0.010000228881835938,0.00697142737252359,61.47585034346073,81.96812616644505,14.285908911322736,20.290531411078693,0.0030554210078759247,0.0030554210078759247
2025-04-23 18:50:00+00:00,11.479999542236328,11.479999542236328,11.470000267028809,11.470000267028809,3005.0,10.829999923706056,2106610.0,11.41205637678348,11.469228842007947,11.464106901895477,11.418502856973248,0.004446168354542479,0.001884004019759935,0.01999950408935547,0.008399963378906123,51.02098741403996,85.03470870637211,24.999850989134124,20.035397873459182,0.0021844100368035857,0.0017467648992874896
2025-04-23 18:51:00+00:00,11.479999542236328,11.479999542236328,11.470000267028809,11.470000267028809,0.0,10.829999923706056,2106610.0,11.41205637678348,11.46938312701212,11.464668174765318,11.419015269013602,0.004347433678649537,0.0023766899515378554,0.009999275207519531,0.008399895259312094,42.517699150927974,76.53169628013838,28.571331257961457,20.647599489913887,0.0008726203183724301,0.0017467648992874896
2025-04-23 18:52:00+00:00,11.479999542236328,11.479999542236328,11.470000267028809,11.470000267028809,0.0,10.829999923706056,2106610.0,11.41205637678348,11.469506555015458,11.465175993076127,11.419522582426689,0.004220534047352231,0.0027454587707007308,0.009999275207519531,0.009114129202706347,39.18577535950307,70.53424616580564,28.57133125796146,21.040033032858364,-0.000871017038871047,0.0008726203183724301
2025-04-23 18:53:00+00:00,11.475000381469728,11.475000381469728,11.475000381469728,11.475000381469728,2661.0,10.829999923706056,2106610.0,11.412209275664376,11.470605320306312,11.466111649113612,11.420074600327615,0.004471883533248899,0.003090743723210365,0.005000114440919745,0.009471280234200614,37.70812505843684,71.64536568876493,31.034437399700934,21.703911419925507,-0.00043546698309593346,0.0013089304775588673
2025-04-23 18:54:00+00:00,11.475000381469728,11.475000381469728,11.475000381469728,11.475000381469728,0.0,10.829999923706056,2106610.0,11.412209275664376,11.471484332538996,11.46695819505229,11.420621125513108,0.0046178481329306464,0.0033961646051544215,0.0,0.009471280234200614,37.70812505843684,71.64536568876493,31.034437399700934,22.621882464474165,-0.0013054299344843479,0.0013089304775588673
2025-04-23 18:55:00+00:00,11.475000381469728,11.489999771118164,11.475000381469728,11.489999771118164,4695.0,10.829999923706056,2106610.0,11.412519916959393,11.47518742025483,11.469152630868088,11.421311460295248,0.005876115319647823,0.003892154748053102,0.014999389648435724,0.009828363146100598,47.23906820717836,61.774592635207,13.333672418399429,22.021420495734056,0.0017436358869882262,0.0026177777374634115
2025-04-23 18:56:00+00:00,11.484999656677246,11.494999885559082,11.484999656677246,11.494999885559082,2703.0,10.829999923706056,2106610.0,11.412713898346688,11.47914991331568,11.47161427417199,11.422044678457079,0.007193842440484488,0.00455249228653938,0.010000228881835938,0.010356971195765776,46.48351431521695,65.51785373682179,16.994738325661338,21.874692376513785,0.0021795656450100953,0.003930137733062056
2025-04-23 18:57:00+00:00,11.5,11.510000228881836,11.5,11.5,8198.0,10.829999923706056,2106610.0,11.413382542796702,11.483319930652545,11.4743176766318,11.422820353298302,0.008543138146510643,0.005350621458533633,0.015000343322753906,0.011242730276925097,52.351494147014805,69.88621216160618,14.34477015653452,22.076068255361914,0.0026154954030321864,0.0041388397841903846
2025-04-23 18:58:00+00:00,11.494999885559082,11.494999885559082,11.494999885559082,11.494999885559082,2378.0,10.829999923706056,2106610.0,11.413556856441106,11.485655921633853,11.476287410815353,11.423538557599406,0.009104051429201121,0.0061013074526671315,0.005000114440917969,0.011071273258754058,48.38765251312031,70.96851600041806,18.918891053993953,22.509710842597396,0.0017428761154247852,0.0037022476873651566
2025-04-23 18:59:00+00:00,11.494999885559082,11.494999885559082,11.494999885559082,11.494999885559082,2241.0,10.829999923706056,2106610.0,11.413720447525085,11.4875247144189,11.478069551267136,11.424249615589055,0.009439763528982681,0.006768998667930242,0.0,0.010356971195765776,51.724863688083545,68.96626567833638,14.285558583106555,21.38716218710072,0.0017428761154247852,0.0034919216167121903
2025-04-23 19:00:00+00:00,11.479999542236328,11.484999656677246,11.479999542236328,11.479999542236328,1153.0,10.829999923706056,2106610.0,11.41379059421503,11.486019679982386,11.478253359930868,11.424804341227336,0.008398601592480404,0.0070949192528402755,0.015000343322753906,0.010356971195765905,44.82803980505136,75.86308956136831,25.714441416895006,20.84295562164084,-0.0008703419565745385,0.0030580907248023426
2025-04-23 19:01:00+00:00,11.475000381469728,11.475000381469728,11.475000381469728,11.475000381469728,1942.0,10.829999923706056,2106610.0,11.413896844679247,11.483815820279855,11.47794355245838,11.425303804314325,0.0070883724176269425,0.00709360988579761,0.004999160766599786,0.009285518101283355,34.61617465813632,73.07720523504864,35.71345853854681,22.203374528952963,-0.0017398437832503166,0.0013089304775588673
2025-04-23 19:02:00+00:00,11.470000267028809,11.470000267028809,11.454999923706056,11.460000038146973,6390.0,10.829999923706056,2106610.0,11.414168140081856,11.479052663853277,11.476234646333484,11.425649040471864,0.004784451831323366,0.006631778274902762,0.020000457763671875,0.009999888283865666,32.14327073072619,82.1429301289516,43.74951570891372,24.39659595841664,-0.003478257552437136,-0.001742117150421052
2025-04-23 19:03:00+00:00,11.470000267028809,11.470000267028809,11.470000267028809,11.470000267028809,3417.0,10.829999923706056,2106610.0,11.414337183978686,11.477242184488384,11.475640895923515,11.426090346208749,0.003722601233409506,0.0060499428666041105,0.010000228881835938,0.009999888283865666,25.000170300886655,78.572061117581,51.724183290254096,27.0707584140546,-0.0021748254701315917,-0.000871017038871047
2025-04-23 19:04:00+00:00,11.470000267028809,11.470000267028809,11.470000267028809,11.470000267028809,0.0,10.829999923706056,2106610.0,11.414337183978686,11.47579380099647,11.475103693171638,11.426527260843775,0.002848244198197847,0.005409603132922858,0.0,0.008571352277483133,29.166799122610772,75.00079473566906,44.00024414062546,28.427929353446835,-0.0021748254701315917,-0.0017406009127717281
2025-04-23 19:05:00+00:00,11.479999542236328,11.479999542236328,11.479999542236328,11.479999542236328,2896.0,10.829999923706056,2106610.0,11.414505247080294,11.476634949244442,11.475569964511134,11.427059323345194,0.002928410991174246,0.004913364704573136,0.009999275207519531,0.008571352277483133,37.499602632163615,83.3335982452219,37.93162415648325,29.096521703341246,0.0,0.0008717763709442661
2025-04-23 19:06:00+00:00,11.489999771118164,11.489999771118164,11.489999771118164,11.489999771118164,1389.0,10.829999923706056,2106610.0,11.414597811103224,11.479307913619186,11.476944231807042,11.427685596457364,0.0037555865831837565,0.00468180908029526,0.010000228881835938,0.00857142039707716,45.832836627485705,91.66646798432633,33.33371865860567,29.43669223195869,0.0013071363093510868,0.0017436358869882262
2025-04-23 19:07:00+00:00,11.5,11.5,11.494999885559082,11.5,1571.0,10.829999923706056,2106610.0,11.414713771154927,11.48344633089535,11.479140019253991,11.428405142761271,0.005158598976805706,0.004777167059597349,0.010000228881835938,0.008928571428571175,51.99966430664068,87.99972534179511,25.714441416892747,29.056692518900963,0.0034903980558358416,0.0026154954030321864
2025-04-23 19:08:00+00:00,11.5,11.5,11.5,11.5,144.0,10.829999923706056,2106610.0,11.414724595682705,11.486757064716281,11.481126684086945,11.429117529400463,0.006199037758399584,0.005061541199357797,0.0,0.008928571428571175,51.99966430664068,91.9998168945296,27.77798381926659,28.82408869172708,0.0026154954030321864,0.0021786159214984835
2025-04-23 19:09:00+00:00,11.5,11.5,11.489999771118164,11.494999885559082,6539.0,10.829999923706056,2106610.0,11.415184603219654,11.488405628884841,11.482447941370005,11.429773075232887,0.006544682514974198,0.005358169462481077,0.010000228881835938,0.00857148851667119,41.66653421282744,104.16593817054466,42.85698715538161,30.93289688722581,0.0021795656450100953,0.0017428761154247852
2025-04-23 19:10:00+00:00,11.484999656677246,11.484999656677246,11.484999656677246,11.484999656677246,462.0,10.829999923706056,2106610.0,11.415212857677705,11.487724434443322,11.482690961875456,11.430322593456216,0.005943164478811269,0.005475168465747115,0.010000228881835938,0.00857148851667119,37.4998013192408,99.99999999999852,45.454755629535974,32.965755266074,0.0004355500557748915,-0.00043517097828726925
2025-04-23 19:11:00+00:00,11.489999771118164,11.489999771118164,11.489999771118164,11.489999771118164,1073.0,10.829999923706056,2106610.0,11.415283086154323,11.48817950177829,11.48338703894619,11.430916396219022,0.005803030822075783,0.005540740937012849,0.005000114440917969,0.00785718645368291,31.817866555694785,99.99999999999838,51.72450080239811,35.63573602649283,0.0,-0.000434981686881053
2025-04-23 19:12:00+00:00,11.5,11.5,11.494999885559082,11.494999885559082,794.0,10.829999923706056,2106610.0,11.41533959847315,11.489543578534448,11.484493024337894,11.431554042879123,0.006025977618245193,0.005637788273259317,0.010000228881835938,0.00821433748517705,39.13025450504676,95.65210180201684,41.93564265058625,37.2797897119637,-0.000434792560079833,-0.000434792560079833
2025-04-23 19:13:00+00:00,11.489999771118164,11.489999771118164,11.489999771118164,11.489999771118164,4156.0,10.829999923706056,2106610.0,11.415609978822273,11.489634817051192,11.485017476412207,11.432135592413841,0.0057331093963881585,0.005656852497885086,0.005000114440917969,0.00857148851667119,37.4998013192408,95.83326710641187,43.750186263581085,39.384405974854744,-0.000869585120159666,-0.000434981686881053
2025-04-23 19:14:00+00:00,11.479999542236328,11.484999656677246,11.475000381469728,11.475000381469728,5157.0,10.829999923706056,2106610.0,11.4158905808072,11.4867079299349,11.484063467370065,11.43256210772783,0.00424178714922796,0.005373839428153661,0.014999389648435724,0.008571420397077034,37.500099341170475,95.83323399216236,43.74985098824408,40.6726495156654,-0.0017398437832503166,-0.0017398437832503166
2025-04-23 19:15:00+00:00,11.470000267028809,11.470000267028809,11.4350004196167,11.44499969482422,13381.0,10.829999923706056,2106610.0,11.416281976177121,11.478366282912765,11.480343108079985,11.432685864813367,0.0006318156602276304,0.004425434674568456,0.03999996185302912,0.011071477617536272,29.03217867470621,96.7741340060285,53.84622908648042,41.96784741194636,-0.003482800439595146,-0.0030487673177458374
2025-04-23 19:16:00+00:00,11.4350004196167,11.4350004196167,11.414999961853027,11.414999961853027,6616.0,10.829999923706056,2106610.0,11.416312354210838,11.465693018700817,11.474119951296466,11.432509885679433,-0.004596850850626666,0.0026209775695294315,0.029999732971193183,0.011785711560930652,27.2727798167786,90.90945871745019,53.84622908648044,42.6890412246297,-0.006527398673554341,-0.005228794564015149
2025-04-23 19:17:00+00:00,11.414999961853027,11.420000076293944,11.399999618530272,11.399999618530272,8187.0,10.829999923706056,2106610.0,11.416245482691943,11.452554338666708,11.4670608719854,11.43218640043417,-0.009837607261221848,0.00012926060337917558,0.020000457763671875,0.012500013623918933,25.714301284461403,85.71451926692512,53.84622908648129,42.840615924360215,-0.008264486122192771,-0.005235638692580924
2025-04-23 19:18:00+00:00,11.404999732971191,11.404999732971191,11.350000381469728,11.350000381469728,12035.0,10.829999923706056,2106610.0,11.415762135015088,11.432043547227313,11.45591225384105,11.43136862910119,-0.017820046638899356,-0.0034606008450765308,0.05499935150146307,0.016428538731166294,19.56528950292737,86.95661187865844,63.2652266826518,44.216686105933526,-0.012184455390534032,-0.010462064757228218
2025-04-23 19:19:00+00:00,11.350000381469728,11.350000381469728,11.329999923706056,11.34000015258789,5559.0,10.829999923706056,2106610.0,11.415410737755513,11.413634868299429,11.444873006102654,11.430459490031406,-0.02466875618589981,-0.007702231913241187,0.020000457763671875,0.017142908913748606,14.583623077259308,87.50014901116118,71.42812656917182,46.609293421125564,-0.011764725437381385,-0.011333924273272289
2025-04-23 19:20:00+00:00,11.34000015258789,11.369999885559082,11.329999923706056,11.329999923706056,12474.0,10.829999923706056,2106610.0,11.414668301588335,11.396907879380755,11.433932712541074,11.429459892356528,-0.030551167893515085,-0.012272019109295967,0.03999996185302557,0.019285746983119294,16.666666666666117,74.07423105723431,63.265369674040045,48.74726849365659,-0.010048036189128973,-0.01306616938253391
2025-04-23 19:21:00+00:00,11.34000015258789,11.350000381469728,11.34000015258789,11.350000381469728,4636.0,10.829999923706056,2106610.0,11.414408970169463,11.387526379798551,11.425939157200947,11.428669250457157,-0.0332162554451898,-0.016460866376474734,0.020000457763671875,0.020000049046107575,12.49991485071572,73.21441952030219,70.83354857167917,51.970061861855626,-0.005694225194964209,-0.012184455390534032
2025-04-23 19:22:00+00:00,11.350000381469728,11.354999542236328,11.34000015258789,11.34000015258789,1978.0,10.829999923706056,2106610.0,11.414296216565216,11.37802113435642,11.417754490094941,11.427786970876369,-0.03572349323328261,-0.02031339174783631,0.0149993896484375,0.021071434020995965,13.55898231661867,67.79685125917226,66.66746139602355,54.74788168876683,-0.005263111223692829,-0.013913030209748656
2025-04-23 19:23:00+00:00,11.335000038146973,11.34000015258789,11.30500030517578,11.30500030517578,28515.0,10.829999923706056,2106610.0,11.412062189462521,11.363416968520292,11.407015996293115,11.426565213008702,-0.04007275860744741,-0.02426526511975853,0.03499984741211115,0.02285712105887277,12.499701976490796,70.312686264692,69.8119997696802,56.6732397326453,-0.003964764297930468,-0.01695649520210618
2025-04-23 19:24:00+00:00,11.3100004196167,11.3149995803833,11.3100004196167,11.3149995803833,5305.0,10.829999923706056,2106610.0,11.411643665742815,11.353733490892894,11.398252528111229,11.425455107211436,-0.042225970110738587,-0.027857406117954543,0.009999275207521308,0.022857052939278866,12.499739228652079,70.31289581365091,69.8119997696804,58.413042885512766,-0.0022046359672124316,-0.015659008870623103
2025-04-23 19:25:00+00:00,11.31999969482422,11.31999969482422,11.31999969482422,11.31999969482422,2612.0,10.829999923706056,2106610.0,11.411452785259359,11.34698673167916,11.390799877321989,11.424405799625493,-0.043032882015628715,-0.030892501297489383,0.005000114440919745,0.022857052939278994,12.499739228652563,71.87513969893551,70.37094597935946,59.74493182672428,-0.0008826327404390932,-0.01436656219289445
2025-04-23 19:26:00+00:00,11.329999923706056,11.329999923706056,11.31999969482422,11.329999923706056,1574.0,10.829999923706056,2106610.0,11.411346500752,11.34358937008454,11.385009405549043,11.423466437676046,-0.04237693568255452,-0.03318938817450241,0.010000228881835938,0.022857052939278994,12.499739228652563,70.31259778925481,69.81189112933833,61.73609243234944,-0.0017621548098205597,-0.01392513930368311
2025-04-23 19:27:00+00:00,11.324999809265137,11.324999809265137,11.30500030517578,11.31999969482422,17426.0,10.829999923706056,2106610.0,11.41005048778734,11.338871435032477,11.37881800452763,11.422436917846674,-0.04217782862946429,-0.03498707626549479,0.02499961853027699,0.02428558894566178,11.764474887380933,69.11762230936245,70.90957011472098,63.67604842171657,-0.0017637087737697454,-0.01522402718374194
2025-04-23 19:28:00+00:00,11.3193998336792,11.324999809265137,11.3149995803833,11.3149995803833,6899.0,10.829999923706056,2106610.0,11.409556125880389,11.334097064102643,11.372740059371027,11.421367889613208,-0.04194004358737935,-0.036377669729871706,0.010000228881835938,0.023928506033761794,11.940035072535535,68.65648272563794,70.37084132484411,65.57754773147371,0.0008845002156208093,-0.015230652238545028
2025-04-23 19:29:00+00:00,11.3100004196167,11.3100004196167,11.279999732971191,11.279999732971191,32606.0,10.829999923706056,2106610.0,11.406586160930846,11.323277597876354,11.363907647332947,11.419961241288412,-0.04406780617033057,-0.037915697017963476,0.034999847412109375,0.02357135500226753,12.120949400193982,68.1815685968524,69.81178248821588,66.71794440302625,-0.0030932256924506296,-0.016993520001396423
2025-04-23 19:30:00+00:00,11.289999961853027,11.34000015258789,11.279999732971191,11.34000015258789,49065.0,10.829999923706056,2106610.0,11.403466095771662,11.326622108818661,11.361630743071514,11.419165608565025,-0.04044630114572456,-0.0384218178435157,0.06000041961669922,0.025714261191232244,19.444113307212447,56.94394773859875,49.09122435886548,66.37830120819662,0.00176682493841529,-0.009174272174407694
2025-04-23 19:31:00+00:00,11.34000015258789,11.34000015258789,11.300000190734863,11.300000190734863,16837.0,10.829999923706056,2106610.0,11.402365183576332,11.321297725201903,11.3557611666585,11.417979883014477,-0.04033889329824625,-0.03880523293446181,0.039999961853027344,0.02714279719761478,18.420762037654434,55.262788047925376,50.00034060177712,66.1035948878606,-0.0026478140488266355,-0.010074443408013445
2025-04-23 19:32:00+00:00,11.300000190734863,11.300000190734863,11.28499984741211,11.300000190734863,7259.0,10.829999923706056,2106610.0,11.401802757950222,11.317038218308497,11.350450597522915,11.416805955728114,-0.039795039363061946,-0.039003194220181836,0.015000343322753906,0.024285725184849838,20.58785580450712,51.47034074207202,42.857698940053474,64.64591433481786,-0.0017667406915656825,-0.008771879924703074
2025-04-23 19:33:00+00:00,11.300000190734863,11.3100004196167,11.300000190734863,11.3100004196167,3895.0,10.829999923706056,2106610.0,11.401536098284323,11.315630658570138,11.346598199627085,11.415743214075263,-0.03811769919690988,-0.03882609521552745,0.010000228881835938,0.023571423121861557,24.242117735455402,51.51489755223694,36.00033569592377,62.11535784387157,-0.0004418171411396665,-0.003524225595475272
2025-04-23 19:34:00+00:00,11.289999961853027,11.295000076293944,11.289999961853027,11.295000076293944,3759.0,10.829999923706056,2106610.0,11.40124419199508,11.311504542114898,11.341684092642977,11.414541789818733,-0.03756576264579081,-0.038574028701580124,0.020000457763671875,0.02214288711547915,19.35464023454148,58.064228340087155,50.00019868313009,61.16784563023515,0.001329817701937186,-0.00396826064271949
2025-04-23 19:35:00+00:00,11.295000076293944,11.295000076293944,11.279999732971191,11.279999732971191,7557.0,10.829999923706056,2106610.0,11.400617137724653,11.305203580286157,11.335809391721854,11.413203062884927,-0.037901842448913925,-0.03843959145104689,0.01500034332275213,0.02178573608398488,19.671936363408502,59.01612177001988,50.000198683130435,59.67974920962452,-0.005291042223046771,-0.004413079529704933
2025-04-23 19:36:00+00:00,11.28499984741211,11.28499984741211,11.265000343322754,11.274999618530272,12736.0,10.829999923706056,2106610.0,11.399485426409884,11.299162787934982,11.330017984751226,11.411827904234631,-0.03813209253554817,-0.038378091667947145,0.01999950408935547,0.022142887115479022,17.742009912046903,62.90273458049354,55.99958801112447,58.9177582535603,-0.0022124399807612605,-0.006607996512661307
2025-04-23 19:37:00+00:00,11.270000457763672,11.274999618530272,11.270000457763672,11.274999618530272,5652.0,10.829999923706056,2106610.0,11.398983063509263,11.294330154054041,11.32477814034923,11.410466428754985,-0.03787793414148055,-0.038278060162653824,0.004999160766599786,0.019999980926513925,19.64298486721814,58.92827340506576,49.9995665103222,57.50258444932045,-0.0022124399807612605,-0.0057319694164894575
2025-04-23 19:38:00+00:00,11.270000457763672,11.274999618530272,11.270000457763672,11.270999908447266,8756.0,10.829999923706056,2106610.0,11.398204487239967,11.289664104932687,11.319656403977614,11.40907870218476,-0.037566215017236004,-0.038135691133570265,0.004999160766599786,0.01964282989501953,20.000138716457272,58.18149661185313,48.83673478440273,56.00435123608632,-0.003448320930367843,-0.003007553808994312
2025-04-23 19:39:00+00:00,11.270000457763672,11.270000457763672,11.265000343322754,11.265000343322754,3591.0,10.829999923706056,2106610.0,11.397874555814841,11.2847313526107,11.314451064867628,11.407645086673694,-0.037372483405411216,-0.03798304958793845,0.005999565124511719,0.019714219229561816,18.11607223070715,56.15951293338999,51.2193079578349,54.636377091691706,-0.002656018837410512,-0.004418845684027284
2025-04-23 19:40:00+00:00,11.270000457763672,11.279999732971191,11.270000457763672,11.279999732971191,11009.0,10.829999923706056,2106610.0,11.396949621382989,11.2837850286828,11.311169985639395,11.406374983651778,-0.03559826962470147,-0.03750609359529106,0.0149993896484375,0.020071302141461928,17.793434878227693,56.939806141567786,52.38147138964698,53.39134711028519,0.0,-0.0035335656299813056
2025-04-23 19:41:00+00:00,11.289999961853027,11.3100004196167,11.289999961853027,11.3100004196167,6825.0,10.829999923706056,2106610.0,11.396508827850699,11.28902810686958,11.31105859839914,11.405416032765858,-0.03140932063818269,-0.03628673900386939,0.030000686645507812,0.020428521292549844,27.972069945180785,57.69243594360806,34.69390932693965,50.80451419687223,0.003104284015132519,-0.0017651813083874313
2025-04-23 19:42:00+00:00,11.3100004196167,11.350000381469728,11.3100004196167,11.31999969482422,19230.0,10.829999923706056,2106610.0,11.395594389247512,11.295222424460508,11.311910131392004,11.404566118955493,-0.02697177659357841,-0.0344237465218112,0.03999996185302912,0.022571359361920784,37.97476376871615,55.380278799695205,18.644429429962656,47.10977049009499,0.003991137722079596,0.0
2025-04-23 19:43:00+00:00,11.3100004196167,11.3100004196167,11.300000190734863,11.300000190734863,7412.0,10.829999923706056,2106610.0,11.395131129009853,11.29617797771538,11.310775851329419,11.403525661958273,-0.02478309965871084,-0.03249561714919112,0.019999504089357245,0.02149990626743849,39.86724542171048,49.834611241366495,11.111660550231152,42.91690463738179,0.002572999957693556,-0.0013256199915766542
2025-04-23 19:44:00+00:00,11.30500030517578,11.3100004196167,11.300000190734863,11.3100004196167,4588.0,10.829999923706056,2106610.0,11.394857025070396,11.298942466095644,11.310702000690112,11.40259506253199,-0.02198815674015009,-0.030394125067382916,0.010000228881835938,0.017928464072091112,35.85684920837055,59.76192195021908,25.000397361518587,41.196131280428446,0.003994680419217023,0.002659635403874816
2025-04-23 19:45:00+00:00,11.31999969482422,11.34000015258789,11.31999969482422,11.329999923706056,10115.0,10.829999923706056,2106610.0,11.394416985723328,11.305153957617728,11.312539898120203,11.40187272284218,-0.01795240732685599,-0.027905781519277535,0.029999732971191406,0.01721416200910283,49.792841455453114,62.241348608061976,11.111346585851585,38.41834599357662,0.0044326411275272815,-0.0008818543868848172
2025-04-23 19:46:00+00:00,11.329999923706056,11.329999923706056,11.265000343322754,11.274999618530272,21332.0,10.829999923706056,2106610.0,11.392943992218475,11.299123089800236,11.308964633397352,11.400610303893803,-0.01897339828684963,-0.026119304872791953,0.06499958038330256,0.020785536084856306,41.23742761353307,65.292511789942,22.580585618566715,36.969980756327566,-0.0030946772579883985,-0.0022124399807612605
2025-04-23 19:47:00+00:00,11.274999618530272,11.289999961853027,11.274999618530272,11.289999961853027,8696.0,10.829999923706056,2106610.0,11.392326791756874,11.297298464210794,11.307158474202653,11.399509703475488,-0.018360490331904344,-0.024567541964614432,0.015000343322755683,0.021142687116350572,37.1623450266777,62.50000000000023,25.423498681011434,36.21449239811954,-0.0026501531607734385,-0.0008849759923044154
2025-04-23 19:48:00+00:00,11.289999961853027,11.300000190734863,11.289999961853027,11.300000190734863,4883.0,10.829999923706056,2106610.0,11.39202064290719,11.297838809515609,11.306476732920007,11.39851955907011,-0.01687331637854328,-0.023028696847400203,0.010000228881835938,0.02042838505336229,41.95838474107209,66.43369235386392,22.580347446755678,34.25593159552137,0.0,-0.0008841935022824154
2025-04-23 19:49:00+00:00,11.289999961853027,11.300000190734863,11.289999961853027,11.289999961853027,9773.0,10.829999923706056,2106610.0,11.391392538872774,11.296271039983093,11.304907516627914,11.397439762082875,-0.0163136021506336,-0.02168567790804688,0.010000228881835938,0.02007123402186828,42.70499954182472,64.05699022898632,19.999618528090867,32.113033013018544,-0.0017683870045647199,-0.0004426838784543641
2025-04-23 19:50:00+00:00,11.300000190734863,11.31999969482422,11.295000076293944,11.3100004196167,22262.0,10.829999923706056,2106610.0,11.390205560008281,11.299016915909815,11.305392555007797,11.396569718874257,-0.014093691499178718,-0.02016728062627325,0.029999732971193183,0.020785536084856688,48.11016835281698,58.41944332471368,9.677379659566665,28.80430384505013,-0.0017651813083874313,0.002659635403874816
2025-04-23 19:51:00+00:00,11.300000190734863,11.300000190734863,11.279999732971191,11.28499984741211,19654.0,10.829999923706056,2106610.0,11.388936291804896,11.296213502210275,11.303450392379638,11.395459570899511,-0.014188181033599534,-0.01897146070773851,0.030000686645507812,0.022571359361921544,44.303740165203585,56.9619947547739,12.500037253048285,26.12576604095913,0.0008869382900380529,0.0008869382900380529
2025-04-23 19:52:00+00:00,11.28499984741211,11.34000015258789,11.28499984741211,11.34000015258789,24544.0,10.829999923706056,2106610.0,11.387905656455782,11.304970832285798,11.306931321923281,11.394907735891437,-0.009713033890893286,-0.017119775344369464,0.05500030517578125,0.02614286967686308,49.18012710440101,50.5462779359984,1.3698988056813604,22.735277756764752,0.004428714871904882,0.005765014302155036
2025-04-23 19:53:00+00:00,11.350000381469728,11.350000381469728,11.300000190734863,11.300000190734863,19060.0,10.829999923706056,2106610.0,11.38706804329702,11.303976703975612,11.306271214191051,11.393963382208288,-0.009287054779999693,-0.015553231231495511,0.05000019073486506,0.029285771506174032,46.3412705243106,47.56080824903288,1.298733468580545,19.169522436103726,0.0,0.002572999957693556
2025-04-23 19:54:00+00:00,11.3100004196167,11.31999969482422,11.279999732971191,11.279999732971191,21123.0,10.829999923706056,2106610.0,11.38586234340748,11.29918130977473,11.303769168360589,11.392829415549212,-0.010442953192441706,-0.014531175623684752,0.03999996185302912,0.03107152666364486,41.379249866266825,48.27571843238223,7.692232451795223,15.977433940542884,-0.0008857598685230172,0.0013315037009589137
2025-04-23 19:55:00+00:00,11.289999961853027,11.289999961853027,11.279999732971191,11.28499984741211,18148.0,10.829999923706056,2106610.0,11.384759872328251,11.296345017302206,11.301981613984543,11.391756484522974,-0.010830694065107949,-0.013791079311969393,0.010000228881835938,0.029642922537668297,36.144406655023644,45.783160216930334,11.764969875123064,14.339652551127415,-0.002210483755705872,0.00044327256731246933
2025-04-23 19:56:00+00:00,11.279999732971191,11.28499984741211,11.234999656677246,11.25,35350.0,10.829999923706056,2106610.0,11.38208947891184,11.287076013841766,11.297030984081253,11.390345972239164,-0.013803063555885231,-0.013793476160752561,0.05000019073486328,0.030357224600656454,25.882202465634347,50.58813497708817,32.30786385630762,15.315612153009198,-0.003101448638489379,-0.0053050766923607995
2025-04-23 19:57:00+00:00,11.25,11.255000114440918,11.229999542236328,11.229999542236328,19192.0,10.829999923706056,2106610.0,11.380480616922663,11.275660719520678,11.29064703723888,11.388750485373464,-0.01757002131406793,-0.014548785191415637,0.025000572204589844,0.030714443751744498,25.581183880769444,48.83696688770996,31.25014901175259,16.754075614546444,-0.009700230059208503,-0.007950543729170145
2025-04-23 19:58:00+00:00,11.234999656677246,11.260000228881836,11.225000381469728,11.244999885559082,54345.0,10.829999923706056,2106610.0,11.376267843307824,11.26952855272836,11.286299689459852,11.387320131146456,-0.01912450474770644,-0.015463929102673798,0.0349998474121076,0.032500130789621044,25.274573258660972,47.252381032226644,30.302951486723323,17.132829480632495,-0.004867283561718616,-0.004867283561718616
2025-04-23 19:59:00+00:00,11.244999885559082,11.244999885559082,11.199999809265137,11.199999809265137,55781.0,10.829999923706056,2106610.0,11.371338659857456,11.255622804035717,11.278080653250832,11.385456247346642,-0.02371421147559616,-0.01711398557725827,0.04500007629394531,0.033571583884103466,18.085030831945584,46.8083509018257,44.262325837354474,19.500756570025562,-0.0070921919858044635,-0.009725959882439184
