timestamp,open,high,low,close,volume,prev_close,avg_daily_vol,vwap,ema9,ema20,ema200,macd,macd_signal,tr,atr14,pdi,mdi,dx,adx14,mom5,mom15
2025-04-23 13:30:00+00:00,6.480000019073486,6.480000019073486,6.420000076293945,6.460000038146973,9988.0,6.21999979019165,1306783.3333333333,6.453333377838135,6.460000038146973,6.460000038146973,6.460000038146973,0.0,0.0,0.059999942779541016,,,,,,,
2025-04-23 13:31:00+00:00,6.489999771118164,6.570000171661377,6.489999771118164,6.53000020980835,9982.0,6.21999979019165,1306783.3333333333,6.491655197073514,6.474000072479249,6.466666721162341,6.4606965572679815,0.005584059277830455,0.0011168118555660912,0.1100001335144043,,,,,,,
2025-04-23 13:32:00+00:00,6.525000095367432,6.525000095367432,6.525000095367432,6.525000095367432,432.0,6.21999979019165,1306783.3333333333,6.492361255110125,6.484200077056886,6.4722222806104455,6.461336393467977,0.009496528964286988,0.0027927552773102703,0.005000114440917969,,,,,,,
2025-04-23 13:33:00+00:00,6.525000095367432,6.525000095367432,6.5,6.505000114440918,2009.0,6.21999979019165,1306783.3333333333,6.49394245983037,6.488360084533693,6.475343979070491,6.46177085835328,0.010858191590999766,0.0044058425400481695,0.02500009536743164,,,,,,,
2025-04-23 13:34:00+00:00,6.539999961853027,6.559999942779541,6.539999961853027,6.559999942779541,614.0,6.21999979019165,1306783.3333333333,6.495526215100779,6.502688056182863,6.483406451804686,6.462748262178417,0.01618873190286152,0.0067624204126108395,0.05499982833862305,,,,,,,
2025-04-23 13:35:00+00:00,6.570000171661377,6.570000171661377,6.5,6.5,5770.0,6.21999979019165,1306783.3333333333,6.50109827283177,6.502150444946291,6.484986789728049,6.463118926236344,0.015394273955064541,0.008488791121101581,0.07000017166137695,,,,,,0.006191944522728088,
2025-04-23 13:36:00+00:00,6.5,6.500999927520752,6.440000057220459,6.480000019073486,20212.0,6.21999979019165,1306783.3333333333,6.489784631961932,6.49772035977173,6.484511859189519,6.463286897309351,0.01300096199664047,0.009391225296209359,0.06099987030029297,,,,,,-0.007656996803730665,
2025-04-23 13:37:00+00:00,6.480000019073486,6.570000171661377,6.480000019073486,6.570000171661377,6138.0,6.21999979019165,1306783.3333333333,6.4953739450543315,6.51217632214966,6.492653603234458,6.464348720934745,0.018157200275580543,0.011144420292083596,0.09000015258789062,,,,,,0.006896563315898607,
2025-04-23 13:38:00+00:00,6.579999923706055,6.590000152587891,6.574999809265137,6.585000038146973,3645.0,6.21999979019165,1306783.3333333333,6.500827457050877,6.526741065349123,6.5014485017975545,6.465549231553772,0.023186638985560393,0.013552864030778957,0.019999980926513672,,,,,,0.01229822018426363,
2025-04-23 13:39:00+00:00,6.579999923706055,6.579999923706055,6.579999923706055,6.579999923706055,971.0,6.21999979019165,1306783.3333333333,6.502113855623897,6.537392837020509,6.508929589598364,6.466688044411009,0.026463977689140883,0.016135086762451345,0.005000114440917969,,,,,,0.0030487776068546246,
2025-04-23 13:40:00+00:00,6.570000171661377,6.579999923706055,6.565000057220459,6.579999923706055,1894.0,6.21999979019165,1306783.3333333333,6.504352867824687,6.545914254357619,6.515698192846716,6.46781552579703,0.028730109406314597,0.018654091291223997,0.014999866485595703,,,,,,0.012307680570162294,
2025-04-23 13:41:00+00:00,6.590000152587891,6.605000019073486,6.590000152587891,6.605000019073486,13694.0,6.21999979019165,1306783.3333333333,6.521735881516307,6.5577314073007935,6.524203128677836,6.469180545630627,0.03217246967664256,0.021357766968307712,0.02500009536743164,,,,,,0.019290123400010906,
2025-04-23 13:42:00+00:00,6.605000019073486,6.610000133514404,6.585000038146973,6.585000038146973,1925.0,6.21999979019165,1306783.3333333333,6.5235194727549475,6.56318513347003,6.52999331053204,6.470332978391983,0.03290739768146178,0.023667693110938526,0.02500009536743164,,,,,,0.002283084641351296,
2025-04-23 13:43:00+00:00,6.590000152587891,6.590000152587891,6.590000152587891,6.590000152587891,330.0,6.21999979019165,1306783.3333333333,6.523802172414049,6.568548137293603,6.5357082478706925,6.471523696543186,0.03350705242489482,0.025635564973729787,0.005000114440917969,0.040785755429949076,44.483433892148064,80.56034572746822,28.851424633089525,,0.0007593188173047327,
2025-04-23 13:44:00+00:00,6.599999904632568,6.619999885559082,6.599999904632568,6.619999885559082,566.0,6.21999979019165,1306783.3333333333,6.524450433587201,6.578838486946699,6.543736022888634,6.4730010715582695,0.03598816173525954,0.02770608432603574,0.029999732971191406,0.03864288330078125,52.495416725426594,86.87605767874771,24.66834845530728,,0.006079021628696113,
2025-04-23 13:45:00+00:00,6.625,6.625,6.625,6.625,426.0,6.21999979019165,1306783.3333333333,6.524995424620992,6.58807078955736,6.551475449280193,6.474513498706944,0.037920798822880464,0.029749027225404685,0.005000114440917969,0.03114288193838937,45.642247738579705,97.47703035678546,36.2178899362995,,0.006838917449196513,0.025541789609703658
2025-04-23 13:46:00+00:00,6.635000228881836,6.635000228881836,6.635000228881836,6.635000228881836,304.0,6.21999979019165,1306783.3333333333,6.525419270761617,6.597456677422256,6.559430190194635,6.476110381594257,0.03980056637984841,0.03175933505629343,0.010000228881835938,0.03150003296988351,47.39237385724094,90.70287453573302,31.362774014674674,,0.004542045378004067,0.01607963486980779
2025-04-23 13:47:00+00:00,6.635000228881836,6.635000228881836,6.635000228881836,6.635000228881836,0.0,6.21999979019165,1306783.3333333333,6.525419270761617,6.604965387714173,6.566627336736273,6.477691375099606,0.040819751031263785,0.033571418251287496,0.0,0.029714311872209822,50.24048160510582,90.14415141400433,28.42452834810384,,0.0075930433477922055,0.01685825776347527
2025-04-23 13:48:00+00:00,6.635000228881836,6.635000228881836,6.635000228881836,6.635000228881836,0.0,6.21999979019165,1306783.3333333333,6.525419270761617,6.610972355947706,6.573139040750136,6.479256637326294,0.04115307517660405,0.03508774963635081,0.0,0.025785752705165317,48.19957916871953,92.79765623658484,31.63046207229927,,0.006828539491956498,0.019984644451015665
2025-04-23 13:49:00+00:00,6.585000038146973,6.585000038146973,6.579999923706055,6.579999923706055,4885.0,6.21999979019165,1306783.3333333333,6.528698716278693,6.604777869499376,6.57379245817451,6.480259058086292,0.03655775692686092,0.03538175109445283,0.05500030517578125,0.02471433367047991,47.3988996935018,101.1559833300258,36.18668235093299,,-0.0060422904145789325,0.0030487776068546246
2025-04-23 13:50:00+00:00,6.585000038146973,6.585000038146973,6.579999923706055,6.579999923706055,0.0,6.21999979019165,1306783.3333333333,6.528698716278693,6.599822280340712,6.574383645367991,6.48125150451037,0.03254082374627121,0.03481356562481651,0.005000114440917969,0.02071435110909598,56.551721869985,99.99983557391282,27.75322993480789,,-0.006792464346255911,0.012307680570162294
2025-04-23 13:51:00+00:00,6.570000171661377,6.590000152587891,6.570000171661377,6.590000152587891,1004.0,6.21999979019165,1306783.3333333333,6.529345655328621,6.597857854790148,6.575870931769886,6.482333580610644,0.029820557333292363,0.03381496396651168,0.019999980926513672,0.015714338847569058,45.45456515849364,118.18152262259551,44.44432670707413,,-0.006782226788487833,0.016975329196084132
2025-04-23 13:52:00+00:00,6.59499979019165,6.59499979019165,6.59499979019165,6.59499979019165,874.0,6.21999979019165,1306783.3333333333,6.5300155094531585,6.597286241870449,6.577692727810055,6.483454637422395,0.02774829055267336,0.032601629283744014,0.004999637603759766,0.014642885753086634,41.4633522284534,92.68277365165834,38.18181187653562,,-0.006028701930719693,0.0038051168762680554
2025-04-23 13:53:00+00:00,6.599999904632568,6.599999904632568,6.590000152587891,6.590000152587891,1593.0,6.21999979019165,1306783.3333333333,6.531171480444831,6.595829024013939,6.578864863503182,6.484514791802151,0.02540966838803982,0.031163237104603177,0.009999752044677734,0.015000002724783761,42.85720773293491,90.4759742235503,35.71411541513824,,-0.006782226788487833,0.0007593188173047327
2025-04-23 13:54:00+00:00,6.590000152587891,6.590000152587891,6.590000152587891,6.590000152587891,2369.0,6.21999979019165,1306783.3333333333,6.532726460911296,6.59466324972873,6.579925367225535,6.485564397382109,0.023287845684831332,0.02958815882064881,0.0,0.013928583690098353,46.15388377410165,89.74336402205675,32.07532231509055,,0.0015197916410010226,0.0015197916410010226
2025-04-23 13:55:00+00:00,6.590000152587891,6.590000152587891,6.559999942779541,6.559999942779541,4217.0,6.21999979019165,1306783.3333333333,6.534401431265284,6.587730588338893,6.5780277077544875,6.486305049575118,0.018966881295215288,0.02746390331556211,0.03000020980834961,0.014285734721592494,32.49998211863215,89.99978542358576,46.93870401438687,,-0.0030395108143480565,-0.0030395108143480565
2025-04-23 13:56:00+00:00,6.550000190734863,6.559999942779541,6.550000190734863,6.554999828338623,1732.0,6.21999979019165,1306783.3333333333,6.534774720015624,6.581184436338839,6.575834576381548,6.486988579712069,0.014966494011251719,0.02496442145470003,0.009999752044677734,0.013214281627110072,32.4324115337923,99.99974225010503,51.020336667308946,35.24785405293209,-0.005311126470235794,-0.007570051565552793
2025-04-23 13:57:00+00:00,6.539999961853027,6.550000190734863,6.539999961853027,6.550000190734863,3701.0,6.21999979019165,1306783.3333333333,6.535218059407227,6.574947587218045,6.573374158700912,6.487615560916276,0.011262897623672607,0.022224116688494548,0.014999866485595703,0.013928549630301339,30.769249579404516,97.43583473531828,51.999954223545494,36.90132045225038,-0.006823290506197233,-0.005315086895877785
2025-04-23 13:58:00+00:00,6.554999828338623,6.554999828338623,6.545000076293945,6.545000076293945,674.0,6.21999979019165,1306783.3333333333,6.535306501416062,6.568958085033225,6.570671865138344,6.48818655111904,0.007833997904514334,0.01934609293169851,0.009999752044677734,0.01249997956412179,19.999945504235683,105.7144258462511,68.18192655400294,40.00943317358578,-0.006828539491956387,-0.006828539491956387
2025-04-23 13:59:00+00:00,6.539999961853027,6.550000190734863,6.539999961853027,6.550000190734863,955.0,6.21999979019165,1306783.3333333333,6.53541402011805,6.5651665061735525,6.568703134242774,6.488801612209746,0.005457131209239741,0.016568300587206757,0.010000228881835938,0.012857130595615931,16.66653421177418,91.66673289411291,69.23099495285419,42.3675121033397,-0.006069796802253391,-0.010573972210621396
2025-04-23 14:00:00+00:00,6.559999942779541,6.559999942779541,6.539999961853027,6.550000190734863,3857.0,6.21999979019165,1306783.3333333333,6.5359510352956,6.562133243085816,6.566921901527736,6.4894105532895985,0.003532724183492597,0.013961185306463925,0.019999980926513672,0.013571398598807198,15.789117046213152,81.5789869948652,67.56819453000354,44.95361356872032,-0.0015243524591314062,-0.011320725926813102
2025-04-23 14:01:00+00:00,6.550000190734863,6.550000190734863,6.550000190734863,6.550000190734863,970.0,6.21999979019165,1306783.3333333333,6.5360799254108555,6.559706632615626,6.565310310023653,6.4900134352542285,0.0019847389162155338,0.011565896028414248,0.0,0.013571398598807198,15.789117046213152,86.84227697774922,69.23140877824049,47.86839074230152,-0.000762721240989972,-0.012810856852268349
2025-04-23 14:02:00+00:00,6.550000190734863,6.550000190734863,6.550000190734863,6.550000190734863,0.0,6.21999979019165,1306783.3333333333,6.5360799254108555,6.557765344239474,6.563852203424721,6.4906103183933395,0.0007493118388186559,0.00940257919049513,0.0,0.013571398598807198,15.789117046213152,86.84227697774922,69.23140877824049,50.55417264986874,0.0,-0.012810856852268349
2025-04-23 14:03:00+00:00,6.569900035858154,6.579999923706055,6.566299915313721,6.570000171661377,3298.0,6.21999979019165,1306783.3333333333,6.537169490735101,6.560212309723855,6.5644377242091645,6.491400267182077,0.0013682855490850798,0.00779572046221312,0.029999732971191406,0.011785643441336495,36.363242280971484,76.54553966731017,35.588283473595844,50.51142987291609,0.003819724228572907,-0.009796541820378035
2025-04-23 14:04:00+00:00,6.590000152587891,6.590000152587891,6.590000152587891,6.590000152587891,124.0,6.21999979019165,1306783.3333333333,6.537229507427907,6.566169878296663,6.566872241197615,6.492381360569199,0.0034330835378861835,0.006923193077347733,0.019999980926513672,0.012857062476021903,38.88869756414162,83.33364239638661,36.364010741897516,51.126485644851066,0.006106864227211517,0.0015197916410010226
2025-04-23 14:05:00+00:00,6.579999923706055,6.579999923706055,6.570000171661377,6.570000171661377,1169.0,6.21999979019165,1306783.3333333333,6.537612073702409,6.566935936969607,6.567170139337021,6.493153687047729,0.0034162392268495267,0.006221802307248092,0.019999980926513672,0.012857062476021903,36.110838841278465,88.88935984211294,42.22274968899475,50.96780157213111,0.0030534321136057585,-0.0015197191733469229
2025-04-23 14:06:00+00:00,6.579999923706055,6.579999923706055,6.570000171661377,6.570000171661377,0.0,6.21999979019165,1306783.3333333333,6.537612073702409,6.567548783907961,6.567439666225055,6.493918328685677,0.0033641106159025824,0.00565026396897899,0.009999752044677734,0.013214213507516044,32.43232097244382,72.97349544166961,38.46198990570836,50.98781428850059,0.0030534321136057585,-0.0030348984011266955
2025-04-23 14:07:00+00:00,6.570000171661377,6.570000171661377,6.570000171661377,6.570000171661377,257.0,6.21999979019165,1306783.3333333333,6.537687347860934,6.568039061458645,6.567683523885657,6.494675361949117,0.0032849316686833774,0.005177197508919868,0.0,0.012499945504324777,31.4283378746594,74.28637602179836,40.54122322945153,51.332607703808684,0.0030534321136057585,-0.0037906928469435552
2025-04-23 14:08:00+00:00,6.579999923706055,6.579999923706055,6.579999923706055,6.579999923706055,538.0,6.21999979019165,1306783.3333333333,6.537892214495244,6.570431233908128,6.568856514344743,6.495524362563614,0.0039831627800541725,0.004938390563146729,0.009999752044677734,0.013214213507516044,35.13484255266502,75.67627477311449,36.586069339287995,51.65480391982278,0.0015220322349167592,-0.0015174853794061027
2025-04-23 14:09:00+00:00,6.610000133514404,6.619999885559082,6.610000133514404,6.619999885559082,2589.0,6.21999979019165,1306783.3333333333,6.539685848730638,6.58034496423832,6.5737273116032515,6.496762924981479,0.007675697926468494,0.005485852035811083,0.039999961853027344,0.013928481510707311,53.846022174293665,71.79551134390697,14.286270365374925,49.32248723060764,0.004552311422847399,0.004552311422847399
2025-04-23 14:10:00+00:00,6.610000133514404,6.619999885559082,6.610000133514404,6.619999885559082,0.0,6.21999979019165,1306783.3333333333,6.539685848730638,6.5882759485024724,6.5781342234085685,6.497989163395187,0.010481237452275138,0.006484929119103894,0.009999752044677734,0.013928481510707311,53.846022174293665,66.66740026703053,10.63896272548343,46.43810337762011,0.0076103063304884255,0.009146332820563874
2025-04-23 14:11:00+00:00,6.610000133514404,6.619999885559082,6.610000133514404,6.619999885559082,0.0,6.21999979019165,1306783.3333333333,6.539685848730638,6.594620735913795,6.582121429327665,6.499203200431643,0.012559865428878325,0.00769991638105878,0.009999752044677734,0.01357133047921317,55.26306543256972,63.15854197201197,6.667260065528191,43.20005379490458,0.0076103063304884255,0.009916103573252677
2025-04-23 14:12:00+00:00,6.619999885559082,6.630000114440918,6.619999885559082,6.630000114440918,1123.0,6.21999979019165,1306783.3333333333,6.540536500581488,6.60169661161922,6.586681304100356,6.500504662262582,0.01484302679794336,0.009128538464435697,0.010000228881835938,0.013571364539010184,57.894829304040336,65.7897840921354,6.3831341436194995,38.785854337020055,0.0091324111433575,0.012213728454423034
2025-04-23 14:13:00+00:00,6.610000133514404,6.610000133514404,6.590000152587891,6.590000152587891,2146.0,6.21999979019165,1306783.3333333333,6.541566256086753,6.599357319812954,6.586997384908693,6.501395164653879,0.013271796990012241,0.009957190169551006,0.039999961853027344,0.015714202608381,50.000108372654545,68.18200537094876,15.3846435999105,34.93968638323836,0.0015197916410010226,0.006875489040395255
2025-04-23 14:14:00+00:00,6.579999923706055,6.599999904632568,6.579999923706055,6.599999904632568,3812.0,6.21999979019165,1306783.3333333333,6.543200006069445,6.599485836776878,6.58823572012049,6.50237630634521,0.012687231953288247,0.010503198526298455,0.019999980926513672,0.015714202608381,45.45474249573554,72.72758799317685,23.076923076923073,31.76173842230404,-0.0030211452072894662,0.007633543884232319
2025-04-23 14:15:00+00:00,6.599999904632568,6.599999904632568,6.599999904632568,6.599999904632568,633.0,6.21999979019165,1306783.3333333333,6.54349612150175,6.599588650348016,6.58935611864545,6.503347685432646,0.012084655563223912,0.010819489933683547,0.0,0.015714202608381,45.45474249573554,77.27295387009586,25.92586051604471,28.668484975004343,-0.0030211452072894662,0.007633543884232319
2025-04-23 14:16:00+00:00,6.579999923706055,6.579999923706055,6.579999923706055,6.579999923706055,128.0,6.21999979019165,1306783.3333333333,6.543534562995498,6.595670905019624,6.588465052460746,6.504110394271188,0.009879394607489544,0.010631470868444747,0.019999980926513672,0.017142772674560547,41.66683223594019,79.16688190672224,31.034426059690244,25.940129066536468,-0.0060422904145789325,0.00458011177062656
2025-04-23 14:17:00+00:00,6.570000171661377,6.570000171661377,6.570000171661377,6.570000171661377,462.0,6.21999979019165,1306783.3333333333,6.543634777004216,6.590536758347975,6.586706492384616,6.504766013946713,0.0072413393410855065,0.0099534445629729,0.009999752044677734,0.015714202608381,31.81842811966942,83.50026334555055,44.816529366766474,26.59928948747723,-0.009049764968910634,0.0030534321136057585
2025-04-23 14:18:00+00:00,6.559999942779541,6.559999942779541,6.559999942779541,6.559999942779541,859.0,6.21999979019165,1306783.3333333333,6.543749188917726,6.584429395234289,6.584163011469847,6.505315605278383,0.004294225482632363,0.008821600746904794,0.010000228881835938,0.014999934605189733,28.571525885558582,80.95254314259763,47.82603287280447,27.41800535397058,-0.004552383780532798,-0.001522104812868963
2025-04-23 14:19:00+00:00,6.559999942779541,6.565000057220459,6.559999942779541,6.565000057220459,1059.0,6.21999979019165,1306783.3333333333,6.543916541163666,6.580543527631523,6.582337968208001,6.505909480422086,0.002335165628902125,0.00752431372330426,0.005000114440917969,0.013928515570504325,33.33349635523777,76.92318978439538,39.53473930275213,27.22600461209611,-0.005303007260279324,-0.0037936410908296914
2025-04-23 14:20:00+00:00,6.559999942779541,6.559999942779541,6.539999961853027,6.539999961853027,1864.0,6.21999979019165,1306783.3333333333,6.543957292173116,6.572434814475825,6.578305777126575,6.506248689192543,-0.0012206315009537505,0.005775324678452659,0.02500009536743164,0.014999968664986747,30.952472859961716,80.95235932706782,44.68072154698374,27.67019972933007,-0.009090900552502501,-0.004566241860654796
2025-04-23 14:21:00+00:00,6.539999961853027,6.539999961853027,6.539999961853027,6.539999961853027,529.0,6.21999979019165,1306783.3333333333,6.54394071988712,6.565947843951266,6.57465760424338,6.506584522751354,-0.003992602112653287,0.003821739320231469,0.0,0.014999968664986747,30.952472859961716,80.95235932706782,44.68072154698374,27.965878180582365,-0.006079021628696002,-0.004566241860654796
2025-04-23 14:22:00+00:00,6.550000190734863,6.565000057220459,6.550000190734863,6.565000057220459,1420.0,6.21999979019165,1306783.3333333333,6.544119239878431,6.565758286605105,6.573737837860245,6.507165771850549,-0.004124564618290805,0.0022324785325270147,0.02500009536743164,0.016071421759469167,35.55574864525208,75.55562148862266,35.99980163612053,27.924001916070402,-0.000761052406434537,-0.000761052406434537
2025-04-23 14:23:00+00:00,6.570000171661377,6.579999923706055,6.570000171661377,6.574999809265137,2410.0,6.21999979019165,1306783.3333333333,6.544691056885454,6.567606591137112,6.573858025613092,6.507840737396964,-0.003383249442581615,0.0011093329375052887,0.014999866485595703,0.01428570066179548,27.500178814104856,80.0,48.83696172885506,30.391908442033273,0.002286565032993071,-0.0007598958205005113
2025-04-23 14:24:00+00:00,6.559999942779541,6.559999942779541,6.559999942779541,6.559999942779541,230.0,6.21999979019165,1306783.3333333333,6.544718062689641,6.566085261465599,6.572538208200372,6.508359734465447,-0.003960461951146854,9.537395977486012e-05,0.014999866485595703,0.01464285169328962,26.829427143907182,82.92689734738879,51.11092273131861,33.28276272816435,-0.0007616320483376793,-0.009063435621868399
2025-04-23 14:25:00+00:00,6.559999942779541,6.559999942779541,6.559999942779541,6.559999942779541,951.0,6.21999979019165,1306783.3333333333,6.544828721690992,6.564868197728388,6.5713440876841025,6.508873567383995,-0.004367560503998114,-0.0007972129329797346,0.0,0.013928583690098353,28.20525987602245,87.17944955923168,51.11092273131861,36.4573100614351,0.0030581010769374917,-0.009063435621868399
2025-04-23 14:26:00+00:00,6.559999942779541,6.599999904632568,6.559999942779541,6.599999904632568,8817.0,6.21999979019165,1306783.3333333333,6.547460809198643,6.571894539109224,6.574073213107766,6.509780297107862,-0.0014458594445496686,-0.0009269422352937214,0.039999961853027344,0.016071421759469167,37.77781074431133,71.11128536278846,30.612316393637254,38.18796593643636,0.009174303230812475,-0.0030211452072894662
2025-04-23 14:27:00+00:00,6.574999809265137,6.574999809265137,6.574999809265137,6.574999809265137,689.0,6.21999979019165,1306783.3333333333,6.547595533996254,6.572515593140407,6.574161460360849,6.510429247477587,-0.001134609989168922,-0.0009684757860687615,0.02500009536743164,0.015000002724783761,40.47620128882249,69.04782448762721,26.08708271655616,38.95242587333963,0.0015231914634454835,-0.008295671829022133
2025-04-23 14:28:00+00:00,6.579999923706055,6.579999923706055,6.579999923706055,6.579999923706055,1284.0,6.21999979019165,1306783.3333333333,6.54788829117943,6.574012459253537,6.574717504488964,6.511121493012199,-0.00047895402184128244,-0.0008705714332232657,0.005000114440917969,0.013928583690098353,46.15388377410165,71.79498465563829,21.739166490444617,38.85687183144831,0.0007604737012876228,-0.0015174853794061027
2025-04-23 14:29:00+00:00,6.559999942779541,6.559999942779541,6.559999942779541,6.559999942779541,494.0,6.21999979019165,1306783.3333333333,6.547930244087172,6.5712099559587385,6.57331583194521,6.5116078457462025,-0.0015552453575669034,-0.0010075062180919933,0.019999980926513672,0.015357153756277902,41.86050637852416,65.11639254094143,21.739166490444624,38.557822258191166,0.0,-0.006060600368335001
2025-04-23 14:30:00+00:00,6.559999942779541,6.559999942779541,6.554999828338623,6.559999942779541,1953.0,6.21999979019165,1306783.3333333333,6.548070779382049,6.5689679533228995,6.572047652024669,6.5120893591495195,-0.0023807699612543587,-0.0012821589667244664,0.005000114440917969,0.014285734721592494,45.0000119209119,62.500149011398776,16.279172922825794,37.50387560555799,0.0,-0.006060600368335001
2025-04-23 14:31:00+00:00,6.565000057220459,6.565000057220459,6.565000057220459,6.565000057220459,769.0,6.21999979019165,1306783.3333333333,6.548160354129587,6.568174374102411,6.571376452519507,6.512615833757191,-0.0026015476872478516,-0.0015460367108291436,0.005000114440917969,0.013928617749895369,48.71792363783972,64.10283998376313,13.636600083229292,35.27673779959104,-0.005303007260279324,-0.002279614993847545
2025-04-23 14:32:00+00:00,6.570000171661377,6.570000171661377,6.570000171661377,6.570000171661377,1061.0,6.21999979019165,1306783.3333333333,6.5483186342162085,6.568539533614205,6.571245378152066,6.513186822194049,-0.0023460048939520917,-0.0017060303474537334,0.005000114440917969,0.013571466718401228,52.63163178236209,63.15815891181047,9.091066722152865,32.509954503115935,-0.0007604011785239395,0.0
2025-04-23 14:33:00+00:00,6.570000171661377,6.570000171661377,6.570000171661377,6.570000171661377,0.0,6.21999979019165,1306783.3333333333,6.5483186342162085,6.56883166122364,6.571126787057715,6.513752129153923,-0.0021190582052570406,-0.001788635919014395,0.0,0.013214315686907088,51.35137921613304,64.86517137746344,11.628113287054493,30.51662407342324,-0.0015197191733469229,0.0015244251477231074
2025-04-23 14:34:00+00:00,6.579999923706055,6.579999923706055,6.579999923706055,6.579999923706055,949.0,6.21999979019165,1306783.3333333333,6.54852267868051,6.571065313720123,6.57197184769089,6.514411311189268,-0.0011194011412580807,-0.0016547889634631321,0.009999752044677734,0.012142862592424666,61.7646893828047,64.70621234390602,2.3258495993470643,27.49127607716348,0.0030487776068546246,0.002284823511783163
2025-04-23 14:35:00+00:00,6.585000038146973,6.585000038146973,6.585000038146973,6.585000038146973,3848.0,6.21999979019165,1306783.3333333333,6.549451042388723,6.573852258605493,6.573212627734327,6.515113686581882,7.543219637806686e-05,-0.0013087447314948924,0.005000114440917969,0.012500013623918806,62.857150642230835,65.71462825815664,2.2224765344031425,24.45854429055058,0.0038109901807161783,0.006880745650829523
2025-04-23 14:36:00+00:00,6.585000038146973,6.585000038146973,6.585000038146973,6.585000038146973,441.0,6.21999979019165,1306783.3333333333,6.549554428152945,6.57608181451379,6.574335238249817,6.51580907316462,0.00101069555553579,-0.0008448566740887559,0.0,0.010714292526245117,56.66665607029211,70.00028610211302,10.526527129448375,22.63902468293114,0.003046455560121064,0.006880745650829523
2025-04-23 14:37:00+00:00,6.585000038146973,6.585000038146973,6.565000057220459,6.565000057220459,2885.0,6.21999979019165,1306783.3333333333,6.5499672752223,6.573865463055124,6.573446173389878,6.516298535692539,0.0001364937766288321,-0.0006485865839452383,0.019999980926513672,0.011071443557739258,45.16133994136449,67.74216373027666,20.000108990934685,20.5792494873654,-0.000761052406434537,0.0
2025-04-23 14:38:00+00:00,6.565000057220459,6.574999809265137,6.565000057220459,6.574999809265137,1330.0,6.21999979019165,1306783.3333333333,6.5501524512025275,6.574092332297127,6.573594138711331,6.516882627966894,0.0002477233861597483,-0.000469324589924241,0.009999752044677734,0.010714292526245117,46.666751437663116,63.333471086202564,15.151532666148409,18.01072162556753,0.0007609798284822222,0.0
2025-04-23 14:39:00+00:00,6.570000171661377,6.570000171661377,6.559999942779541,6.559999942779541,1154.0,6.21999979019165,1306783.3333333333,6.550249331321694,6.571273854393611,6.572299453384494,6.51731165597498,-0.0008645245127585355,-0.0005483645744911,0.014999866485595703,0.011785711560930525,42.4243562696876,60.606305811634826,17.64712482153726,15.620450346297432,-0.0030395108143480565,0.0
2025-04-23 14:40:00+00:00,6.559999942779541,6.559999942779541,6.559999942779541,6.559999942779541,883.0,6.21999979019165,1306783.3333333333,6.550303861972449,6.569019072070797,6.571128071422117,6.517736415047663,-0.0017260916755832412,-0.0007839099947095282,0.0,0.008928571428571428,24.000167846679688,80.00030517578125,53.846040985801324,17.28000210288058,-0.0037965216738961027,0.0
2025-04-23 14:41:00+00:00,6.559999942779541,6.559999942779541,6.554999828338623,6.554999828338623,820.0,6.21999979019165,1306783.3333333333,6.550336735913861,6.566215223324363,6.569592048271308,6.5181071952794145,-0.0027803076511396796,-0.0011831895259955586,0.005000114440917969,0.0075000013623918805,28.57162319880473,85.71486959641419,49.99999999999999,18.988067623126568,-0.0045558404912009465,-0.006818193476390788
2025-04-23 14:42:00+00:00,6.559999942779541,6.579999923706055,6.559999942779541,6.574999809265137,3639.0,6.21999979019165,1306783.3333333333,6.550814839892322,6.567972140512518,6.570107073127863,6.518673290940964,-0.0019791358469545273,-0.0013423787901873524,0.02500009536743164,0.008928571428571428,36.00006103515625,72.00050354003906,33.33356880724224,19.81623921718354,0.0015231914634454835,0.0
2025-04-23 14:43:00+00:00,6.579999923706055,6.590000152587891,6.579999923706055,6.590000152587891,1299.0,6.21999979019165,1306783.3333333333,6.551099425751431,6.572377742927594,6.572001652124056,6.519383010957352,-0.00013227430115403394,-0.0011003578923806886,0.015000343322753906,0.008571454456874303,45.833449230903724,75.00029802232386,24.137999072639914,19.987584401626062,0.0022814211038630905,0.0015197916410010226
2025-04-23 14:44:00+00:00,6.605000019073486,6.605000019073486,6.599999904632568,6.605000019073486,864.0,6.21999979019165,1306783.3333333333,6.55137375439615,6.578902198156773,6.575144353738287,6.520234921485871,0.0025127749407154454,-0.0003777313257614618,0.014999866485595703,0.009285722460065569,53.84623849172872,80.76954113633863,20.00010899093468,20.253365549348125,0.006859767787570803,0.006859767787570803
2025-04-23 14:45:00+00:00,6.605000019073486,6.605000019073486,6.599999904632568,6.599999904632568,1159.0,6.21999979019165,1306783.3333333333,6.55172559491648,6.583121739451932,6.577511549061552,6.521028602910217,0.004157601827910362,0.000529335304972903,0.005000114440917969,0.009285722460065569,50.0,73.07706415288119,18.750093132068724,20.618615052836656,0.006097555213709249,0.006097555213709249
2025-04-23 14:46:00+00:00,6.59499979019165,6.59499979019165,6.590000152587891,6.590000152587891,2684.0,6.21999979019165,1306783.3333333333,6.552362359839794,6.584497422079124,6.578700939873584,6.5217148869866115,0.0046012027664179556,0.0013437087972619135,0.009999752044677734,0.009642839431762695,44.44448369037317,74.07413948395528,25.0,21.754967429825737,0.005339485151159673,0.0038080876084587434
2025-04-23 14:47:00+00:00,6.59499979019165,6.59499979019165,6.590000152587891,6.590000152587891,0.0,6.21999979019165,1306783.3333333333,6.552362359839794,6.5855979681808785,6.579777055370184,6.522394342365729,0.0048963180001040385,0.0020542306378303387,0.004999637603759766,0.009999956403459822,42.85728882833787,71.42881471389646,25.000000000000004,22.710102195036132,0.0022814211038630905,0.003044137047785833
2025-04-23 14:48:00+00:00,6.585000038146973,6.585000038146973,6.585000038146973,6.585000038146973,1358.0,6.21999979019165,1306783.3333333333,6.552623519729143,6.585478382174097,6.580274482301307,6.523017284612308,0.0046728656152543735,0.0025779576333151456,0.005000114440917969,0.009642839431762695,37.03724634865691,70.37069741977642,31.03443739970009,24.760715609347063,-0.0007587426897029959,0.002283084641351296
2025-04-23 14:49:00+00:00,6.579999923706055,6.579999923706055,6.574999809265137,6.574999809265137,1165.0,6.21999979019165,1306783.3333333333,6.55278743932287,6.583382667592305,6.579772132488338,6.523534523663581,0.0036468049970608263,0.0027917271060642823,0.010000228881835938,0.009999990463256836,32.14294229243088,71.4289120268664,37.93112520059984,27.31133337121825,-0.004542045378004067,-0.0007598958205005113
2025-04-23 14:50:00+00:00,6.570000171661377,6.570000171661377,6.570000171661377,6.570000171661377,809.0,6.21999979019165,1306783.3333333333,6.552868547278451,6.58070616840612,6.578841469552437,6.523996868419778,0.0024025208292641764,0.0027138858507042615,0.004999637603759766,0.010357107434953963,31.034641515886953,72.41405391895714,39.99993642175266,29.416576892097133,-0.004545414152223648,-0.0022778840392864153
2025-04-23 14:51:00+00:00,6.570000171661377,6.574999809265137,6.570000171661377,6.574999809265137,1285.0,6.21999979019165,1306783.3333333333,6.553020579470047,6.579564896577924,6.578475597144122,6.524504360368489,0.0017991066510418818,0.0025309300107717856,0.004999637603759766,0.00928565434047154,38.461566676937075,65.38506683099315,25.926213729403248,29.839870087702028,-0.0022762280691090986,-0.0015186376346096875
2025-04-23 14:52:00+00:00,6.570000171661377,6.574999809265137,6.570000171661377,6.574999809265137,0.0,6.21999979019165,1306783.3333333333,6.553020579470047,6.578651879115368,6.578144569727075,6.525006802646068,0.0013058436150998887,0.0022859127316374062,0.004999637603759766,0.0089285033089774,40.000076294527396,68.00054932059723,25.926213729403244,30.609490163648804,-0.0022762280691090986,0.0015231914634454835
2025-04-23 14:53:00+00:00,6.570000171661377,6.570000171661377,6.570000171661377,6.570000171661377,744.0,6.21999979019165,1306783.3333333333,6.553093300977058,6.57692153762457,6.577368912768438,6.525454497860151,0.0005056710730784175,0.0019298643999256086,0.004999637603759766,0.008214201245989119,43.478459178173075,69.56586640129369,23.077148799284,30.997349019202144,-0.0022778840392864153,-0.0007604011785239395
2025-04-23 14:54:00+00:00,6.570000171661377,6.570000171661377,6.570000171661377,6.570000171661377,1375.0,6.21999979019165,1306783.3333333333,6.5532260723928495,6.575537264431932,6.576667127901098,6.5258977383954875,-0.00012700736950943536,0.0015184900460385997,0.0,0.008214201245989119,43.478459178173075,69.56586640129369,23.077148799284,28.79957100587947,-0.0007604011785239395,0.0015244251477231074
2025-04-23 14:55:00+00:00,6.570000171661377,6.570000171661377,6.570000171661377,6.570000171661377,0.0,6.21999979019165,1306783.3333333333,6.5532260723928495,6.574429845877821,6.576032179687791,6.526336568577238,-0.0006212482305736344,0.001090542390716153,0.0,0.007857050214494978,45.45482131400531,68.18244871772642,20.0001525884727,26.656724762198955,0.0,0.0015244251477231074
2025-04-23 14:56:00+00:00,6.565000057220459,6.565000057220459,6.565000057220459,6.565000057220459,336.0,6.21999979019165,1306783.3333333333,6.5532486235477645,6.572543888146349,6.57498150135757,6.526721279907021,-0.0014002637525569739,0.0005923811620615275,0.005000114440917969,0.00642848014831543,33.33350994219592,83.33430468207756,42.857402361489555,27.336998587502332,-0.0015208748798116734,0.001525587970056419
2025-04-23 14:57:00+00:00,6.565000057220459,6.565000057220459,6.565000057220459,6.565000057220459,178.0,6.21999979019165,1306783.3333333333,6.5532605353219475,6.571035121961171,6.574030887630227,6.527102163263374,-0.0019946461273017135,7.497570418887927e-05,0.0,0.005357027053833008,26.666581893783817,73.33468969945893,46.667514384715645,28.94624968122203,-0.0015208748798116734,-0.0015208748798116734
2025-04-23 14:58:00+00:00,6.559999942779541,6.559999942779541,6.554999828338623,6.554999828338623,1852.0,6.21999979019165,1306783.3333333333,6.553296081643187,6.567828063236663,6.572218405792931,6.5273797519705905,-0.0032353383701426708,-0.0005870871106774308,0.010000228881835938,0.004999910082135882,7.142467881033801,64.28697938664014,80.00133515168278,33.232051549846894,-0.0022831572193035,-0.005311126470235794
2025-04-23 14:59:00+00:00,6.554999828338623,6.554999828338623,6.554999828338623,6.554999828338623,489.0,6.21999979019165,1306783.3333333333,6.553300763607469,6.565262416257054,6.570578541273473,6.527654578601118,-0.004170520744217754,-0.0013037738373854954,0.0,0.0046427590506417414,7.6919126709313925,69.23234931627442,80.00133515168277,37.60714026553361,-0.0022831572193035,-0.007570051565552793
2025-04-23 15:00:00+00:00,6.559999942779541,6.559999942779541,6.539999961853027,6.539999961853027,4540.0,6.21999979019165,1306783.3333333333,6.553135714413491,6.56020992537625,6.567666295614384,6.527777418235465,-0.006052256731369887,-0.0022534704161823738,0.019999980926513672,0.005357061113630023,13.333206174817528,66.66793825182472,66.66746139602158,40.583387508106576,-0.004566241860654796,-0.009090900552502501
2025-04-23 15:01:00+00:00,6.559999942779541,6.590000152587891,6.559999942779541,6.559999942779541,5764.0,6.21999979019165,1306783.3333333333,6.553652082709809,6.560167928856909,6.56693616677297,6.5280980403702324,-0.0058621396476068455,-0.002975204262467268,0.05000019073486328,0.008571386337280273,33.33346578875215,58.33376381344449,27.27288490465436,40.7457364298676,-0.0007616320483376793,-0.004552383780532798
2025-04-23 15:02:00+00:00,6.554999828338623,6.554999828338623,6.550000190734863,6.550000190734863,2337.0,6.21999979019165,1306783.3333333333,6.5536277380367896,6.558134381232501,6.565323216674103,6.528315972214657,-0.0064440835240331396,-0.0036689801147804426,0.009999752044677734,0.0089285033089774,32.000213624676704,60.00030517810958,30.434710497072633,40.702898793965645,-0.002284823511783274,-0.006069796802253391
2025-04-23 15:03:00+00:00,6.554999828338623,6.554999828338623,6.550000190734863,6.550000190734863,0.0,6.21999979019165,1306783.3333333333,6.5536277380367896,6.556507543132973,6.563863880870366,6.528531735583018,-0.006826585609278624,-0.004300501213680079,0.004999637603759766,0.008571318217686244,33.33373070274781,54.16701436490433,23.809264305177113,39.69419444429259,-0.000762721240989972,-0.005315086895877785
2025-04-23 15:04:00+00:00,6.559999942779541,6.559999942779541,6.559999942779541,6.559999942779541,335.0,6.21999979019165,1306783.3333333333,6.55363891904144,6.557206023062287,6.563495886766478,6.5288448520725355,-0.006250769864988293,-0.004690554943941721,0.009999752044677734,0.008928469249180384,36.000473027874314,56.00039673305587,21.73884198829051,38.38983055618815,0.0007627939850283205,-0.002281348581099407
2025-04-23 15:05:00+00:00,6.570000171661377,6.579999923706055,6.570000171661377,6.579999923706055,14915.0,6.21999979019165,1306783.3333333333,6.555307523904813,6.561764803191041,6.565067699808343,6.529353857760432,-0.0041329582550675426,-0.004579035606166886,0.019999980926513672,0.009999922343662806,42.857775401142376,57.143246400703,14.28532503184583,37.558338506362624,0.006116202153874983,0.0015220322349167592
2025-04-23 15:06:00+00:00,6.570000171661377,6.579999923706055,6.570000171661377,6.579999923706055,0.0,6.21999979019165,1306783.3333333333,6.555307523904813,6.565411827294044,6.56648981637003,6.529857798715115,-0.002426604905357621,-0.004148549466005034,0.009999752044677734,0.010357073375156947,41.37987733692882,55.17273130868014,14.285325031845833,36.726846456537096,0.0030487776068546246,0.0007604737012876228
2025-04-23 15:07:00+00:00,6.590000152587891,6.590000152587891,6.590000152587891,6.590000152587891,3094.0,6.21999979019165,1306783.3333333333,6.555821279675384,6.570329492352814,6.5687288960098265,6.5304562300969335,-0.0002643257045509273,-0.0033717047137142124,0.010000228881835938,0.010714258466448103,46.667217679895224,66.66677263074908,17.64656383847053,36.338947530764706,0.006106864227211517,0.0022814211038630905
2025-04-23 15:08:00+00:00,6.590000152587891,6.590000152587891,6.590000152587891,6.590000152587891,0.0,6.21999979019165,1306783.3333333333,6.555821279675384,6.57426362439983,6.570754729969642,6.531048706937639,0.001432779945135465,-0.002410807781944277,0.0,0.010714258466448103,46.667217679895224,66.66677263074908,17.64656383847053,35.951048604992316,0.006106864227211517,0.003044137047785833
2025-04-23 15:09:00+00:00,6.590000152587891,6.590000152587891,6.585000038146973,6.585000038146973,679.0,6.21999979019165,1306783.3333333333,6.5559211993809825,6.576410907149258,6.572111425986531,6.5315855361039015,0.0023472236190329454,-0.0014592015017488326,0.005000114440917969,0.011071409497942244,45.16178651194556,67.74206449310584,19.999564036261287,35.95100656554864,0.0038109901807161783,0.002283084641351296
2025-04-23 15:10:00+00:00,6.585000038146973,6.585000038146973,6.585000038146973,6.585000038146973,341.0,6.21999979019165,1306783.3333333333,6.555968429121489,6.578128733348802,6.573338912858954,6.532117023686419,0.0030369191057726397,-0.000559977380244538,0.0,0.010714258466448103,46.667217679895224,66.66677263074908,17.64656383847053,34.15023238533299,0.0007598958205006223,0.002283084641351296
2025-04-23 15:11:00+00:00,6.590000152587891,6.590000152587891,6.590000152587891,6.590000152587891,2146.0,6.21999979019165,1306783.3333333333,6.556312764132799,6.58050301719662,6.574925697595043,6.532692975217778,0.003941539580917031,0.00034032601198777574,0.005000114440917969,0.011071409497942244,48.38767235385685,67.74206449310584,16.6661810013007,32.007280000803355,0.0015197916410010226,0.0038080876084587434
2025-04-23 15:12:00+00:00,6.590000152587891,6.590000152587891,6.590000152587891,6.590000152587891,0.0,6.21999979019165,1306783.3333333333,6.556312764132799,6.582402444274875,6.576361359975315,6.533263195888127,0.0046053699864474495,0.0011933348068797105,0.0,0.010357107434953963,51.72484099892794,65.51732075794348,11.764095400780327,27.133191447167466,0.0,0.0038080876084587434
2025-04-23 15:13:00+00:00,6.590000152587891,6.590000152587891,6.590000152587891,6.590000152587891,376.0,6.21999979019165,1306783.3333333333,6.556372378849369,6.5839219859374785,6.577660292605084,6.533827742720961,0.005072982184667119,0.001969264282437192,0.0,0.010357107434953963,51.72484099892794,65.51732075794348,11.764095400780327,22.25910289353158,0.0,0.005339485151159673
2025-04-23 15:14:00+00:00,6.590000152587891,6.590000152587891,6.590000152587891,6.590000152587891,2508.0,6.21999979019165,1306783.3333333333,6.556764687234039,6.585137619267561,6.578835517365351,6.534386672172373,0.0053815332552415995,0.0026517180769980737,0.0,0.008928537368774414,56.00073242466898,64.00018310616724,6.666158042304827,17.973295511123236,0.0007593188173047327,0.005339485151159673
2025-04-23 15:15:00+00:00,6.590000152587891,6.590000152587891,6.590000152587891,6.590000152587891,0.0,6.21999979019165,1306783.3333333333,6.556764687234039,6.5861101259316275,6.579898815957974,6.534940040136707,0.005561947532697786,0.0032337639681380165,0.0,0.005357095173427037,53.334392980894556,80.00063578853673,19.99942779759293,17.45376286061885,0.0007593188173047327,0.007645289147784062
2025-04-23 15:16:00+00:00,6.579999923706055,6.579999923706055,6.579999923706055,6.579999923706055,926.0,6.21999979019165,1306783.3333333333,6.556864340921167,6.584888085486513,6.579908445267315,6.535388397187149,0.004842174676510602,0.0035554461098125335,0.010000228881835938,0.005357129233224052,53.33405388909375,80.00076294139339,19.9998092667738,16.708412772740363,-0.0015174853794061027,0.0030487776068546246
2025-04-23 15:17:00+00:00,6.570000171661377,6.570000171661377,6.570000171661377,6.570000171661377,875.0,6.21999979019165,1306783.3333333333,6.55691736148984,6.581910502721486,6.578964800161987,6.535732792953063,0.003425367578481442,0.0035294304035463154,0.009999752044677734,0.005714280264718192,50.00059604701619,87.5002980235081,27.27233319461784,16.955774836271843,-0.0030348984011266955,0.0030534321136057585
2025-04-23 15:18:00+00:00,6.570000171661377,6.570000171661377,6.570000171661377,6.570000171661377,0.0,6.21999979019165,1306783.3333333333,6.55691736148984,6.579528436509465,6.578111026019072,6.536073761895435,0.0022762979993578014,0.003278803922708613,0.0,0.005000012261526925,50.000340597134894,85.71467496815417,26.31568380422726,17.282692108838752,-0.0030348984011266955,0.0030534321136057585
2025-04-23 15:19:00+00:00,6.570000171661377,6.570000171661377,6.570000171661377,6.570000171661377,0.0,6.21999979019165,1306783.3333333333,6.55691736148984,6.577622783539848,6.577338563699292,6.536411338112012,0.0013500890926447795,0.0028930609566958465,0.0,0.0035714421953473774,30.000572202407064,100.0,53.8454766865225,20.108417227029943,-0.0030348984011266955,0.0015244251477231074
2025-04-23 15:20:00+00:00,6.570000171661377,6.570000171661377,6.565000057220459,6.570000171661377,2676.0,6.21999979019165,1306783.3333333333,6.557056566427199,6.576098261164154,6.576639669219491,6.536745555361261,0.0006090412131101175,0.0024362570079787004,0.005000114440917969,0.003214325223650251,33.333686541701546,122.22139806936306,57.142273266031786,23.169627815186082,-0.0030348984011266955,-0.0015197191733469229
2025-04-23 15:21:00+00:00,6.570000171661377,6.570000171661377,6.565000057220459,6.570000171661377,0.0,6.21999979019165,1306783.3333333333,6.557056566427199,6.5748786432636,6.576007336118718,6.53707644706574,2.150750449381178e-05,0.001953307107281723,0.005000114440917969,0.0028571741921561106,12.500149009977708,87.4998509900223,74.99970198004459,27.266280539584233,-0.0015197191733469229,-0.0015197191733469229
2025-04-23 15:22:00+00:00,6.579999923706055,6.589499950408936,6.579999923706055,6.589499950408936,1619.0,6.21999979019165,1306783.3333333333,6.557270967768468,6.577802904692668,6.5772923470035005,6.537598073964678,0.0011164818778386376,0.001785942061393106,0.019499778747559482,0.004250015531267502,41.17614059832915,84.0336269143527,34.2285487525426,28.450708033446524,0.0029680027759615424,-7.590321204431483e-05
2025-04-23 15:23:00+00:00,6.570000171661377,6.570000171661377,6.534999847412109,6.559999942779541,7160.0,6.21999979019165,1306783.3333333333,6.557199724755681,6.574242312310043,6.5756454513631235,6.5378209781319905,-0.00039163261921171255,0.0013504271252721424,0.05450010299682706,0.007785728999546723,22.476923749945765,82.5687912857067,57.20544385400754,31.108270877571254,-0.001522104812868963,-0.004552383780532798
2025-04-23 15:24:00+00:00,6.570000171661377,6.570000171661377,6.534999847412109,6.559999942779541,0.0,6.21999979019165,1306783.3333333333,6.557199724755681,6.571393838403943,6.574155402926592,6.538041664347389,-0.0015687407565678768,0.0007665935489041386,0.03500032424926758,0.010285752160208692,17.01375206545931,62.49987582411319,57.205443854007534,33.93390516439532,-0.001522104812868963,-0.0037965216738961027
2025-04-23 15:25:00+00:00,6.570000171661377,6.570000171661377,6.570000171661377,6.570000171661377,1074.0,6.21999979019165,1306783.3333333333,6.557259677134455,6.571115105055431,6.573759666615619,6.5383596594450415,-0.0016753600330776663,0.00027820283250777763,0.010000228881835938,0.010642903191702833,13.08704320638043,80.5368075090317,72.04335624655936,37.889417681913805,0.0,-0.0022778840392864153
2025-04-23 15:26:00+00:00,6.565000057220459,6.565000057220459,6.550000190734863,6.550000190734863,2037.0,6.21999979019165,1306783.3333333333,6.557239782065782,6.566892122191318,6.571496859388881,6.53847548562703,-0.003335241306157144,-0.0004444859952252067,0.019999980926513672,0.012071473257882381,11.538287907003395,82.84013317532784,75.5488854874189,42.4454741166737,-0.003044137047785833,-0.006069796802253391
2025-04-23 15:27:00+00:00,6.539999961853027,6.539999961853027,6.539999961853027,6.539999961853027,2362.0,6.21999979019165,1306783.3333333333,6.557065546348105,6.56151369012366,6.568497154861657,6.5384906545447015,-0.00539544869522679,-0.0014346785352255234,0.010000228881835938,0.012785775320870663,10.893679140738604,83.79880231864207,76.99145914681398,47.104571527104675,-0.007511949150684316,-0.007587282181659494
2025-04-23 15:28:00+00:00,6.534999847412109,6.545000076293945,6.534999847412109,6.545000076293945,3566.0,6.21999979019165,1306783.3333333333,6.5568341169731434,6.558210967357717,6.566259337855207,6.538555424910366,-0.006549215170632117,-0.0024575858623068422,0.010000228881835938,0.013500077383858944,12.962832144191042,82.01047521974674,72.70215705025949,51.821428599101445,-0.00228656503299296,-0.006828539491956387
2025-04-23 15:29:00+00:00,6.534999847412109,6.545000076293945,6.534999847412109,6.545000076293945,0.0,6.21999979019165,1306783.3333333333,6.5568341169731434,6.555568789144964,6.564234646277944,6.53861955079478,-0.007378528333179091,-0.0034417743564812923,0.010000228881835938,0.014214379446847225,12.311422930205255,77.88927866275546,72.70215705025949,55.58590926000619,-0.00228656503299296,-0.006828539491956387
2025-04-23 15:30:00+00:00,6.539999961853027,6.539999961853027,6.539999961853027,6.539999961853027,917.0,6.21999979019165,1306783.3333333333,6.5567693082463805,6.552455023686577,6.561926581094618,6.538633286228196,-0.008343058848032214,-0.004422031254791477,0.005000114440917969,0.013857228415353084,12.628732948261373,77.31940518618585,71.91996808341945,59.29449203262374,-0.004566241860654796,-0.007587282181659494
2025-04-23 15:31:00+00:00,6.534999847412109,6.534999847412109,6.534999847412109,6.534999847412109,101.0,6.21999979019165,1306783.3333333333,6.556760081304992,6.548963988431684,6.559362130267713,6.538597132608135,-0.009402537083183837,-0.00541813242046995,0.005000114440917969,0.013500111443655958,12.962799439910532,76.7194378918414,71.0917126387946,62.42444770720779,-0.002290128684877324,-0.006838917449196513
2025-04-23 15:32:00+00:00,6.53000020980835,6.53000020980835,6.519999980926514,6.519999980926514,4122.0,6.21999979019165,1306783.3333333333,6.5561916972558345,6.54317118693065,6.555613354139981,6.5384120863227455,-0.011322031749652517,-0.006598912286306463,0.014999866485595703,0.014571530478341366,12.009667572027949,78.43121672097206,73.44195014033608,65.79060958835842,-0.0030581010769374917,-0.007610378908440629
2025-04-23 15:33:00+00:00,6.514999866485596,6.519999980926514,6.514999866485596,6.519999980926514,1594.0,6.21999979019165,1306783.3333333333,6.5559443853808546,6.538536945729822,6.552221604310127,6.538228881293927,-0.012696883334496256,-0.007818506495944422,0.005000114440917969,0.014928681509835506,11.722350493260773,78.94722432627218,74.14270329028733,67.24041148862734,-0.003819724228572907,-0.007610378908440629
2025-04-23 15:34:00+00:00,6.53000020980835,6.550000190734863,6.53000020980835,6.550000190734863,4337.0,6.21999979019165,1306783.3333333333,6.555724155226397,6.54082959473083,6.552010041112482,6.538346008751051,-0.011236173299910668,-0.008502039856737672,0.03000020980834961,0.016714402607509195,23.29047942176787,74.78629082380118,52.50561501270461,66.90922161338969,0.0007639594167505592,-0.003044137047785833
2025-04-23 15:35:00+00:00,6.545000076293945,6.545000076293945,6.539999961853027,6.539999961853027,1906.0,6.21999979019165,1306783.3333333333,6.555617088856518,6.54066366815527,6.550866224040154,6.5383624659958475,-0.010761433858260006,-0.00895391865704214,0.010000228881835938,0.017071553639003336,22.80322331576983,77.40566574159548,54.48862165767359,65.44414444750603,0.0,-0.004566241860654796
2025-04-23 15:36:00+00:00,6.539999961853027,6.539999961853027,6.539999961853027,6.539999961853027,529.0,6.21999979019165,1306783.3333333333,6.555584145929483,6.540530926894823,6.549831341927094,6.538378759486964,-0.010266849579379844,-0.009216504841509682,0.0,0.015678712299891946,15.945334749711554,77.44852051467505,65.85356776509063,67.70307437697376,0.0007651284709513373,-0.004566241860654796
2025-04-23 15:37:00+00:00,6.539999961853027,6.539999961853027,6.539999961853027,6.539999961853027,0.0,6.21999979019165,1306783.3333333333,6.555584145929483,6.540424733886464,6.548895020015278,6.53839489085379,-0.009762353639182209,-0.009325674601044187,0.0,0.011785847800118583,21.212077425917684,75.75729552587318,56.24994412109183,67.6348243960512,0.0030674817461688875,-0.007511949150684316
2025-04-23 15:38:00+00:00,6.539999961853027,6.550000190734863,6.539999961853027,6.550000190734863,1221.0,6.21999979019165,1306783.3333333333,6.555540939516647,6.542339825256144,6.549000274369525,6.5385103664744975,-0.008458102337749906,-0.009152160148385331,0.010000228881835938,0.010000126702444894,32.142844978798045,89.28526421552766,47.05864203590832,66.91005283761555,0.004601259186520101,-0.0015243524591314062
2025-04-23 15:39:00+00:00,6.539999961853027,6.550000190734863,6.539999961853027,6.550000190734863,0.0,6.21999979019165,1306783.3333333333,6.555540939516647,6.543871898351888,6.549095504499557,6.538624693084054,-0.007339864396881168,-0.008789700998084498,0.010000228881835938,0.010000126702444894,32.142844978798045,64.28534936394135,33.333097860256146,64.14503438145103,0.0,-0.0015243524591314062
2025-04-23 15:40:00+00:00,6.545000076293945,6.550000190734863,6.545000076293945,6.550000190734863,1763.0,6.21999979019165,1306783.3333333333,6.555490866651246,6.545097556828484,6.549181665093396,6.538737882115406,-0.006380106871734625,-0.008307782172814525,0.005000114440917969,0.008928707667759486,35.999893190106356,59.99969482887529,24.999900660014855,60.53439260806503,0.001529086993909079,-0.003044137047785833
2025-04-23 15:41:00+00:00,6.539999961853027,6.539999961853027,6.539999961853027,6.539999961853027,600.0,6.21999979019165,1306783.3333333333,6.5554543264712715,6.544078037833393,6.548307217165742,6.538750440122746,-0.006353191378257073,-0.007916864013903034,0.010000228881835938,0.008928707667759486,35.999893190106356,55.99966431176282,21.738986213330563,56.5877873985305,0.0,-0.0015267524565848456
2025-04-23 15:42:00+00:00,6.534999847412109,6.534999847412109,6.53000020980835,6.534999847412109,1951.0,6.21999979019165,1306783.3333333333,6.555285947908745,6.542262399749137,6.547039848617777,6.538713120792292,-0.0066585722276188974,-0.0076652056566462075,0.009999752044677734,0.008928673607962472,31.999984741385557,59.99954224156676,30.43445810908307,53.568666045589325,-0.0007645434969545395,-0.0007645434969545395
2025-04-23 15:43:00+00:00,6.534999847412109,6.534999847412109,6.53000020980835,6.534999847412109,0.0,6.21999979019165,1306783.3333333333,6.555285947908745,6.540809889281731,6.545893181836285,6.53867617279846,-0.0068219495628438764,-0.0074965544378857414,0.004999637603759766,0.008571488516671317,33.33346578717317,62.49980131924025,30.43445810908307,50.549544692648155,-0.002290128684877324,-0.0015279188335011185
2025-04-23 15:44:00+00:00,6.53000020980835,6.53000020980835,6.53000020980835,6.53000020980835,3347.0,6.21999979019165,1306783.3333333333,6.554960020204674,6.538647953387055,6.5443795654526715,6.5385898448085085,-0.007271040223358227,-0.007451451594980238,0.004999637603759766,0.008571454456874303,33.333598242065655,58.333300219741794,27.272333194617836,47.36042791487661,-0.0030534321136057585,-0.0022918053950717887
2025-04-23 15:45:00+00:00,6.53000020980835,6.53000020980835,6.53000020980835,6.53000020980835,0.0,6.21999979019165,1306783.3333333333,6.554960020204674,6.536918404671314,6.543010103010355,6.538504375803532,-0.007540031023211213,-0.007469167480626433,0.0,0.008214303425380163,34.782915168779255,56.521667019110765,23.809048055875973,43.98309473038241,-0.0030534321136057585,-0.0015290140830283017
2025-04-23 15:46:00+00:00,6.53000020980835,6.53000020980835,6.53000020980835,6.53000020980835,0.0,6.21999979019165,1306783.3333333333,6.554960020204674,6.5355347656987215,6.5417710655625445,6.538419757236416,-0.0076648525214073615,-0.007508304488782619,0.0,0.007142884390694755,40.000286101203535,50.0,11.110757900871544,39.53086671327781,-0.0015290140830283017,-0.0007650555042842955
2025-04-23 15:47:00+00:00,6.510000228881836,6.514999866485596,6.510000228881836,6.514999866485596,1138.0,6.21999979019165,1306783.3333333333,6.554778382925178,6.5314277858560965,6.539221427555216,6.538186723497602,-0.008871906979970312,-0.0077810249870201575,0.019999980926513672,0.008214303425380163,34.782915168779255,56.521667019110765,23.809048055875973,35.93560562510557,-0.0030604409171384184,-0.0007668887201756069
2025-04-23 15:48:00+00:00,6.510000228881836,6.514999866485596,6.510000228881836,6.514999866485596,0.0,6.21999979019165,1306783.3333333333,6.554778382925178,6.528142201981996,6.536914612215251,6.537956008502458,-0.009716500564541874,-0.008168120102524502,0.004999637603759766,0.006428548267909459,11.111405456096385,55.55543781756145,66.66587193731175,36.9470525482918,-0.0030604409171384184,-0.0007668887201756069
2025-04-23 15:49:00+00:00,6.510000228881836,6.510000228881836,6.510000228881836,6.510000228881836,1699.0,6.21999979019165,1306783.3333333333,6.554488561653865,6.524513807361965,6.534351337612069,6.537677841541059,-0.010666321323528294,-0.008667760346725261,0.004999637603759766,0.006071363176618304,11.765101875953684,47.05928552194597,59.99923706345725,37.34066793441921,-0.003062784116985573,-0.006106864227211517
2025-04-23 15:50:00+00:00,6.505000114440918,6.505000114440918,6.5,6.5,1922.0,6.21999979019165,1306783.3333333333,6.5541046162603385,6.5196110458895715,6.531079781649014,6.537302937645128,-0.012086668423581415,-0.009351541962096492,0.010000228881835938,0.006785665239606585,10.526632802618106,52.632160138133194,66.66613685130733,37.398708583434676,-0.004594212686745092,-0.006116202153874872
2025-04-23 15:51:00+00:00,6.5,6.5,6.5,6.5,1944.0,6.21999979019165,1306783.3333333333,6.553709748394281,6.515688836711657,6.528119802444346,6.536931764136222,-0.013061736169508897,-0.010093580803578974,0.0,0.006785665239606585,10.526632802618106,52.632160138133194,66.66613685130733,38.14272234987864,-0.004594212686745092,-0.006116202153874872
2025-04-23 15:52:00+00:00,6.5,6.5,6.5,6.5,0.0,6.21999979019165,1306783.3333333333,6.553709748394281,6.512551069369326,6.525441726021075,6.536564283896061,-0.013676826441452405,-0.01081022993115366,0.0,0.006071363176618304,0.0,58.82438739789965,100.0,41.92424791874233,-0.0023023586788939454,-0.006116202153874872
2025-04-23 15:53:00+00:00,6.489999771118164,6.494999885559082,6.489999771118164,6.494999885559082,3983.0,6.21999979019165,1306783.3333333333,6.5528202319953115,6.509040832607277,6.522542503119933,6.5361507077932055,-0.014401743032233405,-0.011528532551369609,0.010000228881835938,0.006071363176618304,0.0,70.58948927385333,100.0,46.68616950015261,-0.003069835968746104,-0.008396992912088841
2025-04-23 15:54:00+00:00,6.489999771118164,6.494999885559082,6.489999771118164,6.494999885559082,0.0,6.21999979019165,1306783.3333333333,6.5528202319953115,6.506232643197639,6.519919396685566,6.535741246875453,-0.014805575198431953,-0.01218394108078208,0.005000114440917969,0.006071363176618304,0.0,64.70693833587649,100.0,52.04331945300869,-0.0023042001221758035,-0.008396992912088841
2025-04-23 15:55:00+00:00,6.489999771118164,6.489999771118164,6.489999771118164,6.489999771118164,1496.0,6.21999979019165,1306783.3333333333,6.552474522456889,6.502986068781745,6.51706990853629,6.535286107813191,-0.015352112945601348,-0.012817575453745934,0.005000114440917969,0.005714212145124163,0.0,62.501043094713,100.0,57.63339186634222,-0.0015384967510516656,-0.00916036914038132
2025-04-23 15:56:00+00:00,6.489999771118164,6.489999771118164,6.489999771118164,6.489999771118164,0.0,6.21999979019165,1306783.3333333333,6.552474522456889,6.50038880924903,6.514491800210754,6.534835497497818,-0.015605359181185108,-0.01337513219923377,0.0,0.004999944141932896,0.0,57.14412223516509,100.0,62.60235914426486,-0.0015384967510516656,-0.007645289147784062
2025-04-23 15:57:00+00:00,6.489999771118164,6.489999771118164,6.489999771118164,6.489999771118164,0.0,6.21999979019165,1306783.3333333333,6.552474522456889,6.498311001622858,6.51215922601146,6.534389370867175,-0.0156259326229522,-0.013825292283977456,0.0,0.00464282717023577,0.0,61.53953372360873,100.0,67.5713264221875,-0.0015384967510516656,-0.006886010305228285
2025-04-23 15:58:00+00:00,6.485000133514404,6.485000133514404,6.485000133514404,6.485000133514404,445.0,6.21999979019165,1306783.3333333333,6.552364249941999,6.495648828001167,6.509572645773645,6.533897935669636,-0.01586280959987363,-0.01423279574715669,0.004999637603759766,0.00464282717023577,0.0,69.23133353874144,100.0,72.76615976542908,-0.001539607732235826,-0.0076510658095125805
2025-04-23 15:59:00+00:00,6.485000133514404,6.485000133514404,6.485000133514404,6.485000133514404,0.0,6.21999979019165,1306783.3333333333,6.552364249941999,6.493519089103815,6.507232406510861,6.5334113903745585,-0.015867624215981202,-0.014559761440921594,0.0,0.00464282717023577,0.0,69.23133353874144,100.0,78.2083706185808,-0.001539607732235826,-0.006891282518850961
2025-04-23 16:00:00+00:00,6.485000133514404,6.485000133514404,6.485000133514404,6.485000133514404,322.0,6.21999979019165,1306783.3333333333,6.552284681744379,6.491815297985934,6.505115047177865,6.532929686326199,-0.015690568724715526,-0.014785922897680381,0.0,0.00464282717023577,0.0,69.23133353874144,100.0,84.55760219708998,-0.0007703602126473141,-0.006891282518850961
2025-04-23 16:01:00+00:00,6.480000019073486,6.5,6.480000019073486,6.5,3471.0,6.21999979019165,1306783.3333333333,6.5515435274238785,6.493452238388747,6.504627899827593,6.5326020277557895,-0.01417646958912222,-0.01466403223596875,0.019999980926513672,0.00464282717023577,23.076866646125858,46.15446689261558,33.33403975755521,85.23795874720993,0.0015408673704950804,-0.004594212686745092
2025-04-23 16:02:00+00:00,6.510000228881836,6.510000228881836,6.510000228881836,6.510000228881836,821.0,6.21999979019165,1306783.3333333333,6.551420354598267,6.496761836487366,6.505139550213712,6.532377134234656,-0.012030915317509105,-0.014137408852276823,0.010000228881835938,0.005000012261526925,35.71433437101927,85.71467496815417,41.176602583880765,83.41729665053627,0.0030817347409899387,-0.000767404099189406
2025-04-23 16:03:00+00:00,6.510000228881836,6.510000228881836,6.510000228881836,6.510000228881836,0.0,6.21999979019165,1306783.3333333333,6.551420354598267,6.49940951496626,6.5056024719916286,6.532154478460001,-0.010212821055503696,-0.013352491292922198,0.0,0.004642895289829799,38.46136917163062,92.30757944775375,41.17660258388076,82.07282275913795,0.0038550647421318196,-0.000767404099189406
2025-04-23 16:04:00+00:00,6.510000228881836,6.514999866485596,6.510000228881836,6.510000228881836,1927.0,6.21999979019165,1306783.3333333333,6.551145617756353,6.501527657749375,6.5060213059811725,6.531934038165691,-0.008672002804012813,-0.012416393595140322,0.004999637603759766,0.004285710198538644,49.99960263532254,83.3337306980108,25.00059604701619,79.09671270168859,0.0038550647421318196,0.0
2025-04-23 16:05:00+00:00,6.510000228881836,6.510000228881836,6.510000228881836,6.510000228881836,271.0,6.21999979019165,1306783.3333333333,6.5511056667693115,6.503222171975867,6.506400251019331,6.531715791307145,-0.007365982774452107,-0.01140631143100268,0.0,0.004285710198538644,49.99960263532254,83.3337306980108,25.00059604701619,76.12060264423921,0.0038550647421318196,0.0015384967510516656
2025-04-23 16:06:00+00:00,6.505000114440918,6.505000114440918,6.5,6.5,1668.0,6.21999979019165,1306783.3333333333,6.550811959505209,6.502577737580694,6.505790703303203,6.531400211294139,-0.007056543941017068,-0.010536357933005558,0.010000228881835938,0.005000012261526925,42.85665628980729,85.71467496815417,33.33403975755521,71.35874834120746,0.0,0.0
2025-04-23 16:07:00+00:00,6.505000114440918,6.505000114440918,6.5,6.5,0.0,6.21999979019165,1306783.3333333333,6.550811959505209,6.502062190064556,6.505239207750517,6.531087771380765,-0.0067336896533856105,-0.00977582427708157,0.005000114440917969,0.004642861230032784,46.15339471078018,76.9233026446099,25.000596047016185,66.00164805885147,-0.001536133414783869,0.0
2025-04-23 16:08:00+00:00,6.494999885559082,6.494999885559082,6.494999885559082,6.494999885559082,1663.0,6.21999979019165,1306783.3333333333,6.550483331197,6.500649729163461,6.504264034208475,6.530728687939753,-0.0068028734614582476,-0.009181234113956906,0.005000114440917969,0.004642861230032784,46.15339471078018,84.61577962806734,29.412424687812052,60.959678393695185,-0.0023042001221758035,0.0
2025-04-23 16:09:00+00:00,6.489999771118164,6.489999771118164,6.489999771118164,6.489999771118164,435.0,6.21999979019165,1306783.3333333333,6.550390318383129,6.4985197375544015,6.502905532961779,6.530323425085807,-0.007178421204250718,-0.00878067153201567,0.005000114440917969,0.004642861230032784,46.15339471078018,92.30825661152478,33.33403975755521,56.19782409066341,-0.003072266829567738,-0.0007698405741368708
2025-04-23 16:10:00+00:00,6.489999771118164,6.489999771118164,6.489999771118164,6.489999771118164,1080.0,6.21999979019165,1306783.3333333333,6.550160622132244,6.496815744267154,6.501676412786197,6.529922194698069,-0.007390848396418015,-0.00850270690489614,0.0,0.004642861230032784,46.15339471078018,92.30825661152478,33.33403975755521,51.43596978763164,-0.003072266829567738,0.0
2025-04-23 16:11:00+00:00,6.5,6.5,6.5,6.5,1362.0,6.21999979019165,1306783.3333333333,6.549921167618402,6.497452595413724,6.501516754425607,6.529624461417492,-0.006675314708580515,-0.008137228465633015,0.010000228881835938,0.005357163293021066,53.333079021152415,93.33384195769517,27.273200166458594,46.24119837095011,0.0,0.0015408673704950804
2025-04-23 16:12:00+00:00,6.5,6.5,6.5,6.5,0.0,6.21999979019165,1306783.3333333333,6.549921167618402,6.497962076330979,6.501372301623169,6.52932969065712,-0.006038639429408299,-0.007717510658388072,0.0,0.00500004632132394,57.1422732660318,92.8577267339682,23.810302311957603,40.79907710751851,0.0,0.0015408673704950804
2025-04-23 16:13:00+00:00,6.5,6.5,6.5,6.5,2016.0,6.21999979019165,1306783.3333333333,6.549570899720897,6.498369661064784,6.5012416062304865,6.529037852939139,-0.005471003362484517,-0.007268209199207362,0.0,0.00500004632132394,57.1422732660318,92.8577267339682,23.810302311957603,35.35695584408691,0.0007698405741369818,0.002313009433581481
2025-04-23 16:14:00+00:00,6.5,6.5,6.5,6.5,0.0,6.21999979019165,1306783.3333333333,6.549570899720897,6.4986957288518274,6.501123358018059,6.528748919079049,-0.004963926633555715,-0.006807352686077033,0.0,0.00500004632132394,57.1422732660318,92.8577267339682,23.810302311957603,29.914834580655313,0.0015408673704950804,0.002313009433581481
2025-04-23 16:15:00+00:00,6.505000114440918,6.505000114440918,6.505000114440918,6.505000114440918,428.0,6.21999979019165,1306783.3333333333,6.549504605955737,6.499956605969646,6.501492572915475,6.528512612565237,-0.004111205803539519,-0.006268123309569531,0.005000114440917969,0.003928627286638532,54.54506047076163,118.18197581169535,36.842475104400904,30.165437105430005,0.0023113010557425095,0.0030840370878566503
2025-04-23 16:16:00+00:00,6.5,6.5,6.5,6.5,885.0,6.21999979019165,1306783.3333333333,6.549352819203874,6.499965284775717,6.501350423114001,6.5282289049775235,-0.0037951378630198818,-0.0057735262202596015,0.005000114440917969,0.003571476255144392,39.99942780304981,80.00076292926693,33.33439295563097,29.605279274840736,0.0,0.0
2025-04-23 16:17:00+00:00,6.5,6.5,6.5,6.5,1102.0,6.21999979019165,1306783.3333333333,6.54916511084792,6.499972227820574,6.501221811388858,6.527948020350882,-0.003504256851353027,-0.005319672346478287,0.0,0.003571476255144392,39.99942780304981,80.00076292926693,33.33439295563097,29.045121444251464,0.0,-0.001536133414783869
2025-04-23 16:18:00+00:00,6.494999885559082,6.494999885559082,6.494999885559082,6.494999885559082,327.0,6.21999979019165,1306783.3333333333,6.549104049204893,6.498977759368276,6.500629247024117,6.52762017821365,-0.0036352935998760216,-0.004982796597157835,0.005000114440917969,0.0035715103149414062,30.0,90.0,50.0,30.830793155178878,-0.0007692483755258328,-0.0023042001221758035
2025-04-23 16:19:00+00:00,6.494999885559082,6.494999885559082,6.494999885559082,6.494999885559082,0.0,6.21999979019165,1306783.3333333333,6.549104049204893,6.498182184606438,6.50009311736078,6.527295598187236,-0.0036965298717968054,-0.00472554325208563,0.0,0.0035715103149414062,30.0,90.0,50.0,32.61646486610629,-0.0007692483755258328,-0.0023042001221758035
2025-04-23 16:20:00+00:00,6.494999885559082,6.494999885559082,6.494999885559082,6.494999885559082,532.0,6.21999979019165,1306783.3333333333,6.549005000976884,6.497545724796967,6.49960804766538,6.526974247812826,-0.0037023813113732373,-0.004520910863943152,0.0,0.002857208251953125,37.5,87.5,40.0,33.09260488342378,-0.001537314174620219,-0.0023042001221758035
2025-04-23 16:21:00+00:00,6.494999885559082,6.494999885559082,6.494999885559082,6.494999885559082,2744.0,6.21999979019165,1306783.3333333333,6.548499826039928,6.49703655694939,6.499169175083828,6.52665609495458,-0.0036647733929635606,-0.004349683369747234,0.0,0.0025000572204589844,42.857142857142854,100.0,40.0,34.16399088006548,-0.0007692483755258328,-0.0007692483755258328
2025-04-23 16:22:00+00:00,6.494999885559082,6.494999885559082,6.494999885559082,6.494999885559082,0.0,6.21999979019165,1306783.3333333333,6.548499826039928,6.496629222671329,6.498772099890995,6.526341107796416,-0.0035935447002719556,-0.0041984556358521784,0.0,0.0021429061889648438,50.0,100.0,33.333333333333336,34.444055783317,-0.0007692483755258328,-0.0007692483755258328
2025-04-23 16:23:00+00:00,6.494999885559082,6.494999885559082,6.494999885559082,6.494999885559082,0.0,6.21999979019165,1306783.3333333333,6.548499826039928,6.49630335524888,6.498412841383193,6.52602925483883,-0.003496786668103269,-0.004058121842302397,0.0,0.0017857551574707031,60.0,100.0,25.0,33.84876722920591,0.0,0.0
2025-04-23 16:24:00+00:00,6.494999885559082,6.494999885559082,6.494999885559082,6.494999885559082,0.0,6.21999979019165,1306783.3333333333,6.548499826039928,6.496042661310921,6.498087797971373,6.525720504895748,-0.0033811296723227358,-0.0039227234083064645,0.0,0.0017857551574707031,60.0,100.0,25.0,33.253478675094826,0.0,0.0007704336852474292
2025-04-23 16:25:00+00:00,6.494999885559082,6.494999885559082,6.494999885559082,6.494999885559082,0.0,6.21999979019165,1306783.3333333333,6.548499826039928,6.495834106160554,6.497793711074965,6.525414827091403,-0.0032519838246622967,-0.0037885754915776312,0.0,0.0010714530944824219,33.333333333333336,100.0,49.99999999999999,34.87682152034778,0.0,0.0007704336852474292
2025-04-23 16:26:00+00:00,6.489999771118164,6.489999771118164,6.489999771118164,6.489999771118164,839.0,6.21999979019165,1306783.3333333333,6.548332985855147,6.494667239152076,6.497051431079079,6.5250624384747535,-0.003512611063809068,-0.0037333826060239185,0.005000114440917969,0.0014286041259765625,25.0,100.0,60.0,37.46179992663652,-0.0007698405741368708,-0.0015384967510516656
2025-04-23 16:27:00+00:00,6.489999771118164,6.489999771118164,6.489999771118164,6.489999771118164,1733.0,6.21999979019165,1306783.3333333333,6.547991363701768,6.493733745545294,6.496379844416135,6.524713556212499,-0.0036767764384819657,-0.003722061372515528,0.0,0.0014286041259765625,25.0,100.0,60.0,40.04677833292527,-0.0007698405741368708,-0.0015384967510516656
2025-04-23 16:28:00+00:00,6.5,6.510000228881836,6.5,6.510000228881836,1681.0,6.21999979019165,1306783.3333333333,6.547757938770684,6.496987042212602,6.497677023889059,6.524567154945528,-0.002168017335628214,-0.0034112525651380653,0.020000457763671875,0.002857208251953125,62.5,75.0,9.090909090909092,38.99539310285038,0.0023095217224107234,0.0015384967510516656
2025-04-23 16:29:00+00:00,6.514999866485596,6.519999980926514,6.514999866485596,6.519999980926514,848.0,6.21999979019165,1306783.3333333333,6.547674331694226,6.501589629955385,6.499803019797389,6.524521710427926,-0.0001635333473704037,-0.0027617087215845333,0.009999752044677734,0.003214325223650251,66.66631345829845,88.88877115276615,14.285908911322739,37.384209803344795,0.0038491294546465493,0.0030769201425404624
2025-04-23 16:30:00+00:00,6.525000095367432,6.525000095367432,6.525000095367432,6.525000095367432,774.0,6.21999979019165,1306783.3333333333,6.54761567947322,6.506271723037795,6.50220274128025,6.524526470477076,0.00180766447173486,-0.0018478340829206545,0.005000114440917969,0.003214325223650251,77.77754230553231,100.0,12.500149009977706,35.89604952151242,0.004618970028783531,0.0030745550460660187
2025-04-23 16:31:00+00:00,6.525000095367432,6.525000095367432,6.525000095367432,6.525000095367432,1983.0,6.21999979019165,1306783.3333333333,6.547466787024692,6.510017397503723,6.504373917859982,6.524531183162552,0.0033314500625243326,-0.0008119772538316572,0.0,0.003214325223650251,77.77754230553231,100.0,12.500149009977706,34.40788923968004,0.005392962324132222,0.0038461685180664062
2025-04-23 16:32:00+00:00,6.525000095367432,6.525000095367432,6.525000095367432,6.525000095367432,0.0,6.21999979019165,1306783.3333333333,6.547466787024692,6.513013937076465,6.5063383157178345,6.524535848955637,0.004487333929239057,0.0002478849827824856,0.0,0.0028571741921561106,87.4998509900223,100.0,6.666751436854684,31.312657199455373,0.005392962324132222,0.0038461685180664062
2025-04-23 16:33:00+00:00,6.53000020980835,6.53000020980835,6.53000020980835,6.53000020980835,2343.0,6.21999979019165,1306783.3333333333,6.5473319661895015,6.516411191622843,6.50859182944074,6.524590220705416,0.005740672766776811,0.0013464425395813507,0.005000114440917969,0.003214325223650251,88.88877115276615,100.0,5.882418938628969,28.161401409357442,0.0030721935826949487,0.005388810602920291
2025-04-23 16:34:00+00:00,6.53000020980835,6.53000020980835,6.53000020980835,6.53000020980835,1568.0,6.21999979019165,1306783.3333333333,6.5472428969135095,6.519128995259944,6.510630722809084,6.524644051442759,0.006657212622204867,0.0024085965561060543,0.0,0.003214325223650251,88.88877115276615,100.0,5.882418938628969,25.724431333545226,0.0015337774403512139,0.005388810602920291
2025-04-23 16:35:00+00:00,6.534999847412109,6.534999847412109,6.53000020980835,6.53000020980835,1806.0,6.21999979019165,1306783.3333333333,6.547151242401816,6.521303238169625,6.512475435856633,6.524697346550875,0.007299433732615768,0.0033867639914079975,0.004999637603759766,0.0035714421953473774,89.99980926586431,90.00076293654276,0.0005298153593474526,22.867326320356607,0.0007663010525422731,0.005388810602920291
2025-04-23 16:36:00+00:00,6.53000020980835,6.539999961853027,6.53000020980835,6.539999961853027,1096.0,6.21999979019165,1306783.3333333333,6.547113935627054,6.525042582906306,6.515096819284861,6.524849611379752,0.008517115008066511,0.004412834194739701,0.009999752044677734,0.004285710198538644,83.3337306980108,75.00099341169364,5.262735216909022,20.862283597754875,0.002298830079136005,0.006928418335156339
2025-04-23 16:37:00+00:00,6.539999961853027,6.539999961853027,6.539999961853027,6.539999961853027,382.0,6.21999979019165,1306783.3333333333,6.547105123809877,6.528034058695651,6.517468547148496,6.525000361135705,0.009374077659681568,0.0054050828877280745,0.0,0.004285710198538644,83.3337306980108,91.66726271368286,4.761991262568006,19.41671154508116,0.002298830079136005,0.006928418335156339
2025-04-23 16:38:00+00:00,6.534999847412109,6.534999847412109,6.534999847412109,6.534999847412109,438.0,6.21999979019165,1306783.3333333333,6.547087955706967,6.529427216438942,6.51913819479265,6.52509985851159,0.009539790520677549,0.00623202441431797,0.005000114440917969,0.004642861230032784,76.9233026446099,92.30825661152478,9.09106672215287,18.28035916809208,0.0007656412623464615,0.006158577761019357
2025-04-23 16:39:00+00:00,6.534999847412109,6.545000076293945,6.534999847412109,6.545000076293945,1409.0,6.21999979019165,1306783.3333333333,6.547063334453187,6.532541788409944,6.521601231126107,6.525297870628828,0.010358646028890028,0.0070573487372323825,0.010000228881835938,0.005357163293021066,80.00025431218091,80.00025431218091,0.0,14.708930596663508,0.002297069832105869,0.007698258909293099
2025-04-23 16:40:00+00:00,6.53000020980835,6.53000020980835,6.53000020980835,6.53000020980835,1974.0,6.21999979019165,1306783.3333333333,6.546955452754986,6.532033472689625,6.522401133857749,6.525344660073401,0.009685581695688228,0.007582995328923552,0.014999866485595703,0.006071431296212333,70.58869728146843,70.5881362968282,0.0003973630984715899,10.423244694027685,0.0,0.005388810602920291
2025-04-23 16:41:00+00:00,6.53000020980835,6.53000020980835,6.53000020980835,6.53000020980835,1347.0,6.21999979019165,1306783.3333333333,6.546882617099702,6.53162682011337,6.523124855376854,6.525390983951361,0.009047875090523405,0.007875971281243524,0.0,0.006071431296212333,70.58869728146843,70.5881362968282,0.0003973630984715899,6.137558791391861,-0.0015290140830283017,0.006163396009379873
2025-04-23 16:42:00+00:00,6.53000020980835,6.53000020980835,6.53000020980835,6.53000020980835,0.0,6.21999979019165,1306783.3333333333,6.546882617099702,6.5313014980523665,6.523779651036996,6.525436846895212,0.0084451377207726,0.007989804569149338,0.0,0.00464282717023577,61.53880012324486,76.92313335387415,11.110875635122897,6.281842115978561,-0.0015290140830283017,0.006163396009379873
2025-04-23 16:43:00+00:00,6.53000020980835,6.53000020980835,6.53000020980835,6.53000020980835,1906.0,6.21999979019165,1306783.3333333333,6.546780617650316,6.531041240403563,6.524372085205696,6.525482253491362,0.007876666702069102,0.00796717699573329,0.0,0.003928559167044503,54.54600625959096,63.636284820058435,7.691743388475223,5.810830292918025,-0.0007650555042842955,0.0030721935826949487
2025-04-23 16:44:00+00:00,6.53000020980835,6.53000020980835,6.53000020980835,6.53000020980835,0.0,6.21999979019165,1306783.3333333333,6.546780617650316,6.5308330342845204,6.524908097072616,6.525527208280587,0.007341520841808169,0.007842045764948267,0.0,0.003571408135550363,50.0004768398867,49.9995231601133,0.0009536797734028823,4.91803062647486,-0.0022918053950717887,0.0015337774403512139
2025-04-23 16:45:00+00:00,6.53000020980835,6.53000020980835,6.53000020980835,6.53000020980835,529.0,6.21999979019165,1306783.3333333333,6.546752526397947,6.530666469389287,6.5253930601903045,6.525571715758475,0.006838582964489248,0.007641353204856463,0.0,0.003571408135550363,50.0004768398867,49.9995231601133,0.0009536797734028823,4.025230960031695,0.0,0.0007663010525422731
2025-04-23 16:46:00+00:00,6.534999847412109,6.534999847412109,6.525000095367432,6.525000095367432,1634.0,6.21999979019165,1306783.3333333333,6.5466577728744255,6.529533194584916,6.5253556349690784,6.52556602799339,0.005967741219570222,0.007306630807799215,0.009999752044677734,0.00428567613874163,50.0,50.0,0.0,3.549034428827789,-0.0007657142848797038,0.0
2025-04-23 16:47:00+00:00,6.53000020980835,6.545000076293945,6.53000020980835,6.545000076293945,3486.0,6.21999979019165,1306783.3333333333,6.5465854990355625,6.532626570926722,6.527226534142875,6.525759401608322,0.0068128894281498376,0.007207882531869341,0.019999980926513672,0.005357095173427037,46.66687859617891,40.0,7.692533415496574,3.6783283200326187,0.002297069832105869,0.003065131131678056
2025-04-23 16:48:00+00:00,6.539999961853027,6.539999961853027,6.530900001525879,6.530900001525879,2018.0,6.21999979019165,1306783.3333333333,6.546506486062794,6.532281257046554,6.527576388179351,6.525810551856258,0.00627261052826622,0.007020828131148717,0.014100074768066406,0.006364243371146066,39.28179604506168,34.679831955259424,6.22209680103618,3.702591024490276,0.00013779352046228155,0.00013779352046228155
2025-04-23 16:49:00+00:00,6.539999961853027,6.539999961853027,6.530900001525879,6.530900001525879,0.0,6.21999979019165,1306783.3333333333,6.546506486062794,6.53200500594242,6.527892922783781,6.525861193146504,0.005777832352822365,0.0067722289754834466,0.009099960327148438,0.006657123565673828,32.189159597654694,33.1540925230489,1.4767139590967429,3.8080327490429475,0.00013779352046228155,0.00013779352046228155
2025-04-23 16:50:00+00:00,6.53000020980835,6.53000020980835,6.53000020980835,6.53000020980835,915.0,6.21999979019165,1306783.3333333333,6.546459878740002,6.531604046715606,6.528093616786121,6.525902377391896,0.005252563134163779,0.006468295807219513,0.0008997917175292969,0.00600712639944894,29.726710891875037,37.811419175596754,11.970583543910601,4.287164772400203,0.0,0.0
2025-04-23 16:51:00+00:00,6.53000020980835,6.53000020980835,6.53000020980835,6.53000020980835,0.0,6.21999979019165,1306783.3333333333,6.546459878740002,6.531283279334155,6.528275197073952,6.525943151843801,0.004781169152204612,0.006130870476216533,0.0,0.00600712639944894,29.726710891875037,25.92107501275727,6.83879118863734,4.435507624262298,0.0007663010525422731,-0.0015290140830283017
2025-04-23 16:52:00+00:00,6.534999847412109,6.534999847412109,6.534999847412109,6.534999847412109,820.0,6.21999979019165,1306783.3333333333,6.546430952896091,6.532026592949746,6.528915639963301,6.526033268217615,0.004756188614477352,0.005855934103868698,0.004999637603759766,0.006007092339651925,35.6718017338648,25.92065499038947,15.831722360305625,4.916983026987495,-0.0015279188335011185,-0.0007645434969545395
2025-04-23 16:53:00+00:00,6.534999847412109,6.534999847412109,6.534999847412109,6.534999847412109,0.0,6.21999979019165,1306783.3333333333,6.546430952896091,6.532621243842219,6.529495088291759,6.526122487911093,0.004682415388456818,0.005621230360786322,0.0,0.005292790276663644,26.990225036519366,29.418843349614214,4.305368591571791,5.224509354956909,0.0006277612404526067,0.0
2025-04-23 16:54:00+00:00,6.534999847412109,6.534999847412109,6.534999847412109,6.534999847412109,0.0,6.21999979019165,1306783.3333333333,6.546430952896091,6.533096964556197,6.530019351065126,6.526210819846426,0.004571254993273932,0.005411235287283845,0.0,0.004221371241978237,33.84056801678231,28.425851218331452,8.696046544776019,5.845627153648162,0.0006277612404526067,-0.0015279188335011185
2025-04-23 16:55:00+00:00,6.534999847412109,6.534999847412109,6.534999847412109,6.534999847412109,0.0,6.21999979019165,1306783.3333333333,6.546430952896091,6.53347754112738,6.530493684050553,6.52629827285703,0.004432069441569375,0.005215402118140951,0.0,0.004221371241978237,33.84056801678231,28.425851218331452,8.696046544776019,6.466744952339416,0.0007656412623464615,0.0007656412623464615
2025-04-23 16:56:00+00:00,6.534999847412109,6.534999847412109,6.534999847412109,6.534999847412109,0.0,6.21999979019165,1306783.3333333333,6.546430952896091,6.533782002384326,6.53092284246594,6.526384855688424,0.004272513018534596,0.005026824298219681,0.0,0.004221371241978237,33.84056801678231,28.425851218331452,8.696046544776019,6.294257160171782,0.0007656412623464615,0.0007656412623464615
2025-04-23 16:57:00+00:00,6.539999961853027,6.550000190734863,6.539999961853027,6.550000190734863,2428.0,6.21999979019165,1306783.3333333333,6.546432702328257,6.537025640054434,6.532739732777267,6.526619834146598,0.005295423402092325,0.00508054411899421,0.015000343322753906,0.005292824336460659,47.233555129409645,29.41929754565696,23.24017562564537,7.404859462826792,0.002295385412854234,0.003062784116985684
2025-04-23 16:58:00+00:00,6.550000190734863,6.559999942779541,6.550000190734863,6.559999942779541,1932.0,6.21999979019165,1306783.3333333333,6.546492757268785,6.541620500599456,6.535335943253673,6.526951974531006,0.006834203228646807,0.00543127594092473,0.009999752044677734,0.006007092339651925,53.507702600797195,37.81220055678719,17.18738358375761,8.632461598825664,0.0038255693880897557,0.004594139664211738
2025-04-23 16:59:00+00:00,6.559999942779541,6.565000057220459,6.559999942779541,6.565000057220459,502.0,6.21999979019165,1306783.3333333333,6.546518395974896,6.546296411923657,6.538161096964796,6.527330562418463,0.008360786829027411,0.006017178118545267,0.005000114440917969,0.006364243371146066,56.116775039469104,46.91338203419764,8.932717630131364,9.270444738136947,0.004590697859041315,0.005359853949091553
2025-04-23 17:00:00+00:00,6.559999942779541,6.559999942779541,6.539999961853027,6.550000190734863,6565.0,6.21999979019165,1306783.3333333333,6.546586361895565,6.5470371676858985,6.539288629704803,6.5275561308594225,0.008264977943534646,0.006466738083543143,0.02500009536743164,0.0074356964656284875,43.227842592974305,54.56248597197602,11.590761116497807,10.09835624645822,0.002295385412854234,0.003062784116985684
2025-04-23 17:01:00+00:00,6.559999942779541,6.565000057220459,6.559999942779541,6.565000057220459,502.0,6.21999979019165,1306783.3333333333,6.546611323116807,6.55062974559281,6.5417373370872465,6.5279287072411245,0.009292296764935593,0.007031849819821634,0.014999866485595703,0.007078545434134347,40.36337915670245,72.45160638415605,28.443231254798256,11.58054894926548,0.004590697859041315,0.006130262263356334
2025-04-23 17:02:00+00:00,6.559999942779541,6.570000171661377,6.559999942779541,6.570000171661377,2776.0,6.21999979019165,1306783.3333333333,6.546775273368102,6.554503830806524,6.5444290356181165,6.528347328777645,0.010390150591634395,0.007703509974184187,0.010000228881835938,0.006785699299403599,47.36860597603763,74.63120328867785,22.346426176360467,12.732286761788645,0.0030534321136057585,0.003819724228572907
2025-04-23 17:03:00+00:00,6.570000171661377,6.570000171661377,6.570000171661377,6.570000171661377,186.0,6.21999979019165,1306783.3333333333,6.546787987578797,6.557603098977496,6.546864381907951,6.528761784925742,0.011131886204100994,0.008389185220167548,0.0,0.006135702133178711,52.38668850092981,94.17913347581116,28.514454742056806,14.663553960571507,0.0015244251477231074,0.0059869497506259695
2025-04-23 17:04:00+00:00,6.570000171661377,6.576600074768066,6.570000171661377,6.574999809265137,1437.0,6.21999979019165,1306783.3333333333,6.546902032052661,6.561082441035024,6.549543946418159,6.529221864769916,0.011984990481927582,0.009108346272519555,0.006599903106689453,0.006542852946690151,56.33189136851311,87.33621726297378,21.58052068047176,15.349978041754445,0.0015231914634454835,0.006752485527102614
2025-04-23 17:05:00+00:00,6.579999923706055,6.579999923706055,6.579999923706055,6.579999923706055,397.0,6.21999979019165,1306783.3333333333,6.546940497918932,6.56486593756923,6.552444515683673,6.529727119087688,0.012915665464321435,0.009869810110879932,0.005000114440917969,0.006900003978184291,56.93560727595824,93.16731248611694,24.137908354873296,16.585629267914157,0.00458011177062656,0.007656923781197422
2025-04-23 17:06:00+00:00,6.574999809265137,6.579999923706055,6.574999809265137,6.574999809265137,1470.0,6.21999979019165,1306783.3333333333,6.547067869879461,6.566892711908412,6.554592638881908,6.530177593616818,0.013098770176445562,0.010515602123993058,0.005000114440917969,0.006900038037981305,51.759746478038956,93.16734621345996,28.571331257961457,17.495601332032432,0.0015231914634454835,0.006891209496317607
2025-04-23 17:07:00+00:00,6.574999809265137,6.579999923706055,6.574999809265137,6.574999809265137,0.0,6.21999979019165,1306783.3333333333,6.547067869879461,6.568514131379758,6.556536178918406,6.530623585812324,0.013092954550030456,0.011031072609200538,0.005000114440917969,0.007257189069475446,49.21247277915447,88.58226327250883,28.571331257961457,19.228884379631694,0.0007609798284822222,0.006120881834276837
2025-04-23 17:08:00+00:00,6.579999923706055,6.579999923706055,6.579999923706055,6.579999923706055,799.0,6.21999979019165,1306783.3333333333,6.547144389903213,6.570811289845018,6.5587708212791345,6.531114892657039,0.013338060216359082,0.011492470130632247,0.005000114440917969,0.007614340100969587,46.90415909965199,89.11781282709633,31.034437399700085,20.824483726411984,0.0015220322349167592,0.006886010305228396
2025-04-23 17:09:00+00:00,6.574999809265137,6.574999809265137,6.570000171661377,6.570000171661377,1521.0,6.21999979019165,1306783.3333333333,6.547252379932743,6.570649066208291,6.559840283220301,6.531501810856088,0.012580392866285095,0.011710054677762817,0.009999752044677734,0.008328608104160853,42.8816214027784,90.05107778627485,35.483712187633635,22.73788841518753,-0.0007604011785239395,0.005355826329992652
2025-04-23 17:10:00+00:00,6.574999809265137,6.574999809265137,6.570000171661377,6.570000171661377,0.0,6.21999979019165,1306783.3333333333,6.547252379932743,6.570519287298909,6.56080789164326,6.531884879122807,0.011843412545101017,0.011736726251230458,0.004999637603759766,0.00868572507585798,41.11852682597818,86.34859262628719,35.48371218763363,24.65129310396307,-0.0015197191733469229,0.005355826329992652
2025-04-23 17:11:00+00:00,6.565000057220459,6.565000057220459,6.565000057220459,6.565000057220459,541.0,6.21999979019165,1306783.3333333333,6.547280135609234,6.569415441283219,6.561207145507756,6.5322143833824855,0.010732169118172763,0.01153581482461892,0.005000114440917969,0.007971423012869698,31.361892309927278,94.08610420351903,50.000170299147484,26.56272129492751,-0.0015208748798116734,0.004590697859041315
2025-04-23 17:12:00+00:00,6.565000057220459,6.574999809265137,6.565000057220459,6.574999809265137,3894.0,6.21999979019165,1306783.3333333333,6.547551589261687,6.570532314879603,6.562520732532268,6.532640109013159,0.010536933899863321,0.011336038639667801,0.009999752044677734,0.007971423012869698,31.361892309927278,85.12531938711855,46.1539307997315,28.631760381782783,0.0,0.003816735542334193
2025-04-23 17:13:00+00:00,6.565000057220459,6.574999809265137,6.565000057220459,6.574999809265137,0.0,6.21999979019165,1306783.3333333333,6.547551589261687,6.5714258137567105,6.563709216030636,6.5330615985679055,0.010263892815434161,0.011121609474821074,0.009999752044677734,0.008328539984566825,25.72885611813828,72.89910725604943,47.82644751463686,31.409883944961752,-0.0007598958205005113,0.002286565032993071
2025-04-23 17:14:00+00:00,6.565000057220459,6.574999809265137,6.565000057220459,6.574999809265137,0.0,6.21999979019165,1306783.3333333333,6.547551589261687,6.572140612858396,6.564784510624398,6.533478894196734,0.009933004298397385,0.010883888439536336,0.009999752044677734,0.007257086890084403,29.527523947641374,63.976927661931114,36.842527945228866,33.213581575585394,0.0007609798284822222,0.0015231914634454835
2025-04-23 17:15:00+00:00,6.579999923706055,6.579999923706055,6.579999923706055,6.579999923706055,500.0,6.21999979019165,1306783.3333333333,6.547597901285796,6.5737124750279285,6.5662335975845565,6.533941790012747,0.00995943405613886,0.010698997562856841,0.005000114440917969,0.006542818886893136,32.750991681329324,65.50250393028558,33.33368654731566,33.56289981076521,0.0015220322349167592,0.00458011177062656
2025-04-23 17:16:00+00:00,6.590000152587891,6.590000152587891,6.590000152587891,6.590000152587891,1551.0,6.21999979019165,1306783.3333333333,6.547784803107953,6.576970010539921,6.568497079013445,6.5344995846652365,0.010664382363390956,0.010692074522963665,0.010000228881835938,0.006542818886893136,38.209663817426524,76.41984820247998,33.333636087029575,34.347700518670145,0.0038080876084587434,0.0038080876084587434
2025-04-23 17:17:00+00:00,6.590000152587891,6.599999904632568,6.590000152587891,6.599999904632568,2519.0,6.21999979019165,1306783.3333333333,6.5481322517942235,6.581575989358451,6.571497348120029,6.535151329142524,0.011892861885590023,0.010932231995488937,0.009999752044677734,0.007257086890084403,44.29128592146206,59.05551722681385,14.286103542234331,33.33138971868283,0.003802295983674764,0.004566169282702592
2025-04-23 17:18:00+00:00,6.59499979019165,6.59499979019165,6.59499979019165,6.59499979019165,444.0,6.21999979019165,1306783.3333333333,6.548190896149374,6.584260749525091,6.573735675936373,6.53574683621764,0.01232094512409887,0.011209974621210924,0.005000114440917969,0.007142816271100726,38.39991607617994,64.99995231601133,25.72540628285772,33.627452975996114,0.003041822282387141,0.0038051168762680554
2025-04-23 17:19:00+00:00,6.599999904632568,6.599999904632568,6.599999904632568,6.599999904632568,2038.0,6.21999979019165,1306783.3333333333,6.548486760974001,6.587408580546587,6.5762370310502964,6.536386170231719,0.012914797871788508,0.01155093927132644,0.005000114440917969,0.007142816271100726,40.00019073595468,60.00028610393202,19.999999999999996,33.33188809350516,0.003802295983674764,0.003802295983674764
2025-04-23 17:20:00+00:00,6.599999904632568,6.599999904632568,6.599999904632568,6.599999904632568,0.0,6.21999979019165,1306783.3333333333,6.548486760974001,6.589926845363784,6.578500161867656,6.53701914271332,0.013232889934830183,0.01188732940402719,0.0,0.006785665239606585,42.10552733551509,57.89497460196358,15.789368013692785,32.41889071891454,0.0030395108143479455,0.0030395108143479455
2025-04-23 17:21:00+00:00,6.590000152587891,6.590000152587891,6.590000152587891,6.590000152587891,2586.0,6.21999979019165,1306783.3333333333,6.548785412651689,6.589941506808605,6.579595399079107,6.537546316940928,0.01253360418083016,0.012016584359387785,0.009999752044677734,0.007142782211303711,40.00038147372838,65.00026226318826,23.809264305177113,32.07874307942995,0.0,0.0022814211038630905
2025-04-23 17:22:00+00:00,6.590000152587891,6.590000152587891,6.590000152587891,6.590000152587891,0.0,6.21999979019165,1306783.3333333333,6.548785412651689,6.589953235964463,6.580586327984705,6.538068245653832,0.01184289763076496,0.01198184701366322,0.0,0.00678563117980957,42.10573867999819,63.1581060799992,19.999618528090643,31.29054173145784,-0.0015151139680561476,0.0022814211038630905
2025-04-23 17:23:00+00:00,6.590000152587891,6.590000152587891,6.590000152587891,6.590000152587891,0.0,6.21999979019165,1306783.3333333333,6.548785412651689,6.589962619289149,6.581482882708818,6.538584981046211,0.011166783978938888,0.011818834406718355,0.0,0.006071363176618304,47.05928552194597,58.82382640696526,11.110875635122888,29.549624834849933,-0.0007580951876898778,0.0015197916410010226
2025-04-23 17:24:00+00:00,6.590000152587891,6.590000152587891,6.590000152587891,6.590000152587891,1483.0,6.21999979019165,1306783.3333333333,6.548954750441832,6.589970125948898,6.58229405126873,6.539096574792894,0.010509808508373908,0.011557029227049468,0.0,0.005714246204921177,50.000298025284465,62.50007450632112,11.110875635122893,27.808707938242026,-0.0015151139680561476,0.003044137047785833
2025-04-23 17:25:00+00:00,6.590000152587891,6.590000152587891,6.590000152587891,6.590000152587891,0.0,6.21999979019165,1306783.3333333333,6.548954750441832,6.589976131276697,6.5830279656800785,6.539603078054536,0.009875314239317312,0.011220686229503037,0.0,0.005357095173427037,53.33375719235782,60.0,5.8819569497972015,24.657406984717003,-0.0015151139680561476,0.003044137047785833
2025-04-23 17:26:00+00:00,6.585000038146973,6.590000152587891,6.585000038146973,6.590000152587891,2654.0,6.21999979019165,1306783.3333333333,6.549242186188784,6.589980935538937,6.583691983480822,6.540104541482728,0.009265664151146602,0.01082968181383175,0.005000114440917969,0.004999978201729911,42.857629427792915,71.42847411444141,24.99940395298381,23.146369352806456,0.0,0.0038080876084587434
2025-04-23 17:27:00+00:00,6.590000152587891,6.590000152587891,6.590000152587891,6.590000152587891,444.0,6.21999979019165,1306783.3333333333,6.549291896214224,6.589984778948728,6.584292761491019,6.540601015225068,0.008682426456413594,0.010400230742348119,0.0,0.004285710198538644,50.00039736467746,91.66646798432794,29.411302718531562,21.83100186737036,0.0,0.0022814211038630905
2025-04-23 17:28:00+00:00,6.590000152587891,6.590000152587891,6.590000152587891,6.590000152587891,1649.0,6.21999979019165,1306783.3333333333,6.549475460794047,6.589987853676561,6.584836322547864,6.541092548930171,0.008126528815737721,0.009945490357026038,0.0,0.0035714421953473774,60.000190734135685,109.99923706345724,29.411302718531562,21.300200065463407,0.0,0.0022814211038630905
2025-04-23 17:29:00+00:00,6.585000038146973,6.590000152587891,6.585000038146973,6.590000152587891,2758.0,6.21999979019165,1306783.3333333333,6.549766329620103,6.589990313458828,6.58532811588501,6.541579191752636,0.007598386461182827,0.009476069577857396,0.005000114440917969,0.0035714421953473774,50.0,89.99980926586431,28.57133125796146,20.96003183050954,0.0,0.0022814211038630905
2025-04-23 17:30:00+00:00,6.585000038146973,6.590000152587891,6.585000038146973,6.590000152587891,0.0,6.21999979019165,1306783.3333333333,6.549766329620103,6.589992281284641,6.585773071761475,6.542060992357961,0.007098008417457891,0.009000457345777495,0.005000114440917969,0.0032142911638532367,33.3329801212224,77.77730682829653,40.00019073595468,21.436214305432763,0.0,0.0015197916410010226
2025-04-23 17:31:00+00:00,6.585000038146973,6.590000152587891,6.585000038146973,6.590000152587891,0.0,6.21999979019165,1306783.3333333333,6.549766329620103,6.589993855545292,6.5861756508877995,6.542537998927413,0.006625085352801818,0.00852538294718236,0.005000114440917969,0.0028571741921561106,12.500149009977708,87.49865891020063,74.99940395298381,25.772878620486296,0.0,0.0
2025-04-23 17:32:00+00:00,6.579999923706055,6.579999923706055,6.579999923706055,6.579999923706055,1193.0,6.21999979019165,1306783.3333333333,6.549863906945582,6.587995069177445,6.5855874863943,6.542910754397847,0.005381322979915559,0.007896570953729,0.010000228881835938,0.003214325223650251,11.111228847233848,77.77754230553231,74.99970198004459,29.292471170285356,-0.0015174853794061027,-0.0030303001841675004
2025-04-23 17:33:00+00:00,6.570099830627441,6.570099830627441,6.570099830627441,6.570099830627441,3996.0,6.21999979019165,1306783.3333333333,6.550080326985922,6.584416021467445,6.5841124715593615,6.543181292469784,0.0035557886475379163,0.0070284144924907845,0.009900093078613281,0.003564323697771345,0.0,79.95967472216648,100.0,35.00675688457107,-0.0030197756448662183,-0.0037755815551717697
2025-04-23 17:34:00+00:00,6.565000057220459,6.565000057220459,6.559999942779541,6.559999942779541,1439.0,6.21999979019165,1306783.3333333333,6.550124778432836,6.5795328057298645,6.581816040246998,6.54334864222411,0.0012793158391763981,0.005878594761827908,0.01009988784790039,0.004285744258335659,0.0,83.33306842565366,99.99999999999999,41.02180202645015,-0.004552383780532798,-0.006060600368335001
2025-04-23 17:35:00+00:00,6.565000057220459,6.565000057220459,6.559999942779541,6.559999942779541,1751.0,6.21999979019165,1306783.3333333333,6.550178409832041,6.5756262331398005,6.579738316678668,6.5435143268067515,-0.0005188245757992149,0.004599110894302484,0.005000114440917969,0.003928627286638532,0.0,72.72703628245698,100.0,46.46399743322322,-0.004552383780532798,-0.006060600368335001
2025-04-23 17:36:00+00:00,6.565000057220459,6.570000171661377,6.559999942779541,6.570000171661377,2822.0,6.21999979019165,1306783.3333333333,6.550300970427101,6.574501020844116,6.578810874296069,6.543777867551574,-0.0011239724593421485,0.0034544942235735575,0.010000228881835938,0.004642929349626813,7.692364121863011,61.538179390684945,77.77754230553231,50.590991988754766,-0.0030348984011266955,-0.0030348984011266955
2025-04-23 17:37:00+00:00,6.570000171661377,6.574999809265137,6.570000171661377,6.574999809265137,2203.0,6.21999979019165,1306783.3333333333,6.550433849156384,6.574600778528321,6.578447915721695,6.544088533638277,-0.0011864508788050898,0.002526305203097828,0.004999637603759766,0.00500004632132394,14.285227721693165,71.4288633669841,66.66772629738537,54.55933846463066,-0.0007598958205005113,-0.0022762280691090986
2025-04-23 17:38:00+00:00,6.570000171661377,6.574999809265137,6.570000171661377,6.574999809265137,0.0,6.21999979019165,1306783.3333333333,6.550433849156384,6.574680584675685,6.578119524630593,6.544396108520137,-0.0012218803997088301,0.0017766680825364966,0.004999637603759766,0.005357163293021066,13.332951865061958,66.66730244711896,66.66772629738536,58.52768494050655,0.0007457997235982283,-0.0022762280691090986
2025-04-23 17:39:00+00:00,6.570000171661377,6.579999923706055,6.570000171661377,6.579999923706055,1631.0,6.21999979019165,1306783.3333333333,6.550545420266858,6.575744452481759,6.578298610256828,6.544750375337908,-0.0008368444803465991,0.0012539655699598776,0.009999752044677734,0.006071431296212333,17.646893828046988,58.82428839098385,53.846943865723766,61.9537554345013,0.0030487776068546246,-0.0015174853794061027
2025-04-23 17:40:00+00:00,6.579999923706055,6.579999923706055,6.574999809265137,6.574999809265137,1582.0,6.21999979019165,1306783.3333333333,6.550652735819024,6.575595523838436,6.57798443873381,6.545051364730219,-0.00092451100057378,0.0008182702558531462,0.005000114440917969,0.006071431296212333,17.646893828046988,58.823727406343615,53.84660528921982,64.01426981566102,0.002286565032993071,-0.0022762280691090986
2025-04-23 17:41:00+00:00,6.579999923706055,6.579999923706055,6.574999809265137,6.574999809265137,0.0,6.21999979019165,1306783.3333333333,6.550652735819024,6.575476380923776,6.577700188308222,6.545349359203204,-0.00098265985829471,0.00045808423302357503,0.005000114440917969,0.0064285823277064735,16.6664900606112,50.0,50.00039736467747,65.48491943324287,0.0007609798284822222,-0.0022762280691090986
2025-04-23 17:42:00+00:00,6.579999923706055,6.579999923706055,6.574999809265137,6.574999809265137,0.0,6.21999979019165,1306783.3333333333,6.550652735819024,6.575381066592049,6.577443009351737,6.545644388557054,-0.0010170196772127937,0.0001630634509763013,0.005000114440917969,0.006785733359200614,15.78928876173267,47.36836821763791,50.00039736467746,66.95556905082472,0.0,-0.0022762280691090986
2025-04-23 17:43:00+00:00,6.574999809265137,6.574999809265137,6.570000171661377,6.570000171661377,524.0,6.21999979019165,1306783.3333333333,6.550681292904052,6.574304887605916,6.576734167666941,6.5458867346575955,-0.001431181285186156,-0.00015578549625619017,0.004999637603759766,0.006785699299403599,15.789368013692785,47.368104041078354,49.99999999999999,68.48618824668462,-0.0007604011785239395,-0.0030348984011266955
2025-04-23 17:44:00+00:00,6.579999923706055,6.590000152587891,6.579999923706055,6.590000152587891,1707.0,6.21999979019165,1306783.3333333333,6.5508398977041065,6.577443940602311,6.5779975948022695,6.546325674139489,-0.00014391704333327482,-0.0001534118056716071,0.019999980926513672,0.007857118334089006,27.27300312979548,49.99956651032139,29.410906724560604,67.72981081729932,0.0015197916410010226,0.0
2025-04-23 17:45:00+00:00,6.590000152587891,6.590000152587891,6.590000152587891,6.590000152587891,3967.0,6.21999979019165,1306783.3333333333,6.551236940956549,6.579955182999428,6.5791406955437575,6.546760246064348,0.0008662633973584022,5.052323493439479e-05,0.0,0.0074999673025948664,28.571752951861942,61.904632152588555,36.84152407531032,65.00424796889408,0.0022814211038630905,0.0
2025-04-23 17:46:00+00:00,6.590000152587891,6.590000152587891,6.590000152587891,6.590000152587891,0.0,6.21999979019165,1306783.3333333333,6.551236940956549,6.581964176917121,6.580174929547961,6.5471904938904535,0.0016478433620328303,0.00036998726035408194,0.0,0.006785665239606585,31.57939647037565,63.15778906579396,33.33262690536867,62.028028320702944,0.0022814211038630905,0.0
2025-04-23 17:47:00+00:00,6.590000152587891,6.590000152587891,6.590000152587891,6.590000152587891,0.0,6.21999979019165,1306783.3333333333,6.551236940956549,6.583571372051275,6.581110665075573,6.5476164606436615,0.0022414134954722442,0.0007442725073777145,0.0,0.006078515733991351,35.25321349724877,58.87171786222586,25.092718819390292,56.677508236373676,0.0022814211038630905,0.0015197916410010226
2025-04-23 17:48:00+00:00,6.579999923706055,6.579999923706055,6.579999923706055,6.579999923706055,1199.0,6.21999979019165,1306783.3333333333,6.551324813740269,6.582857082382231,6.581004880183238,6.547938684156721,0.0018831790909779045,0.0009720538240977526,0.010000228881835938,0.006071397236415318,35.2945466377197,58.8234964124831,24.999403952983812,51.32032280444395,0.0015220322349167592,0.001506840585962177
2025-04-23 17:49:00+00:00,6.570000171661377,6.574999809265137,6.570000171661377,6.574299812316895,6934.0,6.21999979019165,1306783.3333333333,6.55170285529702,6.581145628369165,6.580366302291205,6.5482009839394095,0.0011263406394217412,0.0010029111871625504,0.009999752044677734,0.006428514208112445,33.333863157113946,66.66666666666667,33.33262690536868,46.558367583398855,-0.002382449151359989,0.0021798581801961703
2025-04-23 17:50:00+00:00,6.579999923706055,6.579999923706055,6.579999923706055,6.579999923706055,1811.0,6.21999979019165,1306783.3333333333,6.551830584531952,6.580916487436543,6.5803314090926195,6.548517391300272,0.0009752499903088463,0.0009973789477918096,0.005700111389159268,0.006121362958635539,35.00645434110116,81.68024303932782,39.99923705618128,43.85991720844521,-0.0015174853794061027,0.0030487776068546246
2025-04-23 17:51:00+00:00,6.579999923706055,6.579999923706055,6.579999923706055,6.579999923706055,1619.0,6.21999979019165,1306783.3333333333,6.551943799783469,6.580733174690446,6.5802998390558045,6.548830650329186,0.0008457601656148839,0.0009670551913564245,0.0,0.005764245986938413,30.979856888778933,74.34870213130625,41.17482062415502,42.03899537464304,-0.0015174853794061027,0.0015220322349167592
2025-04-23 17:52:00+00:00,6.590000152587891,6.590000152587891,6.590000152587891,6.590000152587891,997.0,6.21999979019165,1306783.3333333333,6.552037757011732,6.582586570269935,6.581223678439812,6.549240297117829,0.0015324087873755943,0.0010801259105602584,0.010000228881835938,0.006121431078229568,40.84105805503976,81.67933409746031,33.33181956485211,39.65785917946209,0.0,0.0022814211038630905
2025-04-23 17:53:00+00:00,6.59499979019165,6.599999904632568,6.59499979019165,6.599999904632568,1527.0,6.21999979019165,1306783.3333333333,6.552212156831065,6.586069237142462,6.58301189045817,6.549745367839369,0.0028506190240866758,0.001434224533265542,0.009999752044677734,0.006121431078229568,46.674938517521596,87.51321455994216,30.433592761982165,37.98547695776626,0.0030395108143479455,0.003802295983674764
2025-04-23 17:54:00+00:00,6.610000133514404,6.614999771118164,6.610000133514404,6.614999771118164,1195.0,6.21999979019165,1306783.3333333333,6.552391815902268,6.591855343937603,6.5860583552829315,6.550394665384432,0.005047489681055062,0.002156877562823446,0.014999866485595703,0.006835699081420835,57.47171108686282,88.818965903826,21.428060531128985,35.669866617902635,0.006190767072261849,0.005319125808195491
2025-04-23 17:55:00+00:00,6.619999885559082,6.619999885559082,6.619999885559082,6.619999885559082,334.0,6.21999979019165,1306783.3333333333,6.552447314071913,6.597484252261898,6.589290881975898,6.551087254639901,0.007110032918342668,0.0031475086339272903,0.005000114440917969,0.006835699081420835,62.69650268813244,99.26805084281372,22.57997034375404,33.711264687836675,0.006079021628696113,0.006844118266061905
2025-04-23 17:56:00+00:00,6.619999885559082,6.619999885559082,6.619999885559082,6.619999885559082,2609.0,6.21999979019165,1306783.3333333333,6.552877715521061,6.601987378921335,6.59221554898382,6.551772952459992,0.008644959580966116,0.004246998823335056,0.0,0.0064785480499266945,66.15285130723315,104.7405249959266,22.579970343754034,31.752662757770715,0.006079021628696113,0.006844118266061905
2025-04-23 17:57:00+00:00,6.619999885559082,6.619999885559082,6.619999885559082,6.619999885559082,0.0,6.21999979019165,1306783.3333333333,6.552877715521061,6.605589880248884,6.594861676276702,6.552451827416202,0.009749019392640612,0.005347402937196167,0.0,0.006121431078229568,70.01212957502048,105.01708155748304,19.999491374021293,29.60976928448652,0.004552311422847399,0.006844118266061905
2025-04-23 17:58:00+00:00,6.619999885559082,6.619999885559082,6.619999885559082,6.619999885559082,0.0,6.21999979019165,1306783.3333333333,6.552877715521061,6.6084718813109244,6.597255791446452,6.553123947397723,0.010502923582497381,0.00637850706625641,0.0,0.00469286101205002,68.49321033799617,121.76538469912998,27.9998779296875,29.508981513424153,0.0030303001841676114,0.0076103063304884255
2025-04-23 17:59:00+00:00,6.614999771118164,6.614999771118164,6.614999771118164,6.614999771118164,1253.0,6.21999979019165,1306783.3333333333,6.553067223620216,6.609777459272372,6.59894569427233,6.553739627235737,0.010575028293422939,0.007217811311689717,0.005000114440917969,0.005050012043544161,63.6491781828981,106.0815140049518,24.999801317661273,28.663144173592084,0.0,0.0037935687331442924
2025-04-23 18:00:00+00:00,6.614999771118164,6.614999771118164,6.614999771118164,6.614999771118164,0.0,6.21999979019165,1306783.3333333333,6.553067223620216,6.610821921641531,6.600474653971934,6.554349180906209,0.010511007445362708,0.007876450538424316,0.0,0.005050012043544161,63.6491781828981,106.0815140049518,24.999801317661273,28.067942345898697,-0.0007553043092681788,0.0037935687331442924
2025-04-23 18:01:00+00:00,6.619999885559082,6.619999885559082,6.619999885559082,6.619999885559082,336.0,6.21999979019165,1306783.3333333333,6.553121931910154,6.612657514425042,6.602334199837376,6.555002421748527,0.010739934628689163,0.008449147356477286,0.005000114440917969,0.0054071630750383015,66.05020314320886,105.67982110799784,23.07669735539009,27.923940812755824,0.0,0.004552311422847399
2025-04-23 18:02:00+00:00,6.619999885559082,6.619999885559082,6.619999885559082,6.619999885559082,1133.0,6.21999979019165,1306783.3333333333,6.553305752141745,6.61412598865185,6.604016646096586,6.555649162681965,0.010796901115583957,0.00891869810829862,0.0,0.00469286101205002,76.10372832642737,106.54434872226761,16.666269301989207,27.328716909113353,0.0,0.004552311422847399
2025-04-23 18:03:00+00:00,6.625,6.625,6.619999885559082,6.619999885559082,3922.0,6.21999979019165,1306783.3333333333,6.553950044249176,6.615300768033297,6.605538859378728,6.556289468382234,0.0107184913703815,0.009278656760715195,0.005000114440917969,0.0043357440403528945,90.60943612625626,98.8460148627644,4.347501585998429,25.25835081487262,0.0,0.006079021628696113
2025-04-23 18:04:00+00:00,6.619999885559082,6.630000114440918,6.619999885559082,6.630000114440918,3034.0,6.21999979019165,1306783.3333333333,6.5544763794524545,6.6182406373148215,6.607868502717984,6.5570229076465,0.01133265024012342,0.00968945545659684,0.010000228881835938,0.004642895289829799,84.61515889550749,76.92273834326124,4.761991262568004,22.741404686757388,0.002267625675248963,0.008472431089873389
2025-04-23 18:05:00+00:00,6.619999885559082,6.630000114440918,6.619999885559082,6.630000114440918,0.0,6.21999979019165,1306783.3333333333,6.5544763794524545,6.620592532740041,6.609976275263026,6.557749049007639,0.011684681830488763,0.010088500731375225,0.010000228881835938,0.0053571973528180805,73.33299425258126,66.66624281572656,4.761991262568012,20.140488303786885,0.002267625675248963,0.0075988132696971356
2025-04-23 18:06:00+00:00,6.619999885559082,6.630000114440918,6.619999885559082,6.630000114440918,0.0,6.21999979019165,1306783.3333333333,6.5544763794524545,6.622474049080217,6.611883307565683,6.5584679650816025,0.011827331289258503,0.01043626684295188,0.010000228881835938,0.0053571973528180805,59.99949137887188,53.33273994201719,5.8824849375624115,18.179821544694764,0.0015106086185363576,0.0075988132696971356
2025-04-23 18:07:00+00:00,6.630000114440918,6.630000114440918,6.625,6.630000114440918,2749.0,6.21999979019165,1306783.3333333333,6.554957596035734,6.623979262152357,6.613608717744277,6.559179727761795,0.011804309283575343,0.010709875331076573,0.005000114440917969,0.005000080381120954,49.9996594075053,57.14256520643311,6.666751436854685,16.482190021471375,0.0015106086185363576,0.006069796802253391
2025-04-23 18:08:00+00:00,6.630000114440918,6.630000114440918,6.625,6.630000114440918,0.0,6.21999979019165,1306783.3333333333,6.554957596035734,6.625183432610069,6.6151698031439565,6.559884408226265,0.011651750056517862,0.010898250276164832,0.005000114440917969,0.0042858123779296875,33.333333333333336,41.66587195625914,11.110169222129205,15.745197785114247,0.0015106086185363576,0.004545486400278964
2025-04-23 18:09:00+00:00,6.630000114440918,6.630000114440918,6.625,6.630000114440918,0.0,6.21999979019165,1306783.3333333333,6.554957596035734,6.626146768976239,6.616582213743667,6.560582076944819,0.011399440120145599,0.010998488244960986,0.005000114440917969,0.0042858123779296875,25.0,25.0,0.0,14.132342760560388,0.0,0.002267625675248963
2025-04-23 18:10:00+00:00,6.630000114440918,6.630000114440918,6.630000114440918,6.630000114440918,628.0,6.21999979019165,1306783.3333333333,6.55506912690958,6.626917438069175,6.617860109048167,6.561272803686074,0.011071853245550045,0.011013161245078798,0.0,0.0042858123779296875,25.0,33.333333333333336,14.28571428571429,13.539895899271832,0.0,0.0015106086185363576
2025-04-23 18:11:00+00:00,6.630000114440918,6.630000114440918,6.630000114440918,6.630000114440918,1682.0,6.21999979019165,1306783.3333333333,6.555366218367972,6.627533973343524,6.619016300037953,6.561956657524431,0.010689021896558515,0.010948333375374743,0.0,0.0042858123779296875,25.0,33.333333333333336,14.28571428571429,13.131768964392762,0.0,0.0015106086185363576
2025-04-23 18:12:00+00:00,6.635000228881836,6.635000228881836,6.635000228881836,6.635000228881836,2364.0,6.21999979019165,1306783.3333333333,6.555807519853836,6.629027224451187,6.620538578975466,6.56268345922948,0.010666140118172684,0.010891894723934332,0.005000114440917969,0.004642963409423828,30.76923076923077,38.46153846153846,11.111111111111107,11.925428477351591,0.0007541650610272121,0.0022659129278046475
2025-04-23 18:13:00+00:00,6.635000228881836,6.635000228881836,6.635000228881836,6.635000228881836,1105.0,6.21999979019165,1306783.3333333333,6.556012123469674,6.630221825337317,6.621915878966548,6.563403029076768,0.010526661344586685,0.010818848048064803,0.0,0.0042858123779296875,33.333333333333336,33.333333333333336,0.0,10.13972838323293,0.0007541650610272121,0.0022659129278046475
2025-04-23 18:14:00+00:00,6.630000114440918,6.630000114440918,6.614999771118164,6.625,4287.0,6.21999979019165,1306783.3333333333,6.556680220434708,6.6291774602698545,6.622209604779258,6.564015934260084,0.009499682094427087,0.01055501485733726,0.020000457763671875,0.00571441650390625,25.0,50.0,33.333333333333336,10.734980670066648,-0.0007541650610272121,0.0015117504501660495
2025-04-23 18:15:00+00:00,6.625,6.635000228881836,6.625,6.635000228881836,1171.0,6.21999979019165,1306783.3333333333,6.556882941660737,6.6303420139922515,6.623427759455693,6.564722245649355,0.00938454929249044,0.010320921744367896,0.010000228881835938,0.006071567535400391,23.529411764705884,52.94117647058823,38.46153846153845,11.833897891934388,0.0007541650610272121,0.003023500900332099
2025-04-23 18:16:00+00:00,6.639999866485596,6.639999866485596,6.639999866485596,6.639999866485596,1336.0,6.21999979019165,1306783.3333333333,6.557138515936647,6.632273584490921,6.625006055363302,6.565471276702452,0.009586230589362366,0.01017398351336679,0.004999637603759766,0.006428684507097516,27.777395137406156,66.66649006341822,41.176932570402776,13.58465955396393,0.001508258200915824,0.0030211452072894662
2025-04-23 18:17:00+00:00,6.639999866485596,6.639999866485596,6.635000228881836,6.635000228881836,816.0,6.21999979019165,1306783.3333333333,6.557287595453747,6.632818913369105,6.6259578814126865,6.566163107072396,0.009236166718642913,0.009986420154422014,0.004999637603759766,0.006428650447300502,22.221927881915377,72.22192788191538,52.9415064597019,17.055659902085605,0.0,0.0022659129278046475
2025-04-23 18:18:00+00:00,6.630000114440918,6.630000114440918,6.630000114440918,6.630000114440918,902.0,6.21999979019165,1306783.3333333333,6.5574379522617,6.6322551535834675,6.626342855986804,6.566798301175566,0.008457775164032455,0.009680691156344103,0.005000114440917969,0.006071499415806362,17.646695837540673,82.3527431841131,64.70641033552303,21.33740412158239,-0.0007535967247073172,0.0015106086185363576
2025-04-23 18:19:00+00:00,6.62559986114502,6.62559986114502,6.625,6.625,798.0,6.21999979019165,1306783.3333333333,6.557561690152936,6.630804122866775,6.626214964940441,6.567377422556904,0.007352669800728684,0.009215086885221019,0.005000114440917969,0.005714348384312221,18.74962747505573,93.74992549501114,66.66719648202601,25.75920449440082,0.0,-0.0007541650610272121
2025-04-23 18:20:00+00:00,6.630000114440918,6.630000114440918,6.624000072479248,6.630000114440918,3493.0,6.21999979019165,1306783.3333333333,6.558120242898195,6.630643321181604,6.626575455369059,6.5680005339189345,0.006801924929602521,0.00873245449409732,0.006000041961669922,0.0054286207471575055,25.526241490728825,100.0,59.329234767832745,29.576829482277272,-0.0007535967247073172,0.0
2025-04-23 18:21:00+00:00,6.635600090026856,6.635600090026856,6.635600090026856,6.635600090026856,3348.0,6.21999979019165,1306783.3333333333,6.55870468553863,6.6316346749506545,6.627434944384087,6.5686731663180185,0.006739636545350258,0.008333890904347907,0.005599975585938388,0.005471467971801821,32.63696519611772,107.83289654700165,53.5317187742354,32.92432714923304,-0.0006626169498807899,0.0008446418535863476
2025-04-23 18:22:00+00:00,6.635000228881836,6.635000228881836,6.630000114440918,6.630000114440918,2985.0,6.21999979019165,1306783.3333333333,6.559192100174458,6.631307762848707,6.627679246294262,6.569283384707301,0.00616730843065838,0.007900574409610003,0.005599975585938388,0.005514315196446137,32.3833700841865,114.24883107578054,55.83047948811985,36.11863502537523,-0.0007535967247073172,0.0
2025-04-23 18:23:00+00:00,6.635000228881836,6.635000228881836,6.630000114440918,6.630000114440918,0.0,6.21999979019165,1306783.3333333333,6.559192100174458,6.63104623316715,6.627900281355848,6.5698875312718155,0.005648620495437129,0.007450183626775428,0.005000114440917969,0.005514315196446137,32.3833700841865,114.24883107578054,55.83047948811985,40.10652641738379,0.0,0.0
2025-04-23 18:24:00+00:00,6.614999771118164,6.619999885559082,6.614999771118164,6.619999885559082,2795.0,6.21999979019165,1306783.3333333333,6.559559737544619,6.628836963645536,6.627147862708537,6.570386161662733,0.004380130259371562,0.006836172953294656,0.015000343322753906,0.006585768290928559,27.114848545968375,106.50758433794121,59.41572390090277,43.3300985327544,-0.0007547342552328695,-0.0015083301220545353
2025-04-23 18:25:00+00:00,6.614999771118164,6.619999885559082,6.614999771118164,6.619999885559082,0.0,6.21999979019165,1306783.3333333333,6.559559737544619,6.6270695480282455,6.626467102980017,6.570879830557224,0.0033363828634866977,0.0061362149353330646,0.005000114440917969,0.006942919322422699,25.72003237754129,101.02872280409133,59.41572390090278,46.553670648125,-0.0015083301220545353,-0.0015083301220545353
2025-04-23 18:26:00+00:00,6.614999771118164,6.614999771118164,6.614999771118164,6.614999771118164,1554.0,6.21999979019165,1306783.3333333333,6.559750689741466,6.62465559264623,6.625374976136031,6.571318834940914,0.0020817410695608274,0.0053253201621786175,0.005000114440917969,0.006942919322422699,20.575927788270125,95.88461821482016,64.66455208320227,50.3789164318458,-0.0031045148335044903,-0.0022624951830817475
2025-04-23 18:27:00+00:00,6.614999771118164,6.614999771118164,6.614999771118164,6.614999771118164,0.0,6.21999979019165,1306783.3333333333,6.559750689741466,6.622724428340617,6.624386861372425,6.571753471121783,0.00107503606213033,0.00447526334216896,0.0,0.006942919322422699,20.575927788270125,95.88461821482016,64.66455208320227,54.99781300921739,-0.0022624951830817475,-0.003014386898829491
2025-04-23 18:28:00+00:00,6.614999771118164,6.614999771118164,6.614999771118164,6.614999771118164,0.0,6.21999979019165,1306783.3333333333,6.559750689741466,6.621179496896127,6.623492852776781,6.572183782564533,0.000274055944490037,0.003635021862633176,0.0,0.005514315196446137,25.90657253506713,94.81843842842243,57.081681205393366,56.6941235715074,-0.0022624951830817475,-0.003014386898829491
2025-04-23 18:29:00+00:00,6.599999904632568,6.599999904632568,6.599999904632568,6.599999904632568,704.0,6.21999979019165,1306783.3333333333,6.559813394876596,6.616943578443415,6.621255429143999,6.572460559898544,-0.0015531862712530042,0.00259738023585594,0.014999866485595703,0.005871432168143263,18.248001577853955,95.13359553560045,67.81135203168071,58.790538826517555,-0.0030211452072894662,-0.00377359930074439
2025-04-23 18:30:00+00:00,6.610000133514404,6.610000133514404,6.605000019073486,6.610000133514404,2204.0,6.21999979019165,1306783.3333333333,6.560048895824757,6.615554889457613,6.620183496226895,6.572834087994225,-0.0021693471132842035,0.0016440347660279114,0.010000228881835938,0.006228617259434418,22.93613600695518,78.21056142787663,54.64778072119894,59.752742265860135,-0.0015105365887529976,-0.0037679117565976306
2025-04-23 18:31:00+00:00,6.610000133514404,6.610000133514404,6.610000133514404,6.610000133514404,1249.0,6.21999979019165,1306783.3333333333,6.560185913233565,6.6144439382689715,6.619213652159038,6.5732038993924355,-0.002627372307316911,0.000789753351358947,0.0,0.005871500287737292,24.331159941526728,82.96807202357509,54.64802590676467,59.8746365120789,-0.0007558031408539945,-0.004518032164821384
2025-04-23 18:32:00+00:00,6.619999885559082,6.619999885559082,6.619999885559082,6.619999885559082,2015.0,6.21999979019165,1306783.3333333333,6.5604494414443,6.615555127726994,6.61928853153047,6.573669531095586,-0.002158581372497359,0.00020008640658768576,0.009999752044677734,0.006228617259434418,34.403657182852974,83.94459542961542,41.8603039362012,58.2427717692702,0.0007558752250829137,-0.0022607901741220626
2025-04-23 18:33:00+00:00,6.610000133514404,6.614999771118164,6.610000133514404,6.614999771118164,752.0,6.21999979019165,1306783.3333333333,6.5605362527478945,6.615444056405228,6.61888007815787,6.574080777264965,-0.0021655653376839723,-0.00027304394226664583,0.009999752044677734,0.006585734231131545,32.53808996783106,84.8152132314156,44.54678465660788,56.662742353168916,0.0,-0.0022624951830817475
2025-04-23 18:34:00+00:00,6.610000133514404,6.610000133514404,6.610000133514404,6.610000133514404,708.0,6.21999979019165,1306783.3333333333,6.560612581238829,6.614355271827064,6.6180343691442065,6.57443818379481,-0.002545189787772628,-0.0007274731113678423,0.004999637603759766,0.006514276776995105,28.070166265816592,84.64916867091947,50.19458501672135,56.010267370946664,0.0015151862161113527,-0.002264130790278651
2025-04-23 18:35:00+00:00,6.610000133514404,6.610000133514404,6.610000133514404,6.610000133514404,410.0,6.21999979019165,1306783.3333333333,6.560656675155133,6.613484244164532,6.61726920384613,6.574792034040777,-0.0028136113394054973,-0.0011447007569753732,0.0,0.0061142785208566485,23.364491187414806,76.63550881258519,53.27101762517038,55.991645860299165,0.0,-0.0030165883229702484
2025-04-23 18:36:00+00:00,6.611000061035156,6.611000061035156,6.610000133514404,6.610000133514404,1275.0,6.21999979019165,1306783.3333333333,6.5607942175899465,6.612787422034507,6.616576911433585,6.575142363388773,-0.0029918491779845624,-0.0015141304411772111,0.0009999275207519531,0.005785703659057617,25.925860516044718,74.07413948395528,48.14827896791056,55.442917251712785,0.0,-0.0038579715722965036
2025-04-23 18:37:00+00:00,6.611000061035156,6.611000061035156,6.610000133514404,6.610000133514404,0.0,6.21999979019165,1306783.3333333333,6.5607942175899465,6.612229964330487,6.615950551631759,6.57548920687261,-0.0030973990608833546,-0.00183078416511844,0.0009999275207519531,0.0054999760219029015,27.272727272727273,77.92234332425068,48.14827896791056,54.89418864312641,-0.0015105365887529976,-0.0030165883229702484
2025-04-23 18:38:00+00:00,6.611000061035156,6.611000061035156,6.610000133514404,6.610000133514404,0.0,6.21999979019165,1306783.3333333333,6.5607942175899465,6.611783998167271,6.615383845144391,6.575832599177503,-0.0031447968430873274,-0.0020935867007122176,0.0009999275207519531,0.0044999463217599055,33.33358563113557,71.42878768383049,36.363439322019204,53.247596887491866,-0.0007558031408539945,-0.0030165883229702484
2025-04-23 18:39:00+00:00,6.610000133514404,6.610000133514404,6.610000133514404,6.610000133514404,1969.0,6.21999979019165,1306783.3333333333,6.561003717203876,6.611427225236698,6.61487111070344,6.576172574643542,-0.003146093716972942,-0.0023040881039643624,0.0,0.004142795290265765,36.20727927453898,77.58667466888097,36.363439322019204,51.60100513185733,0.0,-0.0015105365887529976
2025-04-23 18:40:00+00:00,6.610000133514404,6.610000133514404,6.610000133514404,6.610000133514404,0.0,6.21999979019165,1306783.3333333333,6.561003717203876,6.611141806892239,6.614407208114008,6.576509167269123,-0.003111256866404233,-0.0024655218564523366,0.0,0.003785644258771624,39.62320170584901,84.90647520850766,36.36343932201921,49.57949707748711,0.0,-0.0015105365887529976
2025-04-23 18:41:00+00:00,6.610000133514404,6.610000133514404,6.610000133514404,6.610000133514404,0.0,6.21999979019165,1306783.3333333333,6.561003717203876,6.610913472216673,6.61398748672357,6.57684241071435,-0.0030485071189056967,-0.0025821189089430085,0.0,0.003785644258771624,39.62320170584901,84.90647520850766,36.36343932201921,47.55798902311689,0.0,-0.0007558031408539945
2025-04-23 18:42:00+00:00,6.614999771118164,6.614999771118164,6.614999771118164,6.614999771118164,1567.0,6.21999979019165,1306783.3333333333,6.56118605728849,6.611730731996971,6.61408389476115,6.577222085942249,-0.0025657718996949797,-0.002578849507093403,0.004999637603759766,0.00414276123046875,44.82784135753749,86.2075769534333,31.57904643589889,45.73637225386729,0.0007563748113121882,0.0
2025-04-23 18:43:00+00:00,6.599999904632568,6.599999904632568,6.599999904632568,6.599999904632568,931.0,6.21999979019165,1306783.3333333333,6.561263774470632,6.609384566524091,6.612742562367952,6.577448730904342,-0.003354891525664705,-0.0027340579108076635,0.014999866485595703,0.00414276123046875,44.82784135753749,86.2075769534333,31.57904643589889,43.14835042559715,-0.0015128939001275432,-0.002267553591020044
2025-04-23 18:44:00+00:00,6.59499979019165,6.59499979019165,6.59499979019165,6.59499979019165,468.0,6.21999979019165,1306783.3333333333,6.561297696623293,6.606507611257603,6.611052774541637,6.577623368310186,-0.004333784788868478,-0.0030540032864198267,0.005000114440917969,0.0037856101989746094,30.188220898637827,94.34077699602325,51.516158631302886,42.92466313346172,-0.0022693408501912593,-0.0007575931080556764
2025-04-23 18:45:00+00:00,6.599999904632568,6.599999904632568,6.599999904632568,6.599999904632568,1553.0,6.21999979019165,1306783.3333333333,6.561426404245675,6.6052060699325965,6.610000120264583,6.577846020412896,-0.004652466566303914,-0.0033736959423966446,0.005000114440917969,0.00414276123046875,36.206754801368064,86.2075769534333,40.8455623090097,41.93877287647922,-0.0015128939001275432,-0.0015128939001275432
2025-04-23 18:46:00+00:00,6.599999904632568,6.599999904632568,6.599999904632568,6.599999904632568,741.0,6.21999979019165,1306783.3333333333,6.561487514732984,6.604164836872591,6.60904771877582,6.578066457071799,-0.00484912645955049,-0.003668782045827414,0.0,0.003428493227277483,22.916521790961742,83.33416119450433,56.86329509223679,43.01041510191033,-0.0015128939001275432,-0.0015128939001275432
2025-04-23 18:47:00+00:00,6.599999904632568,6.599999904632568,6.599999904632568,6.599999904632568,822.0,6.21999979019165,1306783.3333333333,6.561555079175682,6.603331850424587,6.608186022190748,6.5782847003311105,-0.004947944023096618,-0.003924614441281255,0.0,0.0027142252240862164,28.947170284853808,78.94842514744636,46.34225768184039,43.138663175141225,-0.002267553591020044,-0.0030211452072894662
2025-04-23 18:48:00+00:00,6.599999904632568,6.599999904632568,6.599999904632568,6.599999904632568,0.0,6.21999979019165,1306783.3333333333,6.561555079175682,6.6026654612661835,6.607406391947112,6.578500772015703,-0.004968978364643384,-0.004133487225953681,0.0,0.00235710825238909,33.33285167256701,90.90961635719962,46.342257681840394,42.863496936935455,0.0,-0.002267553591020044
2025-04-23 18:49:00+00:00,6.605000019073486,6.605000019073486,6.605000019073486,6.605000019073486,726.0,6.21999979019165,1306783.3333333333,6.561622291564107,6.603132372827645,6.607177213578195,6.57876444611578,-0.004529962199745441,-0.004212782220712033,0.005000114440917969,0.002714259283883231,42.10513106875306,92.10575849217604,37.25526862015446,41.7195148651486,0.001516334981042533,-0.0007564469500637161
2025-04-23 18:50:00+00:00,6.599999904632568,6.599999904632568,6.599999904632568,6.599999904632568,2271.0,6.21999979019165,1306783.3333333333,6.561807121345525,6.602505879188629,6.606493660345278,6.578975744210475,-0.004533249693192687,-0.004276875715208164,0.005000114440917969,0.0029999869210379465,35.71412352406903,95.23841961852861,45.45486071976626,41.527127847424005,0.0,-0.0015128939001275432
2025-04-23 18:51:00+00:00,6.599999904632568,6.599999904632568,6.599999904632568,6.599999904632568,0.0,6.21999979019165,1306783.3333333333,6.561807121345525,6.602004684277417,6.605875207420259,6.5791849398365665,-0.00448416439953192,-0.004318333452072915,0.0,0.002928563526698521,36.58513892281032,97.56114580789226,45.454860719766266,41.334740829699406,0.0,-0.0015128939001275432
2025-04-23 18:52:00+00:00,6.599999904632568,6.599999904632568,6.599999904632568,6.599999904632568,0.0,6.21999979019165,1306783.3333333333,6.561807121345525,6.601603728348447,6.605315654773812,6.579392053914139,-0.004394605672025875,-0.004333587896063507,0.0,0.002857140132359096,37.499701976491906,100.0,45.45486071976626,41.98412807239562,0.0,-0.0015128939001275432
2025-04-23 18:53:00+00:00,6.590000152587891,6.590000152587891,6.585000038146973,6.585000038146973,1019.0,6.21999979019165,1306783.3333333333,6.561860726686655,6.598282990308153,6.603380834142684,6.579447854752277,-0.005470928147365051,-0.004561055946323816,0.014999866485595703,0.003928559167044503,27.27256964011687,100.0,57.143051771117165,43.46838610447406,-0.002272707076111824,-0.0037821626115670526
2025-04-23 18:54:00+00:00,6.585000038146973,6.599999904632568,6.5802001953125,6.599999904632568,5272.0,6.21999979019165,1306783.3333333333,6.5622087018433035,6.598626373173036,6.603058840856007,6.579652352761037,-0.005055283436631974,-0.004659901444385448,0.01979970932006836,0.005342824118477958,33.422156490252824,79.94657860849388,41.03814166905651,43.80229341497672,-0.0007570195952276704,-0.0015128939001275432
2025-04-23 18:55:00+00:00,6.599999904632568,6.605000019073486,6.599999904632568,6.605000019073486,1696.0,6.21999979019165,1306783.3333333333,6.562354150619733,6.599901102353127,6.603243714971957,6.579904568346236,-0.004273156275536927,-0.004582552410615744,0.005000114440917969,0.0056999751499720985,37.59381423586213,99.7490319804962,45.25551891266326,44.437441957165575,0.0007575931080556764,-0.0007564469500637161
2025-04-23 18:56:00+00:00,6.599999904632568,6.605000019073486,6.599999904632568,6.605000019073486,0.0,6.21999979019165,1306783.3333333333,6.562354150619733,6.6009208856971995,6.603410982029246,6.580154274323622,-0.003611681647608833,-0.004388378258014362,0.005000114440917969,0.0057000092097691125,31.328389691251427,93.48323603401194,49.79892376338114,45.73886176627145,0.0007575931080556764,-0.0007564469500637161
2025-04-23 18:57:00+00:00,6.610000133514404,6.610000133514404,6.610000133514404,6.610000133514404,4033.0,6.21999979019165,1306783.3333333333,6.5627515248073065,6.602736735260641,6.604038520265927,6.580451248046914,-0.002653404001977222,-0.0040413834068069344,0.005000114440917969,0.004985741206577846,42.98001120356328,99.71307947698487,39.75880542137239,46.32313026523385,0.0015151862161113527,-0.0007558031408539945
2025-04-23 18:58:00+00:00,6.610000133514404,6.610000133514404,6.610000133514404,6.610000133514404,0.0,6.21999979019165,1306783.3333333333,6.5627515248073065,6.604189414911394,6.604606292956259,6.580745266807784,-0.001872378450534562,-0.0036075824155524603,0.0,0.0046285901750837055,46.29643256607994,99.69094013068818,36.574743813983495,45.255886349711034,0.0037965216738959917,0.0015151862161113527
2025-04-23 18:59:00+00:00,6.610000133514404,6.610000133514404,6.610000133514404,6.610000133514404,0.0,6.21999979019165,1306783.3333333333,6.5627515248073065,6.605351558631996,6.605119992057034,6.581036360008845,-0.0012391261985431612,-0.003133891172150601,0.0,0.004271439143589565,41.8060760704888,99.66509847699545,40.89809997801814,45.2596390403545,0.0015151862161113527,0.0022745024715637996
2025-04-23 19:00:00+00:00,6.610000133514404,6.610000133514404,6.610000133514404,6.610000133514404,1626.0,6.21999979019165,1306783.3333333333,6.562909867063774,6.606281273608478,6.6055847674339265,6.581324556760144,-0.0007288672979965938,-0.0026528863973197996,0.0,0.004271439143589565,41.8060760704888,99.66509847699545,40.89809997801814,44.119267960767445,0.0007570195952277814,0.0015151862161113527
2025-04-23 19:01:00+00:00,6.614999771118164,6.614999771118164,6.605000019073486,6.605000019073486,2337.0,6.21999979019165,1306783.3333333333,6.563127607361951,6.6060250227014805,6.605529077113885,6.581560133499581,-0.0007196551541310825,-0.0022662401486820563,0.009999752044677734,0.004985707146780831,42.97962167221156,92.5502626707018,36.575432229447046,43.42163757131078,0.0,0.0007575931080556764
2025-04-23 19:02:00+00:00,6.614999771118164,6.614999771118164,6.605000019073486,6.605000019073486,0.0,6.21999979019165,1306783.3333333333,6.563127607361951,6.605820021975882,6.605478690633847,6.581793366191859,-0.0007042364641618448,-0.001953839411778014,0.009999752044677734,0.0056999751499720985,37.59381423586213,80.95272240546872,36.57543222944705,42.72400718185411,-0.0007564469500637161,0.0007575931080556764
2025-04-23 19:03:00+00:00,6.605000019073486,6.610000133514404,6.605000019073486,6.610000133514404,3496.0,6.21999979019165,1306783.3333333333,6.563449464443073,6.606656044283587,6.60590930424152,6.582074030543327,-0.0002852612791359732,-0.001620123785249606,0.005000114440917969,0.0056999751499720985,31.327979348917253,74.68688751852383,40.89889413700977,42.984266147343774,0.0,0.0015151862161113527
2025-04-23 19:04:00+00:00,6.605000019073486,6.610000133514404,6.605000019073486,6.610000133514404,0.0,6.21999979019165,1306783.3333333333,6.563449464443073,6.607324862129751,6.606298907029414,6.582351902214682,4.624647299689144e-05,-0.0012868497336003067,0.005000114440917969,0.0056999751499720985,31.327979348917253,68.42105263157895,37.18639925239019,42.39366175681692,0.0,0.0007570195952277814
2025-04-23 19:05:00+00:00,6.610000133514404,6.619999885559082,6.610000133514404,6.610000133514404,2977.0,6.21999979019165,1306783.3333333333,6.563750080087786,6.607859916406682,6.60665140478989,6.582627008993784,0.0003054477434947245,-0.0009683902381813006,0.009999752044677734,0.006414243153163365,38.975058808536396,66.37001322196438,26.00497003362082,41.004383850663665,0.0,0.0015151862161113527
2025-04-23 19:06:00+00:00,6.610000133514404,6.619999885559082,6.610000133514404,6.610000133514404,0.0,6.21999979019165,1306783.3333333333,6.563750080087786,6.6082879598282265,6.6069703313350825,6.582899378391999,0.0005050447760099885,-0.0006737032353430429,0.009999752044677734,0.007128511156354632,35.069806110065265,59.71981996617199,26.004970033620822,39.61510594451043,0.0007570195952277814,0.0015151862161113527
2025-04-23 19:07:00+00:00,6.605000019073486,6.605000019073486,6.605000019073486,6.605000019073486,188.0,6.21999979019165,1306783.3333333333,6.5637657724413785,6.6076303716772795,6.606782682548264,6.583119285264452,0.00025679919336507595,-0.0004876027496014191,0.005000114440917969,0.006414243153163365,38.975058808536396,55.23435799132342,17.258677248080808,36.76622205000783,0.0,0.0007575931080556764
2025-04-23 19:08:00+00:00,6.610000133514404,6.610000133514404,6.610000133514404,6.610000133514404,1837.0,6.21999979019165,1306783.3333333333,6.563936998387783,6.608104324044705,6.607089106449802,6.5833867563913175,0.00045824783252523815,-0.00029843263317608763,0.005000114440917969,0.005357129233224052,39.9997456862022,66.40069681980596,24.81282080392942,35.607270559641606,0.0,0.0037965216738959917
2025-04-23 19:09:00+00:00,6.614999771118164,6.614999771118164,6.605000019073486,6.605000019073486,3504.0,6.21999979019165,1306783.3333333333,6.564248420194022,6.607483463050462,6.606890145747296,6.583601813731439,0.00021198623734886013,-0.00019634885907109808,0.009999752044677734,0.005714246204921177,37.49932944310995,43.75130386061954,7.694677768404071,32.92435333505166,-0.0007564469500637161,0.0007575931080556764
2025-04-23 19:10:00+00:00,6.614999771118164,6.614999771118164,6.605000019073486,6.605000019073486,0.0,6.21999979019165,1306783.3333333333,6.564248420194022,6.606986774255068,6.606710133683124,6.5838147311975295,1.6630443550269547e-05,-0.00015375299854682457,0.009999752044677734,0.006071363176618304,35.293622655057895,41.1778565658379,7.694677768404068,29.916907192553303,-0.0007564469500637161,0.0
2025-04-23 19:11:00+00:00,6.614999771118164,6.614999771118164,6.605000019073486,6.605000019073486,0.0,6.21999979019165,1306783.3333333333,6.564248420194022,6.606589423218752,6.606547265625063,6.584025530081868,-0.00013661561077604745,-0.00015032552099266915,0.009999752044677734,0.00642848014831543,27.777218516379587,27.778807996142863,0.0028610393202204982,27.077196879549575,-0.0007564469500637161,0.0
2025-04-23 19:12:00+00:00,6.610000133514404,6.610000133514404,6.605000019073486,6.605000019073486,876.0,6.21999979019165,1306783.3333333333,6.564322676765756,6.6062715423897,6.606399908810627,6.584234231464869,-0.00025512331019594825,-0.00017128507883332498,0.005000114440917969,0.00678563117980957,26.31520828000221,26.316714099996485,0.002861039320211606,24.464919538502198,0.0,-0.0007564469500637161
2025-04-23 19:13:00+00:00,6.610000133514404,6.610000133514404,6.605000019073486,6.605000019073486,1344.0,6.21999979019165,1306783.3333333333,6.564436100581065,6.606017237726458,6.606266585978519,6.584440856217194,-0.0003450638346969015,-0.0002060408300060403,0.005000114440917969,0.007142782211303711,24.999403947299406,25.000834473780834,0.0028610393202148404,21.54383104288092,-0.0007564469500637161,-0.0007564469500637161
2025-04-23 19:14:00+00:00,6.610000133514404,6.610000133514404,6.605000019073486,6.605000019073486,0.0,6.21999979019165,1306783.3333333333,6.564436100581065,6.605813793995864,6.606145960558992,6.584645425001834,-0.0004115977062042475,-0.0002471522052456818,0.005000114440917969,0.0074999332427978516,23.808918296631685,23.810280700638966,0.0028610393202106532,18.622742547259637,0.0,-0.0007564469500637161
2025-04-23 19:15:00+00:00,6.605000019073486,6.605000019073486,6.59499979019165,6.59499979019165,5278.0,6.21999979019165,1306783.3333333333,6.564788958588468,6.603650993235022,6.6050844205240065,6.584748453511185,-0.0012567738672615292,-0.0004490765376488513,0.010000228881835938,0.0074999673025948664,19.047229791099,28.572207084468666,20.002288809628265,17.438946588701153,-0.0015140391904554518,-0.0022693408501912593
2025-04-23 19:16:00+00:00,6.59499979019165,6.59499979019165,6.59499979019165,6.59499979019165,819.0,6.21999979019165,1306783.3333333333,6.564837679307667,6.601920752626349,6.604123979539972,6.58485045686124,-0.0019046267129079197,-0.000740186572700665,0.0,0.006785699299403599,21.052156061617534,31.57973989730411,20.00228880962826,16.25515063014267,-0.0015140391904554518,-0.0015140391904554518
2025-04-23 19:17:00+00:00,6.59499979019165,6.605000019073486,6.590000152587891,6.590000152587891,5377.0,6.21999979019165,1306783.3333333333,6.565153688261897,6.5995366326186575,6.602778853163583,6.584901697614739,-0.0027893300707599877,-0.0011500152723125296,0.014999866485595703,0.0074999673025948664,28.571298819255222,33.333787465940055,7.693210578439644,13.883316090244803,-0.002270986592320945,-0.002270986592320945
2025-04-23 19:18:00+00:00,6.59499979019165,6.59499979019165,6.59499979019165,6.59499979019165,216.0,6.21999979019165,1306783.3333333333,6.565166244272369,6.5986292641332565,6.602037990023399,6.585002176147842,-0.003051855000165027,-0.001530383217883029,0.004999637603759766,0.0074999332427978516,28.571428571428573,38.095540851684156,14.286103542234326,12.247580682376526,-0.0015140391904554518,-0.0022693408501912593
2025-04-23 19:19:00+00:00,6.59499979019165,6.59499979019165,6.59499979019165,6.59499979019165,871.0,6.21999979019165,1306783.3333333333,6.565216768213128,6.597903369344936,6.601367685277518,6.5851016548945465,-0.0032227579505512693,-0.001868858164416677,0.0,0.006785665239606585,21.052763667757546,36.84221093420604,27.27256964011687,12.33812351141196,-0.0015140391904554518,-0.0022693408501912593
2025-04-23 19:20:00+00:00,6.59499979019165,6.59499979019165,6.590000152587891,6.590000152587891,3678.0,6.21999979019165,1306783.3333333333,6.565404576918395,6.596322725993527,6.600285063116601,6.585150396165127,-0.003718761176930485,-0.002238838766919439,0.004999637603759766,0.006428514208112445,22.222398830149093,44.444267836517575,33.332803509552726,12.861540188264238,-0.0007580951876898778,-0.0030257156615033365
2025-04-23 19:21:00+00:00,6.59499979019165,6.59499979019165,6.590000152587891,6.590000152587891,0.0,6.21999979019165,1306783.3333333333,6.565404576918395,6.5950582113124,6.599305547828153,6.58519865244794,-0.004064988648573298,-0.0026040687432502107,0.004999637603759766,0.00642848014831543,22.222516570326533,38.88874171483673,27.27193910284198,13.576773177890034,-0.0007580951876898778,-0.0030257156615033365
2025-04-23 19:22:00+00:00,6.590000152587891,6.590000152587891,6.590000152587891,6.590000152587891,631.0,6.21999979019165,1306783.3333333333,6.565434502120368,6.594046599567499,6.5984193197100325,6.585246428568736,-0.004289924831216041,-0.002941239960843377,0.0,0.006071329116821289,17.647190822136828,35.29382065019214,33.332626894140084,14.185330755762225,0.0,-0.002270986592320945
2025-04-23 19:23:00+00:00,6.585000038146973,6.585000038146973,6.585000038146973,6.585000038146973,704.0,6.21999979019165,1306783.3333333333,6.5654610253262335,6.592237287283394,6.597141292894503,6.585243976922748,-0.00481613837892958,-0.0033162196444606177,0.005000114440917969,0.005714212145124163,12.500447040591286,37.49955295940872,49.99821183763486,17.20701176070728,-0.0015162626782111444,-0.0037821626115670526
2025-04-23 19:24:00+00:00,6.590000152587891,6.590000152587891,6.590000152587891,6.590000152587891,2954.0,6.21999979019165,1306783.3333333333,6.565599818424796,6.591789860344294,6.596461184293873,6.5852913020537445,-0.0047746596545987785,-0.00360790764648825,0.005000114440917969,0.005357095173427037,20.000635788536734,46.66624280764218,39.99828337640787,19.514412161278983,-0.0007580951876898778,-0.002270986592320945
2025-04-23 19:25:00+00:00,6.590000152587891,6.59499979019165,6.590000152587891,6.59499979019165,1818.0,6.21999979019165,1306783.3333333333,6.565696020968384,6.592431846313766,6.596322003903186,6.5853879039257635,-0.004288918512962425,-0.0037441098197830854,0.004999637603759766,0.004999944141932896,28.57172051580733,49.999659398224786,27.27193910284198,21.462203451530538,0.0007586703320174859,-0.0015140391904554518
2025-04-23 19:26:00+00:00,6.599999904632568,6.599999904632568,6.59499979019165,6.59499979019165,2065.0,6.21999979019165,1306783.3333333333,6.565817569370653,6.5929454350893435,6.596196078787802,6.585483544585125,-0.003859475527201006,-0.0037671829612666696,0.005000114440917969,0.004999944141932896,35.71482094564677,57.14207862451379,23.075568727854275,23.110254000711542,0.0007586703320174859,-0.0015140391904554518
2025-04-23 19:27:00+00:00,6.59499979019165,6.599999904632568,6.59499979019165,6.599999904632568,1980.0,6.21999979019165,1306783.3333333333,6.565939470431709,6.594356328997988,6.596558347915875,6.585627985978633,-0.0030801651923324513,-0.003629779407479826,0.005000114440917969,0.004999944141932896,35.71482094564677,57.14207862451379,23.075568727854275,24.758304549892546,0.0015174130217205928,-0.0007570195952276704
2025-04-23 19:28:00+00:00,6.599999904632568,6.605000019073486,6.599999904632568,6.605000019073486,4739.0,6.21999979019165,1306783.3333333333,6.566272020773065,6.596485067013089,6.597362316597552,6.585820742526841,-0.0020356232914675587,-0.0033109481842773726,0.005000114440917969,0.004999944141932896,42.85792137548621,64.28517905435324,19.99872842292654,26.18658079157871,0.003037202856591259,0.0
2025-04-23 19:29:00+00:00,6.599999904632568,6.605000019073486,6.599999904632568,6.605000019073486,0.0,6.21999979019165,1306783.3333333333,6.566272020773065,6.598188057425169,6.598089716833355,6.586011581099445,-0.0011940520210851346,-0.0028875689516389253,0.005000114440917969,0.0046427931104387555,46.15480548443655,53.84519451556345,7.690389031126898,25.30715937882861,0.0022761557114236997,0.0
2025-04-23 19:30:00+00:00,6.59499979019165,6.59499979019165,6.59499979019165,6.59499979019165,2782.0,6.21999979019165,1306783.3333333333,6.566421220556739,6.597550403978466,6.597795438105575,6.586101016015785,-0.0013188329363336138,-0.002573821748577863,0.010000228881835938,0.005357095173427037,40.000635788536734,53.332485615284355,14.28415724902758,24.89872141021428,0.0,0.0
2025-04-23 19:31:00+00:00,6.593500137329102,6.599999904632568,6.590000152587891,6.599999904632568,4042.0,6.21999979019165,1306783.3333333333,6.566647737391484,6.598040304109286,6.598005387298621,6.586239313414958,-0.0010026967984488877,-0.002259596758552068,0.009999752044677734,0.004999944141932896,35.71482094564677,57.14207862451379,23.075568727854275,25.99746127802961,0.0007581674905212665,0.0007581674905212665
2025-04-23 19:32:00+00:00,6.599999904632568,6.605000019073486,6.599999904632568,6.605000019073486,2996.0,6.21999979019165,1306783.3333333333,6.566850261784883,6.599432247102127,6.598671542705751,6.586425987103103,-0.0003447155179427952,-0.0018766205104302136,0.005000114440917969,0.004999978201729911,42.857629427792915,64.28474114441417,19.998728422926536,26.405505912364767,0.0007575931080556764,0.0022761557114236997
2025-04-23 19:33:00+00:00,6.610000133514404,6.614999771118164,6.610000133514404,6.614999771118164,1714.0,6.21999979019165,1306783.3333333333,6.566996605926253,6.602545751905335,6.6002266120783615,6.586710303361959,0.0009724262810939521,-0.0013068111521253806,0.009999752044677734,0.005714246204921177,50.000298025284465,68.74966472155498,15.788945328969824,25.585247032997124,0.0015139669970933856,0.0030325976592535664
2025-04-23 19:34:00+00:00,6.610000133514404,6.610000133514404,6.599999904632568,6.599999904632568,4512.0,6.21999979019165,1306783.3333333333,6.567295282301577,6.602036582450782,6.600205020893048,6.5868425382004725,0.0007967226572027641,-0.0008861043902597516,0.014999866485595703,0.006428548267909459,44.44456218243855,66.66684327365783,20.000000000000004,24.632903925171924,-0.0007570195952276704,0.0007581674905212665
2025-04-23 19:35:00+00:00,6.585000038146973,6.585000038146973,6.585000038146973,6.585000038146973,775.0,6.21999979019165,1306783.3333333333,6.567320243481892,6.598629273590021,6.598756927298184,6.586824204866607,-0.0005465868835248244,-0.0008182008889127663,0.014999866485595703,0.00714285033089774,40.0,74.99988079059676,30.43471049707263,24.858816167616975,-0.0015162626782111444,-0.0007587426897029959
2025-04-23 19:36:00+00:00,6.585000038146973,6.585000038146973,6.579999923706055,6.579999923706055,2104.0,6.21999979019165,1306783.3333333333,6.567374945403983,6.594903403613228,6.596970546003695,6.586756301571477,-0.001991677996093344,-0.0010528963103488818,0.005000114440917969,0.0075000013623918805,38.09519484471006,76.19038968942012,33.33333333333333,24.858866627559348,-0.0030303001841675004,-0.0015174853794061027
2025-04-23 19:37:00+00:00,6.590000152587891,6.59499979019165,6.585000038146973,6.590000152587891,2902.0,6.21999979019165,1306783.3333333333,6.56749331039665,6.593922753408161,6.596306699011714,6.5867885786960185,-0.0023034356464659567,-0.001303004177572297,0.014999866485595703,0.008214269365583147,43.47809861841341,69.56528950292737,23.07714879928401,22.93593355339143,-0.002270986592320945,0.0
2025-04-23 19:38:00+00:00,6.585000038146973,6.585000038146973,6.585000038146973,6.585000038146973,882.0,6.21999979019165,1306783.3333333333,6.567521102404547,6.592138210355923,6.595229874167453,6.586770782272645,-0.0029203097650194465,-0.001626465295061727,0.005000114440917969,0.008214269365583147,39.130164364022356,65.21735524853631,25.000298024692334,21.86464888541175,-0.004535107182040088,0.0
2025-04-23 19:39:00+00:00,6.590000152587891,6.590000152587891,6.590000152587891,6.590000152587891,1200.0,6.21999979019165,1306783.3333333333,6.567569549590502,6.591710598802317,6.59473180544559,6.586802915310608,-0.0029714662869464448,-0.0018954654934386706,0.005000114440917969,0.008214303425380163,39.13041675477769,69.56500105733228,27.999877929687493,21.916644515900714,-0.0015151139680561476,0.0
2025-04-23 19:40:00+00:00,6.585000038146973,6.585000038146973,6.585000038146973,6.585000038146973,395.0,6.21999979019165,1306783.3333333333,6.567581906447446,6.590368486671249,6.593804970464769,6.5867849762343536,-0.003376552847424108,-0.0021916829642357584,0.005000114440917969,0.008214303425380163,34.78250052866614,69.5654156974454,33.333598242065655,22.649360909772955,0.0,-0.0015162626782111444
2025-04-23 19:41:00+00:00,6.590000152587891,6.59499979019165,6.590000152587891,6.59499979019165,3066.0,6.21999979019165,1306783.3333333333,6.567722832109077,6.59129474737533,6.59391876281971,6.586866715676715,-0.0028577481052334264,-0.002324895992435292,0.009999752044677734,0.008571420397077287,41.66646798432794,70.83383003918016,25.926475366987383,22.85299709828246,0.002279614993847545,0.0
2025-04-23 19:42:00+00:00,6.59499979019165,6.59499979019165,6.585000038146973,6.585000038146973,3569.0,6.21999979019165,1306783.3333333333,6.567853297240673,6.590035805529659,6.593069360469926,6.586848141770947,-0.0032164112412083057,-0.002503199042189895,0.009999752044677734,0.008928537368774414,35.99981689383276,68.0006713892799,30.76990793382973,23.622367063346978,-0.0007587426897029959,-0.002272707076111824
2025-04-23 19:43:00+00:00,6.579999923706055,6.585000038146973,6.579999923706055,6.585000038146973,1456.0,6.21999979019165,1306783.3333333333,6.56789316974972,6.589028652053122,6.592300853582025,6.586829752680162,-0.003460760863511325,-0.002694711406454181,0.005000114440917969,0.008928537368774414,35.99981689383276,72.00077820121079,33.3340397575552,25.454056400949003,0.0,-0.0030280061875487263
2025-04-23 19:44:00+00:00,6.585000038146973,6.585000038146973,6.585000038146973,6.585000038146973,1804.0,6.21999979019165,1306783.3333333333,6.567947590369402,6.5882229292718915,6.5916055378263065,6.586811546565404,-0.0036127640050471754,-0.0028783219261727796,0.0,0.008214235305786133,39.130326614725654,78.26189716010632,33.3340397575552,26.814762294415257,-0.0007587426897029959,-0.0030280061875487263
2025-04-23 19:45:00+00:00,6.590000152587891,6.59499979019165,6.590000152587891,6.59499979019165,3753.0,6.21999979019165,1306783.3333333333,6.568114491242672,6.589578301455844,6.591928799956339,6.586893021626361,-0.0028929826678725235,-0.0028812540745127286,0.009999752044677734,0.008214235305786133,43.477864253994056,78.26231180365798,28.57269364650104,27.2074140743186,0.0015185652219815715,0.0
2025-04-23 19:46:00+00:00,6.599999904632568,6.599999904632568,6.590000152587891,6.590000152587891,3210.0,6.21999979019165,1306783.3333333333,6.568255513515617,6.5896626716822535,6.591745119254582,6.586923938352347,-0.0026949144471046793,-0.0028439861490311188,0.009999752044677734,0.00857135227748326,41.66640175477636,66.66838859395365,23.078446691682167,27.427393950658285,-0.0007580951876898778,-0.0015151139680561476
2025-04-23 19:47:00+00:00,6.590000152587891,6.59499979019165,6.590000152587891,6.59499979019165,3984.0,6.21999979019165,1306783.3333333333,6.568428359857372,6.590730095384133,6.592055087915256,6.587004295087066,-0.0021101900271478513,-0.0026972269246544655,0.004999637603759766,0.008214201245989119,34.78251855537587,60.87116971430941,27.274067138299348,28.247759794181825,0.0015185652219815715,-0.0015140391904554518
2025-04-23 19:48:00+00:00,6.590000152587891,6.59499979019165,6.590000152587891,6.59499979019165,0.0,6.21999979019165,1306783.3333333333,6.568428359857372,6.5915840343456376,6.592335535751102,6.587083852252285,-0.00162802485450797,-0.0024833865106251665,0.004999637603759766,0.007499899183000837,38.09525972079674,57.14447905975531,20.001335138949816,28.24785516124967,0.0015185652219815715,-0.0030234288161030687
2025-04-23 19:49:00+00:00,6.599999904632568,6.599999904632568,6.599999904632568,6.599999904632568,572.0,6.21999979019165,1306783.3333333333,6.5684595713783445,6.593267208403024,6.5930654756445755,6.5872123701864185,-0.0008328376002637583,-0.0021532767285528847,0.005000114440917969,0.00678563117980957,47.3685795599994,57.89626907999418,10.00114440481413,26.788314726088345,0.0022778840392865263,0.0
2025-04-23 19:50:00+00:00,6.599999904632568,6.610000133514404,6.59499979019165,6.599999904632568,7446.0,6.21999979019165,1306783.3333333333,6.568881484418071,6.594613747648933,6.593725897452956,6.587339609335137,-0.00020033661645157963,-0.0017626887061326238,0.015000343322753906,0.0074999332427978516,52.38125513739845,52.38216340673663,0.00086697184074815,24.40742427169602,0.0007581674905212665,0.0022778840392865263
2025-04-23 19:51:00+00:00,6.605000019073486,6.605000019073486,6.59499979019165,6.59499979019165,5169.0,6.21999979019165,1306783.3333333333,6.569138981998312,6.594690956157477,6.593847220570927,6.587415830040177,-0.00010137390229569831,-0.0014304257453652389,0.010000228881835938,0.007142816271100726,45.000333787920695,50.0009536797734,5.263739076750098,23.135037862943598,0.0007586703320174859,0.002279614993847545
2025-04-23 19:52:00+00:00,6.59499979019165,6.599999904632568,6.59499979019165,6.59499979019165,2777.0,6.21999979019165,1306783.3333333333,6.569267677605343,6.594752722964312,6.593956989106234,6.587491292330242,-2.268375414260504e-05,-0.0011488773471207121,0.005000114440917969,0.007142816271100726,45.000333787920695,50.0009536797734,5.263739076750098,21.725283652376294,0.0,0.0007586703320174859
2025-04-23 19:53:00+00:00,6.599999904632568,6.605000019073486,6.599999904632568,6.605000019073486,4231.0,6.21999979019165,1306783.3333333333,6.569508611488783,6.596802182186147,6.595008706245972,6.587665508516742,0.0008369656317555041,-0.0007517087513454689,0.010000228881835938,0.0074999673025948664,42.857402361489555,47.619891008174385,5.2637390767501016,20.101273734309334,0.001516334981042533,0.003037202856591259
2025-04-23 19:54:00+00:00,6.610000133514404,6.619999885559082,6.610000133514404,6.614999771118164,13821.0,6.21999979019165,1306783.3333333333,6.570535886600665,6.600441699972551,6.596912617186181,6.587937491229194,0.0022986430558171733,-0.0001416383899129405,0.014999866485595703,0.008214235305786133,52.17418346318587,47.82706046746914,4.347068921193826,18.030807354247063,0.002272707076111713,0.0037935687331442924
2025-04-23 19:55:00+00:00,6.614999771118164,6.635000228881836,6.614999771118164,6.630000114440918,16527.0,6.21999979019165,1306783.3333333333,6.572011737354689,6.606353382866224,6.600063807400918,6.588356024793491,0.004614245142515294,0.0008095383165727065,0.020000457763671875,0.008928571428571428,52.00042724609375,44.000244140625,8.33346578717317,16.774163812831762,0.004545486400278964,0.006833724530487473
2025-04-23 19:56:00+00:00,6.630000114440918,6.635000228881836,6.625,6.635000228881836,13459.0,6.21999979019165,1306783.3333333333,6.573262302356979,6.612082752069347,6.603391085637196,6.588820146227206,0.00677474883943141,0.0020025804211444473,0.010000228881835938,0.008928605488368444,52.00022888096282,48.00015258730855,4.000061034690591,14.862031891464682,0.0060652676213388546,0.0060652676213388546
2025-04-23 19:57:00+00:00,6.639999866485596,6.644999980926514,6.635000228881836,6.644999980926514,12206.0,6.21999979019165,1306783.3333333333,6.574538519194992,6.618666197840781,6.607353837569512,6.589379149557547,0.009187947068904911,0.0034396537506965405,0.009999752044677734,0.009285722460065569,57.69247698345743,50.000366797491104,7.142638188301891,12.991217493660873,0.007581530299549888,0.009111608569773777
2025-04-23 19:58:00+00:00,6.650000095367432,6.659999847412109,6.644999980926514,6.65500020980835,19678.0,6.21999979019165,1306783.3333333333,6.576839301200407,6.625933000234295,6.611891587306544,6.59003209543069,0.0117716625490214,0.005106055510361513,0.014999866485595703,0.010357141494750977,62.0690789149158,48.275986806407374,12.499962747172512,11.503069135776396,0.007570051565552793,0.010630246204383464
2025-04-23 19:59:00+00:00,6.65500020980835,6.659999847412109,6.630000114440918,6.630000114440918,64225.0,6.21999979019165,1306783.3333333333,6.582334890113753,6.62674642307562,6.613616208938389,6.590429787162135,0.011667481456566264,0.0064183406996024634,0.029999732971191406,0.011785711560930525,48.485102447764646,48.48481345548074,0.000298022619916829,9.462183734070601,0.002267625675248963,0.006833724530487473
