Datetime,Close,High,Low,Open,Volume,prev_close,avg_daily_vol
,XMTR,XMTR,XMTR,XMTR,XMTR,,
2025-04-23 13:30:00+00:00,24.479999542236328,24.479999542236328,24.479999542236328,24.479999542236328,4662,23.34000015258789,625923.3333333334
2025-04-23 13:31:00+00:00,24.584999084472656,24.920000076293945,24.2450008392334,24.2450008392334,8050,23.34000015258789,625923.3333333334
2025-04-23 13:32:00+00:00,24.729999542236328,24.892799377441406,24.56999969482422,24.892799377441406,7583,23.34000015258789,625923.3333333334
2025-04-23 13:36:00+00:00,24.545000076293945,24.600000381469727,24.545000076293945,24.600000381469727,3020,23.34000015258789,625923.3333333334
2025-04-23 13:37:00+00:00,24.940000534057617,24.940000534057617,24.395299911499023,24.395299911499023,10349,23.34000015258789,625923.3333333334
2025-04-23 13:38:00+00:00,24.764999389648438,25.049999237060547,24.764999389648438,24.834999084472656,2144,23.34000015258789,625923.3333333334
2025-04-23 13:40:00+00:00,24.885000228881836,24.885000228881836,24.885000228881836,24.885000228881836,316,23.34000015258789,625923.3333333334
2025-04-23 13:41:00+00:00,24.885000228881836,24.885000228881836,24.885000228881836,24.885000228881836,166,23.34000015258789,625923.3333333334
2025-04-23 13:42:00+00:00,25.020000457763672,25.020000457763672,24.8799991607666,24.8799991607666,1424,23.34000015258789,625923.3333333334
2025-04-23 13:43:00+00:00,24.8799991607666,24.950000762939453,24.8799991607666,24.940000534057617,871,23.34000015258789,625923.3333333334
2025-04-23 13:45:00+00:00,25.084999084472656,25.139999389648438,24.875,24.875,2116,23.34000015258789,625923.3333333334
2025-04-23 13:48:00+00:00,25.15999984741211,25.15999984741211,25.15999984741211,25.15999984741211,2477,23.34000015258789,625923.3333333334
2025-04-23 13:50:00+00:00,25.15999984741211,25.15999984741211,25.15999984741211,25.15999984741211,1721,23.34000015258789,625923.3333333334
2025-04-23 13:52:00+00:00,25.114999771118164,25.15999984741211,25.114999771118164,25.15999984741211,1283,23.34000015258789,625923.3333333334
2025-04-23 13:53:00+00:00,25.079999923706055,25.0939998626709,25.06999969482422,25.06999969482422,2749,23.34000015258789,625923.3333333334
2025-04-23 13:54:00+00:00,25.06999969482422,25.06999969482422,25.06999969482422,25.06999969482422,1185,23.34000015258789,625923.3333333334
2025-04-23 13:56:00+00:00,24.934999465942383,24.934999465942383,24.934999465942383,24.934999465942383,126,23.34000015258789,625923.3333333334
2025-04-23 13:57:00+00:00,24.979999542236328,24.979999542236328,24.94879913330078,24.94879913330078,1855,23.34000015258789,625923.3333333334
2025-04-23 13:58:00+00:00,25.06999969482422,25.06999969482422,24.855600357055664,24.855600357055664,2428,23.34000015258789,625923.3333333334
2025-04-23 14:00:00+00:00,24.96500015258789,24.96500015258789,24.96500015258789,24.96500015258789,3103,23.34000015258789,625923.3333333334
2025-04-23 14:01:00+00:00,24.969999313354492,24.969999313354492,24.969999313354492,24.969999313354492,393,23.34000015258789,625923.3333333334
2025-04-23 14:02:00+00:00,25.229999542236328,25.229999542236328,25.110000610351562,25.110000610351562,3363,23.34000015258789,625923.3333333334
2025-04-23 14:03:00+00:00,25.399999618530273,25.399999618530273,25.399999618530273,25.399999618530273,1011,23.34000015258789,625923.3333333334
2025-04-23 14:05:00+00:00,25.28499984741211,25.28499984741211,25.28499984741211,25.28499984741211,850,23.34000015258789,625923.3333333334
2025-04-23 14:06:00+00:00,25.280000686645508,25.280000686645508,25.280000686645508,25.280000686645508,2431,23.34000015258789,625923.3333333334
2025-04-23 14:08:00+00:00,25.290000915527344,25.290000915527344,25.290000915527344,25.290000915527344,1971,23.34000015258789,625923.3333333334
2025-04-23 14:10:00+00:00,25.174999237060547,25.209999084472656,25.149999618530273,25.200000762939453,6158,23.34000015258789,625923.3333333334
2025-04-23 14:13:00+00:00,25.020000457763672,25.110000610351562,25.020000457763672,25.110000610351562,2181,23.34000015258789,625923.3333333334
2025-04-23 14:14:00+00:00,25.05500030517578,25.05500030517578,25.05500030517578,25.05500030517578,1252,23.34000015258789,625923.3333333334
2025-04-23 14:16:00+00:00,25.000999450683594,25.000999450683594,25.000999450683594,25.000999450683594,1186,23.34000015258789,625923.3333333334
2025-04-23 14:19:00+00:00,24.84000015258789,24.941999435424805,24.84000015258789,24.941999435424805,1265,23.34000015258789,625923.3333333334
2025-04-23 14:20:00+00:00,24.760000228881836,24.84000015258789,24.760000228881836,24.84000015258789,1798,23.34000015258789,625923.3333333334
2025-04-23 14:21:00+00:00,24.75,24.770000457763672,24.75,24.770000457763672,874,23.34000015258789,625923.3333333334
2025-04-23 14:22:00+00:00,24.81999969482422,24.84000015258789,24.709999084472656,24.709999084472656,5838,23.34000015258789,625923.3333333334
2025-04-23 14:23:00+00:00,24.770000457763672,24.770000457763672,24.770000457763672,24.770000457763672,1166,23.34000015258789,625923.3333333334
2025-04-23 14:26:00+00:00,24.764999389648438,24.764999389648438,24.764999389648438,24.764999389648438,740,23.34000015258789,625923.3333333334
2025-04-23 14:27:00+00:00,24.760000228881836,24.790000915527344,24.760000228881836,24.790000915527344,1072,23.34000015258789,625923.3333333334
2025-04-23 14:28:00+00:00,24.7549991607666,24.760000228881836,24.7549991607666,24.760000228881836,431,23.34000015258789,625923.3333333334
2025-04-23 14:29:00+00:00,24.815000534057617,24.84000015258789,24.790000915527344,24.790000915527344,2347,23.34000015258789,625923.3333333334
2025-04-23 14:30:00+00:00,24.725000381469727,24.725000381469727,24.725000381469727,24.725000381469727,914,23.34000015258789,625923.3333333334
2025-04-23 14:31:00+00:00,24.78499984741211,24.78499984741211,24.78499984741211,24.78499984741211,200,23.34000015258789,625923.3333333334
2025-04-23 14:33:00+00:00,24.889999389648438,24.889999389648438,24.78499984741211,24.78499984741211,3376,23.34000015258789,625923.3333333334
2025-04-23 14:36:00+00:00,25.09000015258789,25.09000015258789,25.09000015258789,25.09000015258789,429,23.34000015258789,625923.3333333334
2025-04-23 14:37:00+00:00,25.1299991607666,25.1299991607666,25.09000015258789,25.09000015258789,1529,23.34000015258789,625923.3333333334
2025-04-23 14:39:00+00:00,25.024999618530273,25.079999923706055,25.024999618530273,25.079999923706055,2857,23.34000015258789,625923.3333333334
2025-04-23 14:40:00+00:00,25.079999923706055,25.079999923706055,25.06999969482422,25.06999969482422,1072,23.34000015258789,625923.3333333334
2025-04-23 14:41:00+00:00,24.969999313354492,25.059999465942383,24.969999313354492,25.059999465942383,4372,23.34000015258789,625923.3333333334
2025-04-23 14:42:00+00:00,24.96500015258789,24.979999542236328,24.96500015258789,24.979999542236328,1019,23.34000015258789,625923.3333333334
2025-04-23 14:43:00+00:00,24.969999313354492,25.0,24.969999313354492,25.0,1214,23.34000015258789,625923.3333333334
2025-04-23 14:44:00+00:00,24.889999389648438,24.950000762939453,24.860000610351562,24.950000762939453,2827,23.34000015258789,625923.3333333334
2025-04-23 14:46:00+00:00,24.790000915527344,24.790000915527344,24.790000915527344,24.790000915527344,396,23.34000015258789,625923.3333333334
2025-04-23 14:47:00+00:00,24.850000381469727,24.8799991607666,24.850000381469727,24.8700008392334,755,23.34000015258789,625923.3333333334
2025-04-23 14:48:00+00:00,24.81999969482422,24.81999969482422,24.81999969482422,24.81999969482422,472,23.34000015258789,625923.3333333334
2025-04-23 14:49:00+00:00,24.850000381469727,24.860000610351562,24.81999969482422,24.81999969482422,2136,23.34000015258789,625923.3333333334
2025-04-23 14:50:00+00:00,24.780000686645508,24.790000915527344,24.780000686645508,24.790000915527344,1120,23.34000015258789,625923.3333333334
2025-04-23 14:53:00+00:00,24.780000686645508,24.81999969482422,24.774999618530273,24.81999969482422,1588,23.34000015258789,625923.3333333334
2025-04-23 14:54:00+00:00,24.700000762939453,24.774999618530273,24.700000762939453,24.774999618530273,591,23.34000015258789,625923.3333333334
2025-04-23 14:55:00+00:00,24.850000381469727,24.850000381469727,24.65999984741211,24.700000762939453,11099,23.34000015258789,625923.3333333334
2025-04-23 14:56:00+00:00,24.774999618530273,24.799999237060547,24.774999618530273,24.795000076293945,892,23.34000015258789,625923.3333333334
2025-04-23 14:57:00+00:00,24.795000076293945,24.795000076293945,24.795000076293945,24.795000076293945,1246,23.34000015258789,625923.3333333334
2025-04-23 14:58:00+00:00,24.7549991607666,24.7549991607666,24.7549991607666,24.7549991607666,878,23.34000015258789,625923.3333333334
2025-04-23 14:59:00+00:00,24.809999465942383,24.81999969482422,24.809999465942383,24.809999465942383,1803,23.34000015258789,625923.3333333334
2025-04-23 15:00:00+00:00,24.700000762939453,24.780000686645508,24.700000762939453,24.780000686645508,2716,23.34000015258789,625923.3333333334
2025-04-23 15:01:00+00:00,24.850000381469727,24.850000381469727,24.760000228881836,24.760000228881836,3783,23.34000015258789,625923.3333333334
2025-04-23 15:03:00+00:00,24.770000457763672,24.770000457763672,24.770000457763672,24.770000457763672,293,23.34000015258789,625923.3333333334
2025-04-23 15:04:00+00:00,24.770000457763672,24.770000457763672,24.770000457763672,24.770000457763672,935,23.34000015258789,625923.3333333334
2025-04-23 15:06:00+00:00,24.850000381469727,24.850000381469727,24.850000381469727,24.850000381469727,1374,23.34000015258789,625923.3333333334
2025-04-23 15:08:00+00:00,24.790000915527344,24.790000915527344,24.790000915527344,24.790000915527344,1120,23.34000015258789,625923.3333333334
2025-04-23 15:13:00+00:00,24.709999084472656,24.709999084472656,24.709999084472656,24.709999084472656,638,23.34000015258789,625923.3333333334
2025-04-23 15:14:00+00:00,24.729999542236328,24.729999542236328,24.700000762939453,24.700000762939453,1825,23.34000015258789,625923.3333333334
2025-04-23 15:16:00+00:00,24.700000762939453,24.700000762939453,24.700000762939453,24.700000762939453,2154,23.34000015258789,625923.3333333334
2025-04-23 15:17:00+00:00,24.649999618530273,24.709999084472656,24.649999618530273,24.709999084472656,2376,23.34000015258789,625923.3333333334
2025-04-23 15:18:00+00:00,24.68000030517578,24.690000534057617,24.670000076293945,24.68000030517578,4977,23.34000015258789,625923.3333333334
2025-04-23 15:19:00+00:00,24.674999237060547,24.68000030517578,24.674999237060547,24.68000030517578,709,23.34000015258789,625923.3333333334
2025-04-23 15:20:00+00:00,24.655000686645508,24.65999984741211,24.655000686645508,24.65999984741211,690,23.34000015258789,625923.3333333334
2025-04-23 15:21:00+00:00,24.530000686645508,24.65999984741211,24.530000686645508,24.655000686645508,12525,23.34000015258789,625923.3333333334
2025-04-23 15:22:00+00:00,24.420000076293945,24.420000076293945,24.420000076293945,24.420000076293945,1589,23.34000015258789,625923.3333333334
2025-04-23 15:23:00+00:00,24.40999984741211,24.459999084472656,24.360000610351562,24.360000610351562,7631,23.34000015258789,625923.3333333334
2025-04-23 15:24:00+00:00,24.434999465942383,24.469999313354492,24.40999984741211,24.40999984741211,1462,23.34000015258789,625923.3333333334
2025-04-23 15:26:00+00:00,24.405000686645508,24.44499969482422,24.405000686645508,24.420000076293945,2233,23.34000015258789,625923.3333333334
2025-04-23 15:27:00+00:00,24.31999969482422,24.405000686645508,24.31999969482422,24.405000686645508,1736,23.34000015258789,625923.3333333334
2025-04-23 15:30:00+00:00,24.299999237060547,24.299999237060547,24.274999618530273,24.274999618530273,2854,23.34000015258789,625923.3333333334
2025-04-23 15:31:00+00:00,24.270000457763672,24.270000457763672,24.270000457763672,24.270000457763672,435,23.34000015258789,625923.3333333334
2025-04-23 15:32:00+00:00,24.19499969482422,24.219999313354492,24.190000534057617,24.219999313354492,2088,23.34000015258789,625923.3333333334
2025-04-23 15:34:00+00:00,24.229999542236328,24.229999542236328,24.190000534057617,24.190000534057617,1724,23.34000015258789,625923.3333333334
2025-04-23 15:35:00+00:00,24.269899368286133,24.269899368286133,24.269899368286133,24.269899368286133,304,23.34000015258789,625923.3333333334
2025-04-23 15:36:00+00:00,24.261699676513672,24.261699676513672,24.261699676513672,24.261699676513672,413,23.34000015258789,625923.3333333334
2025-04-23 15:39:00+00:00,24.270000457763672,24.270000457763672,24.225000381469727,24.225000381469727,2453,23.34000015258789,625923.3333333334
2025-04-23 15:40:00+00:00,24.264999389648438,24.264999389648438,24.264999389648438,24.264999389648438,328,23.34000015258789,625923.3333333334
2025-04-23 15:42:00+00:00,24.219999313354492,24.219999313354492,24.219999313354492,24.219999313354492,648,23.34000015258789,625923.3333333334
2025-04-23 15:43:00+00:00,24.155000686645508,24.170000076293945,24.155000686645508,24.170000076293945,1427,23.34000015258789,625923.3333333334
2025-04-23 15:46:00+00:00,24.010000228881836,24.010000228881836,24.010000228881836,24.010000228881836,1344,23.34000015258789,625923.3333333334
2025-04-23 15:47:00+00:00,24.09000015258789,24.09000015258789,24.030000686645508,24.030000686645508,2995,23.34000015258789,625923.3333333334
2025-04-23 15:48:00+00:00,24.079999923706055,24.079999923706055,24.079999923706055,24.079999923706055,782,23.34000015258789,625923.3333333334
2025-04-23 15:49:00+00:00,24.139999389648438,24.139999389648438,24.110000610351562,24.110000610351562,1810,23.34000015258789,625923.3333333334
2025-04-23 15:51:00+00:00,24.125,24.170000076293945,24.125,24.139999389648438,3320,23.34000015258789,625923.3333333334
2025-04-23 15:53:00+00:00,23.979999542236328,24.109899520874023,23.979999542236328,24.070999145507812,2543,23.34000015258789,625923.3333333334
2025-04-23 15:54:00+00:00,24.079999923706055,24.079999923706055,24.059999465942383,24.059999465942383,1609,23.34000015258789,625923.3333333334
2025-04-23 15:55:00+00:00,24.1200008392334,24.1200008392334,24.09000015258789,24.110000610351562,3268,23.34000015258789,625923.3333333334
2025-04-23 15:56:00+00:00,24.09000015258789,24.09000015258789,24.09000015258789,24.09000015258789,2912,23.34000015258789,625923.3333333334
2025-04-23 16:04:00+00:00,24.040000915527344,24.040000915527344,24.040000915527344,24.040000915527344,606,23.34000015258789,625923.3333333334
2025-04-23 16:06:00+00:00,23.985000610351562,24.010000228881836,23.985000610351562,24.010000228881836,1324,23.34000015258789,625923.3333333334
2025-04-23 16:07:00+00:00,23.950000762939453,23.950000762939453,23.950000762939453,23.950000762939453,2377,23.34000015258789,625923.3333333334
2025-04-23 16:11:00+00:00,23.959999084472656,23.959999084472656,23.959999084472656,23.959999084472656,1327,23.34000015258789,625923.3333333334
2025-04-23 16:19:00+00:00,23.81999969482422,23.81999969482422,23.81999969482422,23.81999969482422,733,23.34000015258789,625923.3333333334
2025-04-23 16:23:00+00:00,23.850000381469727,23.850000381469727,23.84000015258789,23.84000015258789,651,23.34000015258789,625923.3333333334
2025-04-23 16:25:00+00:00,23.850000381469727,23.850000381469727,23.850000381469727,23.850000381469727,540,23.34000015258789,625923.3333333334
2025-04-23 16:26:00+00:00,23.809999465942383,23.809999465942383,23.809999465942383,23.809999465942383,1735,23.34000015258789,625923.3333333334
2025-04-23 16:28:00+00:00,23.8799991607666,23.889999389648438,23.8799991607666,23.889999389648438,3048,23.34000015258789,625923.3333333334
2025-04-23 16:33:00+00:00,23.93000030517578,23.93000030517578,23.93000030517578,23.93000030517578,681,23.34000015258789,625923.3333333334
2025-04-23 16:35:00+00:00,23.950000762939453,23.950000762939453,23.950000762939453,23.950000762939453,258,23.34000015258789,625923.3333333334
2025-04-23 16:36:00+00:00,23.959999084472656,23.959999084472656,23.959999084472656,23.959999084472656,423,23.34000015258789,625923.3333333334
2025-04-23 16:37:00+00:00,23.959999084472656,23.979999542236328,23.959999084472656,23.979999542236328,1459,23.34000015258789,625923.3333333334
2025-04-23 16:40:00+00:00,23.90999984741211,23.950000762939453,23.90999984741211,23.950000762939453,2776,23.34000015258789,625923.3333333334
2025-04-23 16:45:00+00:00,23.920000076293945,23.920000076293945,23.920000076293945,23.920000076293945,2157,23.34000015258789,625923.3333333334
2025-04-23 16:48:00+00:00,23.8799991607666,23.8799991607666,23.8799991607666,23.8799991607666,1092,23.34000015258789,625923.3333333334
2025-04-23 16:49:00+00:00,23.829999923706055,23.829999923706055,23.829999923706055,23.829999923706055,1620,23.34000015258789,625923.3333333334
2025-04-23 16:54:00+00:00,24.0,24.030000686645508,23.940000534057617,23.940000534057617,6502,23.34000015258789,625923.3333333334
2025-04-23 16:55:00+00:00,24.049999237060547,24.049999237060547,24.0,24.0,2204,23.34000015258789,625923.3333333334
2025-04-23 16:56:00+00:00,24.030000686645508,24.030000686645508,24.030000686645508,24.030000686645508,1796,23.34000015258789,625923.3333333334
2025-04-23 17:00:00+00:00,24.06999969482422,24.06999969482422,23.88010025024414,24.06999969482422,5404,23.34000015258789,625923.3333333334
2025-04-23 17:02:00+00:00,24.209999084472656,24.260000228881836,24.200000762939453,24.209999084472656,7408,23.34000015258789,625923.3333333334
2025-04-23 17:03:00+00:00,24.270000457763672,24.270000457763672,24.270000457763672,24.270000457763672,623,23.34000015258789,625923.3333333334
2025-04-23 17:05:00+00:00,24.190000534057617,24.190000534057617,24.190000534057617,24.190000534057617,2352,23.34000015258789,625923.3333333334
2025-04-23 17:18:00+00:00,24.174999237060547,24.174999237060547,24.174999237060547,24.174999237060547,2984,23.34000015258789,625923.3333333334
2025-04-23 17:20:00+00:00,24.204999923706055,24.21500015258789,24.18000030517578,24.21500015258789,3971,23.34000015258789,625923.3333333334
2025-04-23 17:21:00+00:00,24.239999771118164,24.260000228881836,24.239999771118164,24.25,1353,23.34000015258789,625923.3333333334
2025-04-23 17:24:00+00:00,24.239999771118164,24.239999771118164,24.239999771118164,24.239999771118164,343,23.34000015258789,625923.3333333334
2025-04-23 17:25:00+00:00,24.239999771118164,24.260000228881836,24.239999771118164,24.239999771118164,973,23.34000015258789,625923.3333333334
2025-04-23 17:26:00+00:00,24.209999084472656,24.209999084472656,24.200000762939453,24.209999084472656,2487,23.34000015258789,625923.3333333334
2025-04-23 17:28:00+00:00,24.25,24.25,24.229999542236328,24.229999542236328,1295,23.34000015258789,625923.3333333334
2025-04-23 17:30:00+00:00,24.2450008392334,24.2450008392334,24.2450008392334,24.2450008392334,279,23.34000015258789,625923.3333333334
2025-04-23 17:31:00+00:00,24.200000762939453,24.200000762939453,24.200000762939453,24.200000762939453,767,23.34000015258789,625923.3333333334
2025-04-23 17:32:00+00:00,24.200000762939453,24.200000762939453,24.170000076293945,24.18000030517578,3599,23.34000015258789,625923.3333333334
2025-04-23 17:33:00+00:00,24.114999771118164,24.184999465942383,24.114999771118164,24.15999984741211,5715,23.34000015258789,625923.3333333334
2025-04-23 17:35:00+00:00,24.139999389648438,24.18000030517578,24.087499618530273,24.087499618530273,7425,23.34000015258789,625923.3333333334
2025-04-23 17:36:00+00:00,24.135000228881836,24.135000228881836,24.110000610351562,24.135000228881836,3187,23.34000015258789,625923.3333333334
2025-04-23 17:37:00+00:00,24.079999923706055,24.079999923706055,24.040000915527344,24.049999237060547,2254,23.34000015258789,625923.3333333334
2025-04-23 17:38:00+00:00,24.049999237060547,24.065000534057617,24.040000915527344,24.065000534057617,5175,23.34000015258789,625923.3333333334
2025-04-23 17:40:00+00:00,24.100000381469727,24.100000381469727,24.09000015258789,24.09000015258789,1739,23.34000015258789,625923.3333333334
2025-04-23 17:43:00+00:00,24.100000381469727,24.100000381469727,24.06999969482422,24.06999969482422,566,23.34000015258789,625923.3333333334
2025-04-23 17:44:00+00:00,24.110000610351562,24.110000610351562,24.100000381469727,24.110000610351562,2156,23.34000015258789,625923.3333333334
2025-04-23 17:45:00+00:00,23.979999542236328,24.06999969482422,23.969999313354492,24.06999969482422,2555,23.34000015258789,625923.3333333334
2025-04-23 17:47:00+00:00,23.860000610351562,23.920000076293945,23.860000610351562,23.920000076293945,478,23.34000015258789,625923.3333333334
2025-04-23 17:49:00+00:00,23.934999465942383,23.934999465942383,23.934999465942383,23.934999465942383,102,23.34000015258789,625923.3333333334
2025-04-23 17:50:00+00:00,23.860000610351562,23.860000610351562,23.860000610351562,23.860000610351562,596,23.34000015258789,625923.3333333334
2025-04-23 17:53:00+00:00,24.030000686645508,24.030000686645508,23.96500015258789,23.989999771118164,3523,23.34000015258789,625923.3333333334
2025-04-23 17:54:00+00:00,24.079999923706055,24.079999923706055,24.040000915527344,24.040000915527344,750,23.34000015258789,625923.3333333334
2025-04-23 17:55:00+00:00,24.075000762939453,24.075000762939453,24.075000762939453,24.075000762939453,957,23.34000015258789,625923.3333333334
2025-04-23 17:58:00+00:00,24.079999923706055,24.104999542236328,24.079999923706055,24.104999542236328,1323,23.34000015258789,625923.3333333334
2025-04-23 18:01:00+00:00,24.0,24.0,24.0,24.0,484,23.34000015258789,625923.3333333334
2025-04-23 18:03:00+00:00,24.0,24.0,24.0,24.0,1312,23.34000015258789,625923.3333333334
2025-04-23 18:05:00+00:00,24.045000076293945,24.06999969482422,24.020000457763672,24.049999237060547,5900,23.34000015258789,625923.3333333334
2025-04-23 18:06:00+00:00,24.030000686645508,24.030000686645508,24.030000686645508,24.030000686645508,1073,23.34000015258789,625923.3333333334
2025-04-23 18:07:00+00:00,24.030000686645508,24.030000686645508,24.030000686645508,24.030000686645508,1238,23.34000015258789,625923.3333333334
2025-04-23 18:12:00+00:00,23.989999771118164,24.030000686645508,23.989999771118164,24.030000686645508,1852,23.34000015258789,625923.3333333334
2025-04-23 18:13:00+00:00,24.040000915527344,24.040000915527344,24.020000457763672,24.020000457763672,3280,23.34000015258789,625923.3333333334
2025-04-23 18:14:00+00:00,23.959999084472656,23.979999542236328,23.959999084472656,23.979999542236328,822,23.34000015258789,625923.3333333334
2025-04-23 18:15:00+00:00,24.040000915527344,24.040000915527344,24.0,24.0,1892,23.34000015258789,625923.3333333334
2025-04-23 18:16:00+00:00,24.030000686645508,24.030000686645508,24.030000686645508,24.030000686645508,916,23.34000015258789,625923.3333333334
2025-04-23 18:19:00+00:00,23.940099716186523,24.0,23.940099716186523,24.0,2842,23.34000015258789,625923.3333333334
2025-04-23 18:21:00+00:00,23.975000381469727,23.975000381469727,23.975000381469727,23.975000381469727,163,23.34000015258789,625923.3333333334
2025-04-23 18:22:00+00:00,23.975000381469727,23.975000381469727,23.975000381469727,23.975000381469727,545,23.34000015258789,625923.3333333334
2025-04-23 18:23:00+00:00,23.959999084472656,23.959999084472656,23.93000030517578,23.940000534057617,2043,23.34000015258789,625923.3333333334
2025-04-23 18:24:00+00:00,23.989999771118164,23.989999771118164,23.989999771118164,23.989999771118164,1872,23.34000015258789,625923.3333333334
2025-04-23 18:29:00+00:00,23.895000457763672,23.940000534057617,23.895000457763672,23.940000534057617,951,23.34000015258789,625923.3333333334
2025-04-23 18:30:00+00:00,23.915000915527344,23.940000534057617,23.915000915527344,23.940000534057617,839,23.34000015258789,625923.3333333334
2025-04-23 18:31:00+00:00,23.959999084472656,23.959999084472656,23.959999084472656,23.959999084472656,683,23.34000015258789,625923.3333333334
2025-04-23 18:33:00+00:00,23.924999237060547,23.940000534057617,23.924999237060547,23.940000534057617,1276,23.34000015258789,625923.3333333334
2025-04-23 18:35:00+00:00,23.969999313354492,23.969999313354492,23.969999313354492,23.969999313354492,677,23.34000015258789,625923.3333333334
2025-04-23 18:37:00+00:00,23.969999313354492,23.969999313354492,23.969999313354492,23.969999313354492,371,23.34000015258789,625923.3333333334
2025-04-23 18:39:00+00:00,23.969999313354492,23.969999313354492,23.969999313354492,23.969999313354492,545,23.34000015258789,625923.3333333334
2025-04-23 18:40:00+00:00,23.940000534057617,23.940000534057617,23.940000534057617,23.940000534057617,947,23.34000015258789,625923.3333333334
2025-04-23 18:42:00+00:00,23.94499969482422,23.94499969482422,23.94499969482422,23.94499969482422,308,23.34000015258789,625923.3333333334
2025-04-23 18:43:00+00:00,23.889999389648438,23.889999389648438,23.889999389648438,23.889999389648438,214,23.34000015258789,625923.3333333334
2025-04-23 18:44:00+00:00,23.889999389648438,23.889999389648438,23.889999389648438,23.889999389648438,2751,23.34000015258789,625923.3333333334
2025-04-23 18:47:00+00:00,23.899999618530273,23.899999618530273,23.8700008392334,23.8799991607666,1046,23.34000015258789,625923.3333333334
2025-04-23 18:49:00+00:00,23.920000076293945,23.920000076293945,23.920000076293945,23.920000076293945,1331,23.34000015258789,625923.3333333334
2025-04-23 18:50:00+00:00,23.850000381469727,23.8799991607666,23.850000381469727,23.8799991607666,1279,23.34000015258789,625923.3333333334
2025-04-23 18:51:00+00:00,23.850000381469727,23.850000381469727,23.850000381469727,23.850000381469727,2008,23.34000015258789,625923.3333333334
2025-04-23 18:55:00+00:00,23.84000015258789,23.84000015258789,23.84000015258789,23.84000015258789,915,23.34000015258789,625923.3333333334
2025-04-23 18:56:00+00:00,23.860000610351562,23.860000610351562,23.860000610351562,23.860000610351562,906,23.34000015258789,625923.3333333334
2025-04-23 18:57:00+00:00,23.844999313354492,23.875,23.844999313354492,23.860000610351562,1208,23.34000015258789,625923.3333333334
2025-04-23 18:58:00+00:00,23.8799991607666,23.8799991607666,23.8799991607666,23.8799991607666,1185,23.34000015258789,625923.3333333334
2025-04-23 18:59:00+00:00,23.790000915527344,23.829999923706055,23.790000915527344,23.829999923706055,2096,23.34000015258789,625923.3333333334
2025-04-23 19:02:00+00:00,23.739999771118164,23.739999771118164,23.739999771118164,23.739999771118164,595,23.34000015258789,625923.3333333334
2025-04-23 19:05:00+00:00,23.799999237060547,23.809999465942383,23.799999237060547,23.809999465942383,1403,23.34000015258789,625923.3333333334
2025-04-23 19:08:00+00:00,23.860000610351562,23.860000610351562,23.764999389648438,23.79800033569336,4001,23.34000015258789,625923.3333333334
2025-04-23 19:09:00+00:00,23.799999237060547,23.809999465942383,23.799999237060547,23.809999465942383,1223,23.34000015258789,625923.3333333334
2025-04-23 19:11:00+00:00,23.780000686645508,23.780000686645508,23.780000686645508,23.780000686645508,554,23.34000015258789,625923.3333333334
2025-04-23 19:14:00+00:00,23.780000686645508,23.780000686645508,23.780000686645508,23.780000686645508,479,23.34000015258789,625923.3333333334
2025-04-23 19:15:00+00:00,23.739999771118164,23.739999771118164,23.739999771118164,23.739999771118164,3563,23.34000015258789,625923.3333333334
2025-04-23 19:22:00+00:00,23.743999481201172,23.743999481201172,23.739999771118164,23.739999771118164,1620,23.34000015258789,625923.3333333334
2025-04-23 19:23:00+00:00,23.714000701904297,23.739999771118164,23.714000701904297,23.739999771118164,3843,23.34000015258789,625923.3333333334
2025-04-23 19:26:00+00:00,23.714000701904297,23.719999313354492,23.714000701904297,23.719999313354492,2137,23.34000015258789,625923.3333333334
2025-04-23 19:28:00+00:00,23.729999542236328,23.75,23.729999542236328,23.75,1635,23.34000015258789,625923.3333333334
2025-04-23 19:30:00+00:00,23.729999542236328,23.739999771118164,23.700000762939453,23.700000762939453,3358,23.34000015258789,625923.3333333334
2025-04-23 19:32:00+00:00,23.719999313354492,23.719999313354492,23.719999313354492,23.719999313354492,881,23.34000015258789,625923.3333333334
2025-04-23 19:34:00+00:00,23.739999771118164,23.770000457763672,23.729999542236328,23.729999542236328,4707,23.34000015258789,625923.3333333334
2025-04-23 19:35:00+00:00,23.65999984741211,23.65999984741211,23.65999984741211,23.65999984741211,2339,23.34000015258789,625923.3333333334
2025-04-23 19:38:00+00:00,23.56999969482422,23.56999969482422,23.545000076293945,23.545000076293945,1679,23.34000015258789,625923.3333333334
2025-04-23 19:39:00+00:00,23.59000015258789,23.59000015258789,23.579999923706055,23.579999923706055,1237,23.34000015258789,625923.3333333334
2025-04-23 19:40:00+00:00,23.639999389648438,23.639999389648438,23.56999969482422,23.57200050354004,4725,23.34000015258789,625923.3333333334
2025-04-23 19:41:00+00:00,23.649999618530273,23.649999618530273,23.649999618530273,23.649999618530273,1118,23.34000015258789,625923.3333333334
2025-04-23 19:42:00+00:00,23.638999938964844,23.645000457763672,23.6200008392334,23.6299991607666,2617,23.34000015258789,625923.3333333334
2025-04-23 19:44:00+00:00,23.645000457763672,23.645000457763672,23.645000457763672,23.645000457763672,736,23.34000015258789,625923.3333333334
2025-04-23 19:45:00+00:00,23.719999313354492,23.719999313354492,23.670000076293945,23.670000076293945,3776,23.34000015258789,625923.3333333334
2025-04-23 19:46:00+00:00,23.700000762939453,23.700000762939453,23.700000762939453,23.700000762939453,2189,23.34000015258789,625923.3333333334
2025-04-23 19:48:00+00:00,23.704999923706055,23.704999923706055,23.704999923706055,23.704999923706055,1379,23.34000015258789,625923.3333333334
2025-04-23 19:49:00+00:00,23.704999923706055,23.704999923706055,23.704999923706055,23.704999923706055,337,23.34000015258789,625923.3333333334
2025-04-23 19:50:00+00:00,23.760000228881836,23.770000457763672,23.729999542236328,23.729999542236328,3106,23.34000015258789,625923.3333333334
2025-04-23 19:51:00+00:00,23.729999542236328,23.729999542236328,23.729999542236328,23.729999542236328,2532,23.34000015258789,625923.3333333334
2025-04-23 19:52:00+00:00,23.70199966430664,23.75,23.670000076293945,23.670000076293945,4540,23.34000015258789,625923.3333333334
2025-04-23 19:54:00+00:00,23.799999237060547,23.809999465942383,23.770000457763672,23.770000457763672,4345,23.34000015258789,625923.3333333334
2025-04-23 19:55:00+00:00,23.78499984741211,23.78499984741211,23.770000457763672,23.770000457763672,3640,23.34000015258789,625923.3333333334
2025-04-23 19:56:00+00:00,23.760000228881836,23.760000228881836,23.760000228881836,23.760000228881836,2766,23.34000015258789,625923.3333333334
2025-04-23 19:57:00+00:00,23.780000686645508,23.809999465942383,23.760000228881836,23.780000686645508,8888,23.34000015258789,625923.3333333334
2025-04-23 19:58:00+00:00,23.81999969482422,23.81999969482422,23.78499984741211,23.78499984741211,12227,23.34000015258789,625923.3333333334
2025-04-23 19:59:00+00:00,23.80500030517578,23.81999969482422,23.799999237060547,23.81999969482422,17162,23.34000015258789,625923.3333333334
